Age,Attrition,BusinessTravel,DailyRate,DailyRate_capped,DailyRate_z,Department,DistanceFromHome,Education,EducationField,EnvironmentSatisfaction,Gender,HourlyRate,HourlyRate_capped,HourlyRate_z,JobInvolvement,JobLevel,JobRole,JobSatisfaction,MaritalStatus,MonthlyIncome,MonthlyIncome_capped,MonthlyIncome_z,MonthlyIncome_isOutlier,MonthlyRate,MonthlyRate_capped,MonthlyRate_z,NumCompaniesWorked,NumCompaniesWorked_capped,NumCompaniesWorked_z,OverTime,PercentSalaryHike,PerformanceRating,RelationshipSatisfaction,StockOptionLevel,TotalWorkingYears,TotalWorkingYears_capped,TotalWorkingYears_z,TrainingTimesLastYear,WorkLifeBalance,SatisfactionIndex,YearsAtCompany,YearsAtCompany_capped,YearsAtCompany_z,TenureRatio,YearsInCurrentRole,YearsInCurrentRole_capped,YearsInCurrentRole_z,YearsSinceLastPromotion,YearsSinceLastPromotion_capped,YearsSinceLastPromotion_z,YearsWithCurrManager,YearsWithCurrManager_capped,YearsWithCurrManager_z
41,Yes,Travel_Rarely,1102,1102,0.7422739671679385,Sales,1,2,Life Sciences,2,Female,94,94,1.3826677524667244,3,2,Sales Executive,4,Single,5993,5993,-0.10831265366124095,0,19479,19479,0.725772953414645,8,8.0,2.124412965787362,Yes,11,3,1,0,8,8.0,-0.42149901822042835,0,1,2.0,6,6,-0.1645571086361877,0.75,4,4.0,-0.06327436663641088,0,0.0,-0.6789146428573514,5,5.0,0.2457503633577746
49,No,Travel_Frequently,279,279,-1.2973330732278399,Research & Development,8,1,Life Sciences,3,Male,61,61,-0.24059489675864865,2,2,Research Scientist,2,Married,5130,5130,-0.2916193490620745,0,24907,24907,1.4883696325462579,1,1.0,-0.6778187248056703,No,23,4,4,1,10,10.0,-0.16445543525676679,3,3,3.0,10,10,0.48834154121171225,1.0,7,7.0,0.7647373736526294,1,1.0,-0.3685898527395261,7,7.0,0.8062670961106719
37,Yes,Travel_Rarely,1373,1373,1.4138821177721377,Research & Development,2,2,Other,4,Male,92,92,1.284288197968217,2,1,Laboratory Technician,3,Single,2090,2090,-0.9373347071368532,0,2396,2396,-1.674271090359368,6,6.0,1.3237753399036383,Yes,15,3,2,0,7,7.0,-0.5500208097022591,3,3,3.0,0,0,-1.1439050834080375,0.0,0,0.0,-1.1672900203551313,0,0.0,-0.6789146428573514,0,0.0,-1.1555414685244687
33,No,Travel_Frequently,1392,1392,1.4609690360801812,Research & Development,3,4,Life Sciences,4,Female,56,56,-0.4865437830049173,3,1,Research Scientist,3,Married,2909,2909,-0.7633738919186809,0,23159,23159,1.2427876511309928,1,1.0,-0.6778187248056703,Yes,11,3,3,0,8,8.0,-0.42149901822042835,3,3,3.25,8,8,0.1618922162877623,1.0,7,7.0,0.7647373736526294,3,3.0,0.2520597274961243,0,0.0,-1.1555414685244687
27,No,Travel_Rarely,591,591,-0.5241163094325995,Research & Development,2,1,Medical,1,Male,40,40,-1.273580218992977,3,1,Laboratory Technician,2,Married,3468,3468,-0.6446387323253252,0,16632,16632,0.32578902830637274,9,8.5,2.324572372258293,No,12,3,4,1,6,6.0,-0.6785426011840899,3,3,2.5,2,2,-0.8174557584840876,0.3333333333333333,2,2.0,-0.6152821934957711,2,2.0,-0.058265062621700905,2,2.0,-0.5950247357715714
32,No,Travel_Frequently,1005,1005,0.5018828579110849,Research & Development,2,2,Life Sciences,4,Male,79,79,0.6448210937279185,3,1,Laboratory Technician,4,Single,3068,3068,-0.7296012794404276,0,11864,11864,-0.3440821887348082,0,0.0,-1.078137537747532,No,13,3,3,0,8,8.0,-0.42149901822042835,2,2,3.25,7,7,-0.0013324461742127045,0.875,7,7.0,0.7647373736526294,3,3.0,0.2520597274961243,6,6.0,0.5260087297342232
59,No,Travel_Rarely,1324,1324,1.292447433714552,Research & Development,3,3,Medical,3,Female,81,81,0.743200648226426,4,1,Laboratory Technician,1,Married,2670,2670,-0.8141390138199547,0,9964,9964,-0.6110191250557486,4,4.0,0.5231377140199149,Yes,20,4,1,3,12,12.0,0.09258814770689477,3,2,1.75,1,1,-0.9806804209460626,0.08333333333333333,0,0.0,-1.1672900203551313,0,0.0,-0.6789146428573514,0,0.0,-1.1555414685244687
30,No,Travel_Rarely,1358,1358,1.3767082348973665,Research & Development,24,1,Life Sciences,4,Male,67,67,0.05454376673687373,3,1,Laboratory Technician,3,Divorced,2693,2693,-0.8092536673608363,0,13335,13335,-0.1374168027726486,1,1.0,-0.6778187248056703,No,22,4,2,1,1,1.0,-1.3211515585932438,2,3,3.0,1,1,-0.9806804209460626,1.0,0,0.0,-1.1672900203551313,0,0.0,-0.6789146428573514,0,0.0,-1.1555414685244687
38,No,Travel_Frequently,216,216,-1.453463381301879,Research & Development,23,3,Life Sciences,4,Male,44,44,-1.0768211099959621,2,3,Manufacturing Director,3,Single,9526,9526,0.6421190437329015,0,8787,8787,-0.7763795324503522,0,0.0,-1.078137537747532,No,21,4,2,0,10,10.0,-0.16445543525676679,2,3,3.0,9,9,0.32511687874973727,0.9,7,7.0,0.7647373736526294,1,1.0,-0.3685898527395261,8,8.0,1.0865254624871206
36,No,Travel_Rarely,1299,1299,1.2304909622565998,Research & Development,27,3,Medical,3,Male,94,94,1.3826677524667244,3,2,Healthcare Representative,3,Married,5237,5237,-0.2688918677087846,0,16577,16577,0.3180619064655034,6,6.0,1.3237753399036383,No,13,3,2,2,17,17.0,0.7351971051160486,3,2,2.5,7,7,-0.0013324461742127045,0.4117647058823529,7,7.0,0.7647373736526294,7,7.0,1.493358887967425,7,7.0,0.8062670961106719
35,No,Travel_Rarely,809,809,0.016144121680741575,Research & Development,16,3,Medical,1,Male,84,84,0.8907699799741872,4,1,Laboratory Technician,2,Married,2426,2426,-0.8659661675601671,0,16479,16479,0.30429358027631803,0,0.0,-1.078137537747532,No,13,3,3,1,6,6.0,-0.6785426011840899,5,3,2.25,5,5,-0.32778177109816264,0.8333333333333334,4,4.0,-0.06327436663641088,0,0.0,-0.6789146428573514,3,3.0,-0.31476636939512276
29,No,Travel_Rarely,153,153,-1.6095936893759177,Research & Development,15,2,Life Sciences,4,Female,49,49,-0.8308722237496934,2,2,Laboratory Technician,3,Single,4193,4193,-0.490644115679202,0,12682,12682,-0.2291588129924244,0,0.0,-1.078137537747532,Yes,12,3,4,0,10,10.0,-0.16445543525676679,3,3,3.5,9,9,0.32511687874973727,0.9,5,5.0,0.21272954679326922,0,0.0,-0.6789146428573514,8,8.0,1.0865254624871206
31,No,Travel_Rarely,670,670,-0.3283338596254713,Research & Development,26,1,Life Sciences,1,Male,31,31,-1.7162882142362605,3,1,Research Scientist,3,Divorced,2911,2911,-0.7629490791831054,0,15170,15170,0.12038808046362806,1,1.0,-0.6778187248056703,No,17,3,4,1,5,5.0,-0.8070643926659207,1,2,2.5,5,5,-0.32778177109816264,1.0,2,2.0,-0.6152821934957711,4,4.0,0.5623845176139496,3,3.0,-0.31476636939512276
34,No,Travel_Rarely,1346,1346,1.3469691285975496,Research & Development,19,2,Medical,2,Male,93,93,1.3334779752174708,3,1,Laboratory Technician,4,Divorced,2661,2661,-0.8160506711300445,0,8758,8758,-0.780453833057356,0,0.0,-1.078137537747532,No,11,3,3,1,3,3.0,-1.0641079756295821,2,3,3.0,2,2,-0.8174557584840876,0.6666666666666666,2,2.0,-0.6152821934957711,1,1.0,-0.3685898527395261,2,2.0,-0.5950247357715714
28,Yes,Travel_Rarely,103,103,-1.7335066322918216,Research & Development,24,3,Life Sciences,3,Male,50,50,-0.7816824465004397,2,1,Laboratory Technician,3,Single,2028,2028,-0.950503901939694,0,12947,12947,-0.1919281350318722,5,5.0,0.9234565269617766,Yes,14,3,2,0,6,6.0,-0.6785426011840899,4,3,2.75,4,4,-0.4910064335601377,0.6666666666666666,2,2.0,-0.6152821934957711,0,0.0,-0.6789146428573514,3,3.0,-0.31476636939512276
29,No,Travel_Rarely,1389,1389,1.453534259505227,Research & Development,21,4,Life Sciences,2,Female,51,51,-0.732492669251186,4,3,Manufacturing Director,1,Divorced,9980,9980,0.7385515347085428,0,10195,10195,-0.5785652133240975,1,1.0,-0.6778187248056703,No,11,3,3,1,10,10.0,-0.16445543525676679,1,3,2.25,10,10,0.48834154121171225,1.0,9,9.0,1.3167452005119897,8,7.5,1.6485212830263376,8,8.0,1.0865254624871206
32,No,Travel_Rarely,334,334,-1.1610288360203456,Research & Development,5,2,Life Sciences,1,Male,80,80,0.6940108709771722,4,1,Research Scientist,2,Divorced,3298,3298,-0.6807478148492437,0,15053,15053,0.1039503849112333,0,0.0,-1.078137537747532,Yes,12,3,4,2,7,7.0,-0.5500208097022591,5,2,2.25,6,6,-0.1645571086361877,0.8571428571428571,2,2.0,-0.6152821934957711,0,0.0,-0.6789146428573514,5,5.0,0.2457503633577746
22,No,Non-Travel,1123,1123,0.7943174031926181,Research & Development,16,2,Medical,4,Male,96,96,1.481047306965232,4,1,Laboratory Technician,4,Divorced,2935,2935,-0.7578513263561992,0,7324,7324,-0.9819209734174763,1,1.0,-0.6778187248056703,Yes,13,3,2,2,1,1.0,-1.3211515585932438,2,2,3.0,1,1,-0.9806804209460626,1.0,0,0.0,-1.1672900203551313,0,0.0,-0.6789146428573514,0,0.0,-1.1555414685244687
53,No,Travel_Rarely,1219,1219,1.0322302535911536,Sales,2,4,Life Sciences,1,Female,78,78,0.5956313164786647,2,4,Manager,4,Married,15427,15427,1.8955290200484505,0,22021,22021,1.0829064755871873,2,2.0,-0.27749991186380857,No,16,3,3,0,31,28.5,2.2131977071571027,3,3,2.75,25,18,1.794138840907512,0.8064516129032258,8,8.0,1.0407412870823096,3,3.0,0.2520597274961243,7,7.0,0.8062670961106719
38,No,Travel_Rarely,371,371,-1.0693332582625767,Research & Development,2,3,Life Sciences,4,Male,45,45,-1.0276313327467084,3,1,Research Scientist,4,Single,3944,3944,-0.5435333012583533,0,4306,4306,-1.4059292227946332,5,5.0,0.9234565269617766,Yes,11,3,3,0,6,6.0,-0.6785426011840899,3,3,3.5,3,3,-0.6542310960221126,0.5,2,2.0,-0.6152821934957711,1,1.0,-0.3685898527395261,2,2.0,-0.5950247357715714
24,No,Non-Travel,673,673,-0.32089908305051706,Research & Development,11,2,Other,1,Female,96,96,1.481047306965232,4,2,Manufacturing Director,3,Divorced,4011,4011,-0.5293020746165736,0,8232,8232,-0.8543532164809428,0,0.0,-1.078137537747532,No,18,3,4,1,5,5.0,-0.8070643926659207,5,2,2.5,4,4,-0.4910064335601377,0.8,2,2.0,-0.6152821934957711,1,1.0,-0.3685898527395261,3,3.0,-0.31476636939512276
36,Yes,Travel_Rarely,1218,1218,1.0297519947328355,Sales,9,4,Life Sciences,3,Male,82,82,0.7923904254756797,2,1,Sales Representative,1,Single,3407,3407,-0.6575955207603783,0,6986,6986,-1.0294076494577278,7,7.0,1.7240941528455003,No,23,4,2,0,10,10.0,-0.16445543525676679,4,3,2.25,5,5,-0.32778177109816264,0.5,3,3.0,-0.339278280066091,0,0.0,-0.6789146428573514,3,3.0,-0.31476636939512276
34,No,Travel_Rarely,419,419,-0.9503768330633089,Research & Development,7,4,Life Sciences,1,Female,53,53,-0.6341131147526785,3,3,Research Director,2,Single,11994,11994,1.1663379594330838,0,21293,21293,0.9806274810389534,0,0.0,-1.078137537747532,No,11,3,3,0,13,13.0,0.22110993918872554,4,3,2.25,12,12,0.8147908661356622,0.9230769230769231,6,6.0,0.48873346022294933,2,2.0,-0.058265062621700905,11,11.0,1.9273005616164665
21,No,Travel_Rarely,391,391,-1.019768081096215,Research & Development,15,2,Life Sciences,3,Male,96,96,1.481047306965232,3,1,Research Scientist,4,Single,1232,1232,-1.119579370698748,0,19281,19281,0.6979553147875154,1,1.0,-0.6778187248056703,No,14,3,4,0,0,0.0,-1.4496733500750745,6,3,3.5,0,0,-1.1439050834080375,0.0,0,0.0,-1.1672900203551313,0,0.0,-0.6789146428573514,0,0.0,-1.1555414685244687
34,Yes,Travel_Rarely,699,699,-0.256464352734247,Research & Development,6,1,Medical,2,Male,83,83,0.8415802027249334,3,1,Research Scientist,1,Single,2960,2960,-0.7525411671615053,0,17102,17102,0.3918207967647106,2,2.0,-0.27749991186380857,No,11,3,3,0,8,8.0,-0.42149901822042835,2,3,2.25,4,4,-0.4910064335601377,0.5,2,2.0,-0.6152821934957711,1,1.0,-0.3685898527395261,3,3.0,-0.31476636939512276
53,No,Travel_Rarely,1282,1282,1.1883605616651927,Research & Development,5,3,Other,3,Female,58,58,-0.38816422850640986,3,5,Manager,3,Divorced,19094,16581,2.140645968475521,1,10735,10735,-0.5026989261591986,4,4.0,0.5231377140199149,No,11,3,4,1,26,26.0,1.8918932284525256,3,2,3.0,14,14,1.1412401910596122,0.5384615384615384,13,13.0,2.42076085423071,4,4.0,0.5623845176139496,8,8.0,1.0865254624871206
32,Yes,Travel_Frequently,1125,1125,0.7992739209092543,Research & Development,16,1,Life Sciences,2,Female,72,72,0.30049265298314237,1,1,Research Scientist,1,Single,3919,3919,-0.5488434604530472,0,4681,4681,-1.3532443011523423,1,1.0,-0.6778187248056703,Yes,22,4,2,0,10,10.0,-0.16445543525676679,5,3,2.0,10,10,0.48834154121171225,1.0,2,2.0,-0.6152821934957711,6,6.0,1.1830340978496,7,7.0,0.8062670961106719
42,No,Travel_Rarely,691,691,-0.27629042360079165,Sales,8,4,Marketing,3,Male,48,48,-0.8800620009989472,3,2,Sales Executive,2,Married,6825,6825,0.06840944433817217,0,21173,21173,0.9637683061134202,0,0.0,-1.078137537747532,No,11,3,4,1,10,10.0,-0.16445543525676679,2,3,3.0,9,9,0.32511687874973727,0.9,7,7.0,0.7647373736526294,4,4.0,0.5623845176139496,2,2.0,-0.5950247357715714
44,No,Travel_Rarely,477,477,-0.8066378192808604,Research & Development,7,4,Medical,1,Female,42,42,-1.1752006644944695,2,3,Healthcare Representative,4,Married,10248,10248,0.7954764412756615,0,2094,2094,-1.7167000139219597,3,3.0,0.12281890107805317,No,14,3,4,1,24,24.0,1.6348496454888641,4,3,3.0,22,18,1.794138840907512,0.9166666666666666,6,6.0,0.48873346022294933,5,5.0,0.8727093077317748,17,14.5,2.908204843934037
46,No,Travel_Rarely,705,705,-0.24159479958433855,Sales,2,4,Marketing,2,Female,83,83,0.8415802027249334,3,5,Manager,1,Single,18947,16581,2.140645968475521,1,22822,22822,1.1954414682151207,3,3.0,0.12281890107805317,No,12,3,4,0,22,22.0,1.3778060625252024,2,2,2.25,2,2,-0.8174557584840876,0.09090909090909091,2,2.0,-0.6152821934957711,2,2.0,-0.058265062621700905,1,1.0,-0.8752831021480201
33,No,Travel_Rarely,924,924,0.3011438903873206,Research & Development,2,3,Medical,3,Male,78,78,0.5956313164786647,3,1,Laboratory Technician,4,Single,2496,2496,-0.8510977218150242,0,6670,6670,-1.0738034767616316,4,4.0,0.5231377140199149,No,11,3,4,0,7,7.0,-0.5500208097022591,3,3,3.5,1,1,-0.9806804209460626,0.14285714285714285,1,1.0,-0.8912861069254512,0,0.0,-0.6789146428573514,0,0.0,-1.1555414685244687
44,No,Travel_Rarely,1459,1459,1.6270123795874925,Research & Development,10,4,Other,4,Male,41,41,-1.2243904417437232,3,2,Healthcare Representative,4,Married,6465,6465,-0.008056848065420038,0,19121,19121,0.6754764148868047,2,2.0,-0.27749991186380857,Yes,13,3,4,0,9,9.0,-0.29297722673859755,5,4,4.0,4,4,-0.4910064335601377,0.4444444444444444,2,2.0,-0.6152821934957711,1,1.0,-0.3685898527395261,3,3.0,-0.31476636939512276
30,No,Travel_Rarely,125,125,-1.678984937408824,Research & Development,9,2,Medical,4,Male,83,83,0.8415802027249334,2,1,Laboratory Technician,3,Single,2206,2206,-0.9126955684734734,0,16117,16117,0.25343506925095993,1,1.0,-0.6778187248056703,No,13,3,1,0,10,10.0,-0.16445543525676679,5,3,2.75,10,10,0.48834154121171225,1.0,0,0.0,-1.1672900203551313,1,1.0,-0.3685898527395261,8,8.0,1.0865254624871206
39,Yes,Travel_Rarely,895,895,0.2292743834960963,Sales,5,3,Technical Degree,4,Male,56,56,-0.4865437830049173,3,2,Sales Representative,4,Married,2086,2086,-0.9381843326080043,0,3335,3335,-1.5423480465670718,3,3.0,0.12281890107805317,No,14,3,3,1,19,19.0,0.9922406880797102,6,4,3.75,1,1,-0.9806804209460626,0.05263157894736842,0,0.0,-1.1672900203551313,0,0.0,-0.6789146428573514,0,0.0,-1.1555414685244687
24,Yes,Travel_Rarely,813,813,0.02605715711401389,Research & Development,1,3,Medical,2,Male,61,61,-0.24059489675864865,3,1,Research Scientist,4,Married,2293,2293,-0.8942162144759387,0,3020,3020,-1.586603380746596,2,2.0,-0.27749991186380857,Yes,16,3,1,1,6,6.0,-0.6785426011840899,2,2,2.25,2,2,-0.8174557584840876,0.3333333333333333,0,0.0,-1.1672900203551313,2,2.0,-0.058265062621700905,0,0.0,-1.1555414685244687
43,No,Travel_Rarely,1273,1273,1.1660562319403298,Research & Development,2,2,Medical,4,Female,72,72,0.30049265298314237,4,1,Research Scientist,3,Divorced,2645,2645,-0.8194491730146486,0,21923,21923,1.069138149398002,1,1.0,-0.6778187248056703,No,12,3,4,2,6,6.0,-0.6785426011840899,3,2,3.25,5,5,-0.32778177109816264,0.8333333333333334,3,3.0,-0.339278280066091,1,1.0,-0.3685898527395261,4,4.0,-0.03450800301867408
50,Yes,Travel_Rarely,869,869,0.16483965317982627,Sales,3,2,Marketing,1,Male,86,86,0.9891495344726946,2,1,Sales Representative,3,Married,2683,2683,-0.8113777310387138,0,3810,3810,-1.4756138124868365,1,1.0,-0.6778187248056703,Yes,14,3,3,0,3,3.0,-1.0641079756295821,2,3,2.5,3,3,-0.6542310960221126,1.0,2,2.0,-0.6152821934957711,0,0.0,-0.6789146428573514,2,2.0,-0.5950247357715714
35,No,Travel_Rarely,890,890,0.2168830892045059,Sales,2,3,Marketing,4,Female,97,97,1.5302370842144857,3,1,Sales Representative,4,Married,2014,2014,-0.9534775910887227,0,9687,9687,-0.6499357205088542,1,1.0,-0.6778187248056703,No,13,3,1,0,2,2.0,-1.192629767111413,3,3,3.0,2,2,-0.8174557584840876,1.0,2,2.0,-0.6152821934957711,2,2.0,-0.058265062621700905,2,2.0,-0.5950247357715714
36,No,Travel_Rarely,852,852,0.12270925258841894,Research & Development,5,4,Life Sciences,2,Female,82,82,0.7923904254756797,2,1,Research Scientist,1,Married,3419,3419,-0.6550466443469253,0,13072,13072,-0.17436649448444191,9,8.5,2.324572372258293,Yes,14,3,4,1,6,6.0,-0.6785426011840899,3,4,2.75,1,1,-0.9806804209460626,0.16666666666666666,1,1.0,-0.8912861069254512,0,0.0,-0.6789146428573514,0,0.0,-1.1555414685244687
33,No,Travel_Frequently,1141,1141,0.8389260626423436,Sales,1,3,Life Sciences,3,Female,42,42,-1.1752006644944695,4,2,Sales Executive,1,Married,5376,5376,-0.23936738258628648,0,3193,3193,-1.5622980702289526,2,2.0,-0.27749991186380857,No,19,3,1,2,10,10.0,-0.16445543525676679,3,3,2.0,5,5,-0.32778177109816264,0.5,3,3.0,-0.339278280066091,1,1.0,-0.3685898527395261,3,3.0,-0.31476636939512276
35,No,Travel_Rarely,464,464,-0.8388551844389954,Research & Development,4,2,Other,3,Male,75,75,0.4480619847309036,3,1,Laboratory Technician,4,Divorced,1951,1951,-0.9668591922593514,0,10910,10910,-0.4781126293927962,1,1.0,-0.6778187248056703,No,12,3,3,1,1,1.0,-1.3211515585932438,3,3,3.25,1,1,-0.9806804209460626,1.0,0,0.0,-1.1672900203551313,0,0.0,-0.6789146428573514,0,0.0,-1.1555414685244687
27,No,Travel_Rarely,1240,1240,1.0842736896158334,Research & Development,2,4,Life Sciences,4,Female,33,33,-1.617908659737753,3,1,Laboratory Technician,1,Divorced,2341,2341,-0.8840207088221264,0,19715,19715,0.7589293307681934,1,1.0,-0.6778187248056703,No,13,3,4,1,1,1.0,-1.3211515585932438,6,3,3.0,1,1,-0.9806804209460626,1.0,0,0.0,-1.1672900203551313,0,0.0,-0.6789146428573514,0,0.0,-1.1555414685244687
26,Yes,Travel_Rarely,1357,1357,1.3742299760390484,Research & Development,25,3,Life Sciences,1,Male,48,48,-0.8800620009989472,1,1,Laboratory Technician,3,Single,2293,2293,-0.8942162144759387,0,10558,10558,-0.5275662091743599,1,1.0,-0.6778187248056703,No,12,3,3,0,1,1.0,-1.3211515585932438,2,2,2.25,1,1,-0.9806804209460626,1.0,0,0.0,-1.1672900203551313,0,0.0,-0.6789146428573514,1,1.0,-0.8752831021480201
27,No,Travel_Frequently,994,994,0.474622010469586,Sales,8,3,Life Sciences,4,Male,37,37,-1.4211495507407381,3,3,Sales Executive,3,Single,8726,8726,0.4721939495026966,0,2975,2975,-1.592925571343671,1,1.0,-0.6778187248056703,No,15,3,4,0,9,9.0,-0.29297722673859755,0,3,3.5,9,9,0.32511687874973727,1.0,8,8.0,1.0407412870823096,1,1.0,-0.3685898527395261,7,7.0,0.8062670961106719
30,No,Travel_Frequently,721,721,-0.20194265785124932,Research & Development,1,2,Medical,3,Female,58,58,-0.38816422850640986,3,2,Laboratory Technician,4,Single,4011,4011,-0.5293020746165736,0,10781,10781,-0.4962362424377442,1,1.0,-0.6778187248056703,No,23,4,4,0,12,12.0,0.09258814770689477,2,3,3.5,12,12,0.8147908661356622,1.0,8,8.0,1.0407412870823096,3,3.0,0.2520597274961243,7,7.0,0.8062670961106719
41,Yes,Travel_Rarely,1360,1360,1.3816647526140027,Research & Development,12,3,Technical Degree,2,Female,49,49,-0.8308722237496934,3,5,Research Director,3,Married,19545,16581,2.140645968475521,1,16280,16280,0.276335448524809,1,1.0,-0.6778187248056703,No,12,3,4,0,23,23.0,1.5063278540070333,0,3,3.0,22,18,1.794138840907512,0.9565217391304348,15,14.5,2.8347667243752306,15,7.5,1.6485212830263376,8,8.0,1.0865254624871206
34,No,Non-Travel,1065,1065,0.6505783894101695,Sales,23,4,Marketing,2,Male,72,72,0.30049265298314237,3,2,Sales Executive,3,Single,4568,4568,-0.41099172775879345,0,10034,10034,-0.6011846063491877,0,0.0,-1.078137537747532,No,20,4,3,0,10,10.0,-0.16445543525676679,2,3,2.75,9,9,0.32511687874973727,0.9,5,5.0,0.21272954679326922,8,7.5,1.6485212830263376,7,7.0,0.8062670961106719
37,No,Travel_Rarely,408,408,-0.9776376805048078,Research & Development,19,2,Life Sciences,2,Male,73,73,0.3496824302323961,3,1,Research Scientist,2,Married,3022,3022,-0.7393719723586645,0,10227,10227,-0.5740694333439553,4,4.0,0.5231377140199149,No,21,4,1,0,8,8.0,-0.42149901822042835,1,3,2.0,1,1,-0.9806804209460626,0.125,0,0.0,-1.1672900203551313,0,0.0,-0.6789146428573514,0,0.0,-1.1555414685244687
46,No,Travel_Frequently,1211,1211,1.012404182724609,Sales,5,4,Marketing,1,Male,98,98,1.5794268614637395,3,2,Sales Executive,4,Single,5772,5772,-0.15525446094233505,0,20445,20445,0.8614893115651863,4,4.0,0.5231377140199149,Yes,21,4,3,0,14,14.0,0.3496317306705563,4,3,2.75,9,9,0.32511687874973727,0.6428571428571429,6,6.0,0.48873346022294933,0,0.0,-0.6789146428573514,8,8.0,1.0865254624871206
35,No,Travel_Rarely,1229,1229,1.0570128421743343,Research & Development,8,1,Life Sciences,4,Male,36,36,-1.470339327989992,4,1,Laboratory Technician,4,Married,2269,2269,-0.8993139673028449,0,4892,4892,-1.3236002519082801,1,1.0,-0.6778187248056703,No,19,3,4,0,1,1.0,-1.3211515585932438,2,3,3.75,1,1,-0.9806804209460626,1.0,0,0.0,-1.1672900203551313,0,0.0,-0.6789146428573514,1,1.0,-0.8752831021480201
48,Yes,Travel_Rarely,626,626,-0.4373772493914667,Research & Development,1,2,Life Sciences,1,Male,98,98,1.5794268614637395,2,3,Laboratory Technician,3,Single,5381,5381,-0.2383053507473477,0,19294,19294,0.6997817254044482,9,8.5,2.324572372258293,Yes,13,3,4,0,23,23.0,1.5063278540070333,2,3,2.75,1,1,-0.9806804209460626,0.043478260869565216,0,0.0,-1.1672900203551313,0,0.0,-0.6789146428573514,0,0.0,-1.1555414685244687
28,Yes,Travel_Rarely,1434,1434,1.5650559081295405,Research & Development,5,4,Technical Degree,3,Male,50,50,-0.7816824465004397,3,1,Laboratory Technician,3,Single,3441,3441,-0.6503737042555946,0,11179,11179,-0.4403199789347262,1,1.0,-0.6778187248056703,Yes,13,3,3,0,2,2.0,-1.192629767111413,3,2,2.75,2,2,-0.8174557584840876,1.0,2,2.0,-0.6152821934957711,2,2.0,-0.058265062621700905,2,2.0,-0.5950247357715714
44,No,Travel_Rarely,1488,1488,1.6988818864787167,Sales,1,5,Marketing,2,Female,75,75,0.4480619847309036,3,2,Sales Executive,1,Divorced,5454,5454,-0.2227996858988415,0,4009,4009,-1.4476556807353276,5,5.0,0.9234565269617766,Yes,21,4,3,1,9,9.0,-0.29297722673859755,2,2,2.0,4,4,-0.4910064335601377,0.4444444444444444,3,3.0,-0.339278280066091,1,1.0,-0.3685898527395261,3,3.0,-0.31476636939512276
35,No,Non-Travel,1097,1097,0.7298826728763481,Research & Development,11,2,Medical,3,Male,79,79,0.6448210937279185,2,3,Healthcare Representative,1,Married,9884,9884,0.7181605234009183,0,8302,8302,-0.8445186977743817,2,2.0,-0.27749991186380857,Yes,13,3,3,1,10,10.0,-0.16445543525676679,3,3,2.5,4,4,-0.4910064335601377,0.4,0,0.0,-1.1672900203551313,2,2.0,-0.058265062621700905,3,3.0,-0.31476636939512276
26,No,Travel_Rarely,1443,1443,1.5873602378544032,Sales,23,3,Marketing,3,Female,47,47,-0.9292517782482008,2,2,Sales Executive,4,Married,4157,4157,-0.4982907449195612,0,21436,21436,1.0007179978252136,7,7.0,1.7240941528455003,Yes,19,3,3,1,5,5.0,-0.8070643926659207,2,2,3.0,2,2,-0.8174557584840876,0.4,2,2.0,-0.6152821934957711,0,0.0,-0.6789146428573514,0,0.0,-1.1555414685244687
33,No,Travel_Frequently,515,515,-0.7124639826647734,Research & Development,1,2,Life Sciences,1,Female,98,98,1.5794268614637395,3,3,Research Director,4,Single,13458,13458,1.4773008818743587,0,15146,15146,0.11701624547852145,1,1.0,-0.6778187248056703,Yes,12,3,3,0,15,15.0,0.4781535221523871,1,3,2.75,15,15,1.3044648535215873,1.0,14,14.0,2.6967647676603903,8,7.5,1.6485212830263376,12,12.0,2.207558927992915
35,No,Travel_Frequently,853,853,0.125187511446737,Sales,18,5,Life Sciences,2,Male,71,71,0.25130287573388865,3,3,Sales Executive,1,Married,9069,9069,0.545049333653897,0,11031,11031,-0.46111296134288365,1,1.0,-0.6778187248056703,No,22,4,4,1,9,9.0,-0.29297722673859755,3,2,2.25,9,9,0.32511687874973727,1.0,8,8.0,1.0407412870823096,1,1.0,-0.3685898527395261,8,8.0,1.0865254624871206
35,No,Travel_Rarely,1142,1142,0.8414043215006616,Research & Development,23,4,Medical,3,Female,30,30,-1.7654779914855143,3,1,Laboratory Technician,1,Married,4014,4014,-0.5286648555132104,0,16002,16002,0.23727835994732407,3,3.0,0.12281890107805317,Yes,15,3,3,1,4,4.0,-0.9355861841477514,3,3,2.5,2,2,-0.8174557584840876,0.5,2,2.0,-0.6152821934957711,2,2.0,-0.058265062621700905,2,2.0,-0.5950247357715714
31,No,Travel_Rarely,655,655,-0.3655077425002425,Research & Development,7,4,Life Sciences,4,Male,48,48,-0.8800620009989472,3,2,Laboratory Technician,4,Divorced,5915,5915,-0.12488035034868591,0,9528,9528,-0.6722741272851854,3,3.0,0.12281890107805317,No,22,4,4,1,10,10.0,-0.16445543525676679,3,2,3.5,7,7,-0.0013324461742127045,0.7,7,7.0,0.7647373736526294,1,1.0,-0.3685898527395261,7,7.0,0.8062670961106719
37,No,Travel_Rarely,1115,1115,0.7744913323260735,Research & Development,1,4,Life Sciences,1,Male,51,51,-0.732492669251186,2,2,Manufacturing Director,3,Divorced,5993,5993,-0.10831265366124095,0,2689,2689,-1.6331066049161915,1,1.0,-0.6778187248056703,No,18,3,3,1,7,7.0,-0.5500208097022591,2,4,2.75,7,7,-0.0013324461742127045,1.0,5,5.0,0.21272954679326922,0,0.0,-0.6789146428573514,7,7.0,0.8062670961106719
32,No,Travel_Rarely,427,427,-0.9305507621967642,Research & Development,1,3,Medical,1,Male,33,33,-1.617908659737753,3,2,Manufacturing Director,4,Married,6162,6162,-0.07241597750511015,0,10877,10877,-0.4827489024973178,1,1.0,-0.6778187248056703,Yes,22,4,2,1,9,9.0,-0.29297722673859755,3,3,2.5,9,9,0.32511687874973727,1.0,8,8.0,1.0407412870823096,7,7.0,1.493358887967425,8,8.0,1.0865254624871206
38,No,Travel_Frequently,653,653,-0.3704642602168786,Research & Development,29,5,Life Sciences,4,Female,50,50,-0.7816824465004397,3,2,Laboratory Technician,4,Single,2406,2406,-0.8702142949159223,0,5456,5456,-1.2443621297582745,1,1.0,-0.6778187248056703,No,11,3,4,0,10,10.0,-0.16445543525676679,2,3,3.75,10,10,0.48834154121171225,1.0,3,3.0,-0.339278280066091,9,7.5,1.6485212830263376,9,9.0,1.3667838288635692
50,No,Travel_Rarely,989,989,0.46223071617799566,Research & Development,7,2,Medical,2,Female,43,43,-1.1260108872452157,2,5,Research Director,3,Divorced,18740,16581,2.140645968475521,1,16701,16701,0.33548305388855426,5,5.0,0.9234565269617766,Yes,12,3,4,1,29,28.5,2.2131977071571027,2,2,2.75,27,18,1.794138840907512,0.9310344827586207,3,3.0,-0.339278280066091,13,7.5,1.6485212830263376,8,8.0,1.0865254624871206
59,No,Travel_Rarely,1435,1435,1.5675341669878586,Sales,25,3,Life Sciences,1,Female,99,99,1.628616638712993,3,3,Sales Executive,1,Single,7637,7637,0.24088341498183016,0,2354,2354,-1.6801718015833047,7,7.0,1.7240941528455003,No,11,3,4,0,28,28.0,2.1489368114161875,3,2,2.0,21,18,1.794138840907512,0.75,16,14.5,2.8347667243752306,7,7.0,1.493358887967425,9,9.0,1.3667838288635692
36,No,Travel_Rarely,1223,1223,1.042143289024426,Research & Development,8,3,Technical Degree,3,Female,59,59,-0.3389744512571561,3,3,Healthcare Representative,3,Divorced,10096,10096,0.7631906733719226,0,8202,8202,-0.858568010212326,1,1.0,-0.6778187248056703,No,13,3,2,3,17,17.0,0.7351971051160486,2,3,2.75,17,17,1.6309141784455372,1.0,14,14.0,2.6967647676603903,12,7.5,1.6485212830263376,8,8.0,1.0865254624871206
55,No,Travel_Rarely,836,836,0.08305711085532969,Research & Development,8,3,Medical,4,Female,33,33,-1.617908659737753,3,4,Manager,3,Divorced,14756,14756,1.753004347262866,0,19730,19730,0.761036727633885,2,2.0,-0.27749991186380857,Yes,14,3,3,3,21,21.0,1.2492842710433718,2,3,3.25,5,5,-0.32778177109816264,0.23809523809523808,0,0.0,-1.1672900203551313,0,0.0,-0.6789146428573514,2,2.0,-0.5950247357715714
36,No,Travel_Frequently,1195,1195,0.9727520409915198,Research & Development,11,3,Life Sciences,2,Male,95,95,1.4318575297159781,2,2,Manufacturing Director,2,Single,6499,6499,-8.350315606363283E-4,0,22656,22656,1.1721196095681332,1,1.0,-0.6778187248056703,No,13,3,3,0,6,6.0,-0.6785426011840899,3,3,2.5,6,6,-0.1645571086361877,1.0,5,5.0,0.21272954679326922,0,0.0,-0.6789146428573514,3,3.0,-0.31476636939512276
45,No,Travel_Rarely,1339,1339,1.329621316589323,Research & Development,7,3,Life Sciences,2,Male,59,59,-0.3389744512571561,3,3,Research Scientist,1,Divorced,9724,9724,0.6841755045548773,0,18787,18787,0.628551711344071,2,2.0,-0.27749991186380857,No,17,3,3,1,25,25.0,1.7633714369706948,2,3,2.25,1,1,-0.9806804209460626,0.04,0,0.0,-1.1672900203551313,0,0.0,-0.6789146428573514,0,0.0,-1.1555414685244687
35,No,Travel_Frequently,664,664,-0.34320341277537975,Research & Development,1,3,Medical,2,Male,79,79,0.6448210937279185,3,1,Research Scientist,1,Married,2194,2194,-0.9152444448869266,0,5868,5868,-1.1864789625139442,4,4.0,0.5231377140199149,No,13,3,4,1,5,5.0,-0.8070643926659207,2,2,2.25,3,3,-0.6542310960221126,0.6,2,2.0,-0.6152821934957711,1,1.0,-0.3685898527395261,2,2.0,-0.5950247357715714
36,Yes,Travel_Rarely,318,318,-1.2006809777534349,Research & Development,9,3,Medical,4,Male,79,79,0.6448210937279185,2,1,Research Scientist,3,Married,3388,3388,-0.6616312417483458,0,21777,21777,1.0486261532386034,0,0.0,-1.078137537747532,Yes,17,3,1,1,2,2.0,-1.192629767111413,0,2,2.5,1,1,-0.9806804209460626,0.5,0,0.0,-1.1672900203551313,0,0.0,-0.6789146428573514,0,0.0,-1.1555414685244687
59,No,Travel_Frequently,1225,1225,1.0470998067410622,Sales,1,1,Life Sciences,1,Female,57,57,-0.4373540057556636,2,2,Sales Executive,3,Single,5473,5473,-0.21876396491087413,0,24668,24668,1.4547917758195712,7,7.0,1.7240941528455003,No,11,3,4,0,20,20.0,1.120762479561541,2,2,2.5,4,4,-0.4910064335601377,0.2,3,3.0,-0.339278280066091,1,1.0,-0.3685898527395261,3,3.0,-0.31476636939512276
29,No,Travel_Rarely,1328,1328,1.302360469147824,Research & Development,2,3,Life Sciences,3,Male,76,76,0.4972517619801573,3,1,Research Scientist,2,Married,2703,2703,-0.8071296036829587,0,4956,4956,-1.3146086919479958,0,0.0,-1.078137537747532,No,23,4,4,1,6,6.0,-0.6785426011840899,3,3,3.0,5,5,-0.32778177109816264,0.8333333333333334,4,4.0,-0.06327436663641088,0,0.0,-0.6789146428573514,4,4.0,-0.03450800301867408
31,No,Travel_Rarely,1082,1082,0.6927087900015769,Research & Development,1,4,Medical,3,Male,87,87,1.0383393117219484,3,1,Research Scientist,2,Single,2501,2501,-0.8500356899760855,0,18775,18775,0.6268657938515176,1,1.0,-0.6778187248056703,No,17,3,2,0,1,1.0,-1.3211515585932438,4,3,2.5,1,1,-0.9806804209460626,1.0,1,1.0,-0.8912861069254512,1,1.0,-0.3685898527395261,0,0.0,-1.1555414685244687
32,No,Travel_Rarely,548,548,-0.6306814403402768,Research & Development,1,3,Life Sciences,2,Male,66,66,0.005353989487620002,3,2,Research Scientist,2,Married,6220,6220,-0.060096408173420296,0,7346,7346,-0.9788301246811286,1,1.0,-0.6778187248056703,No,17,3,2,2,10,10.0,-0.16445543525676679,3,3,2.25,10,10,0.48834154121171225,1.0,4,4.0,-0.06327436663641088,0,0.0,-0.6789146428573514,9,9.0,1.3667838288635692
36,No,Travel_Rarely,132,132,-1.6616371254005973,Research & Development,6,3,Life Sciences,2,Female,55,55,-0.5357335602541711,4,1,Laboratory Technician,4,Married,3038,3038,-0.7359734704740604,0,22002,22002,1.080237106223978,3,3.0,0.12281890107805317,No,12,3,2,0,5,5.0,-0.8070643926659207,3,3,2.75,1,1,-0.9806804209460626,0.2,0,0.0,-1.1672900203551313,0,0.0,-0.6789146428573514,0,0.0,-1.1555414685244687
31,No,Travel_Rarely,746,746,-0.13998618639329735,Research & Development,8,4,Life Sciences,3,Female,61,61,-0.24059489675864865,3,2,Manufacturing Director,4,Single,4424,4424,-0.44157824472023033,0,20682,20682,0.8947861820431141,1,1.0,-0.6778187248056703,No,23,4,4,0,11,11.0,-0.035933643774936005,2,3,3.5,11,11,0.6515662036736872,1.0,7,7.0,0.7647373736526294,1,1.0,-0.3685898527395261,8,8.0,1.0865254624871206
35,No,Travel_Rarely,776,776,-0.06563842064375501,Sales,1,4,Marketing,3,Male,32,32,-1.6670984369870068,2,2,Sales Executive,1,Single,4312,4312,-0.46536775791245905,0,23016,23016,1.2226971343447324,0,0.0,-1.078137537747532,No,14,3,2,0,16,16.0,0.6066753136342179,2,3,2.25,15,15,1.3044648535215873,0.9375,13,13.0,2.42076085423071,2,2.0,-0.058265062621700905,8,8.0,1.0865254624871206
45,No,Travel_Rarely,193,193,-1.5104633350431946,Research & Development,6,4,Other,4,Male,52,52,-0.6833028920019322,3,3,Research Director,1,Married,13245,13245,1.4320583255355668,0,15067,15067,0.1059172886525455,4,4.0,0.5231377140199149,Yes,14,3,2,0,17,17.0,0.7351971051160486,3,4,2.75,0,0,-1.1439050834080375,0.0,0,0.0,-1.1672900203551313,0,0.0,-0.6789146428573514,0,0.0,-1.1555414685244687
37,No,Travel_Rarely,397,397,-1.0048985279463067,Research & Development,7,4,Medical,1,Male,30,30,-1.7654779914855143,3,3,Research Director,3,Single,13664,13664,1.5210565936386364,0,25258,25258,1.5376827192034421,4,4.0,0.5231377140199149,No,13,3,1,0,16,16.0,0.6066753136342179,3,4,2.25,5,5,-0.32778177109816264,0.3125,2,2.0,-0.6152821934957711,0,0.0,-0.6789146428573514,2,2.0,-0.5950247357715714
46,No,Travel_Rarely,945,945,0.35318732641200024,Human Resources,5,2,Medical,2,Male,80,80,0.6940108709771722,3,2,Human Resources,2,Divorced,5021,5021,-0.3147716431509399,0,10425,10425,-0.5462517947168257,8,8.0,2.124412965787362,Yes,22,4,4,1,16,16.0,0.6066753136342179,2,3,2.75,4,4,-0.4910064335601377,0.25,2,2.0,-0.6152821934957711,0,0.0,-0.6789146428573514,2,2.0,-0.5950247357715714
30,No,Travel_Rarely,852,852,0.12270925258841894,Research & Development,1,1,Life Sciences,4,Male,55,55,-0.5357335602541711,2,2,Laboratory Technician,4,Married,5126,5126,-0.2924689745332255,0,15998,15998,0.2367163874498063,1,1.0,-0.6778187248056703,Yes,12,3,3,2,10,10.0,-0.16445543525676679,1,2,3.25,10,10,0.48834154121171225,1.0,8,8.0,1.0407412870823096,3,3.0,0.2520597274961243,0,0.0,-1.1555414685244687
35,No,Travel_Rarely,1214,1214,1.0198389592995634,Research & Development,1,3,Medical,2,Male,30,30,-1.7654779914855143,2,1,Research Scientist,3,Single,2859,2859,-0.7739942103080687,0,26278,26278,1.6809857060704734,1,1.0,-0.6778187248056703,No,18,3,1,0,6,6.0,-0.6785426011840899,3,3,2.25,6,6,-0.1645571086361877,1.0,4,4.0,-0.06327436663641088,0,0.0,-0.6789146428573514,4,4.0,-0.03450800301867408
55,No,Travel_Rarely,111,111,-1.713680561425277,Sales,1,2,Life Sciences,1,Male,70,70,0.20211309848463493,3,3,Sales Executive,4,Married,10239,10239,0.7935647839655717,0,18092,18092,0.5309089899003585,3,3.0,0.12281890107805317,No,14,3,4,1,24,24.0,1.6348496454888641,4,3,3.0,1,1,-0.9806804209460626,0.041666666666666664,0,0.0,-1.1672900203551313,1,1.0,-0.3685898527395261,0,0.0,-1.1555414685244687
38,No,Non-Travel,573,573,-0.5687249688823249,Research & Development,6,3,Medical,2,Female,79,79,0.6448210937279185,1,2,Research Scientist,4,Divorced,5329,5329,-0.24935048187231101,0,15717,15717,0.197237819499183,7,7.0,1.7240941528455003,Yes,12,3,4,3,17,17.0,0.7351971051160486,3,3,3.25,13,13,0.9780155285976372,0.7647058823529411,11,11.0,1.8687530273713497,1,1.0,-0.3685898527395261,9,9.0,1.3667838288635692
34,No,Travel_Rarely,1153,1153,0.8686651689421605,Research & Development,1,2,Medical,1,Male,94,94,1.3826677524667244,3,2,Manufacturing Director,2,Married,4325,4325,-0.4626064751312182,0,17736,17736,0.480893437621277,1,1.0,-0.6778187248056703,No,15,3,3,0,5,5.0,-0.8070643926659207,2,3,2.25,5,5,-0.32778177109816264,1.0,2,2.0,-0.6152821934957711,1,1.0,-0.3685898527395261,3,3.0,-0.31476636939512276
56,No,Travel_Rarely,1400,1400,1.4807951069467258,Research & Development,7,3,Life Sciences,4,Male,49,49,-0.8308722237496934,1,3,Manufacturing Director,4,Single,7260,7260,0.1608062143258461,0,21698,21698,1.0375271964126276,4,4.0,0.5231377140199149,No,11,3,1,0,37,28.5,2.2131977071571027,3,2,2.75,6,6,-0.1645571086361877,0.16216216216216217,4,4.0,-0.06327436663641088,0,0.0,-0.6789146428573514,2,2.0,-0.5950247357715714
23,No,Travel_Rarely,541,541,-0.6480292523485034,Sales,2,1,Technical Degree,3,Male,62,62,-0.19140511950939493,3,1,Sales Representative,1,Divorced,2322,2322,-0.8880564298100938,0,9518,9518,-0.6736790585289799,3,3.0,0.12281890107805317,No,13,3,3,1,3,3.0,-1.0641079756295821,3,3,2.5,0,0,-1.1439050834080375,0.0,0,0.0,-1.1672900203551313,0,0.0,-0.6789146428573514,0,0.0,-1.1555414685244687
51,No,Travel_Rarely,432,432,-0.9181594679051739,Research & Development,9,4,Life Sciences,4,Male,96,96,1.481047306965232,3,1,Laboratory Technician,4,Married,2075,2075,-0.9405208026536696,0,18725,18725,0.6198411376325454,3,3.0,0.12281890107805317,No,23,4,2,2,10,10.0,-0.16445543525676679,4,3,3.25,4,4,-0.4910064335601377,0.4,2,2.0,-0.6152821934957711,0,0.0,-0.6789146428573514,3,3.0,-0.31476636939512276
30,No,Travel_Rarely,288,288,-1.2750287435029772,Research & Development,2,3,Life Sciences,3,Male,99,99,1.628616638712993,2,2,Healthcare Representative,4,Married,4152,4152,-0.49935277675850004,0,15830,15830,0.21311354255405998,1,1.0,-0.6778187248056703,No,19,3,1,3,11,11.0,-0.035933643774936005,3,3,2.75,11,11,0.6515662036736872,1.0,10,10.0,1.5927491139416698,10,7.5,1.6485212830263376,8,8.0,1.0865254624871206
46,Yes,Travel_Rarely,669,669,-0.3308121184837894,Sales,9,2,Medical,3,Male,64,64,-0.09302556501088746,2,3,Sales Executive,4,Single,9619,9619,0.6618728359371628,0,13596,13596,-0.10074809730961413,1,1.0,-0.6778187248056703,No,16,3,4,0,9,9.0,-0.29297722673859755,3,3,3.5,9,9,0.32511687874973727,1.0,8,8.0,1.0407412870823096,4,4.0,0.5623845176139496,7,7.0,0.8062670961106719
40,No,Travel_Frequently,530,530,-0.6752900997900022,Research & Development,1,4,Life Sciences,3,Male,78,78,0.5956313164786647,2,4,Healthcare Representative,2,Married,13503,13503,1.4868591684248078,0,14115,14115,-0.02783216575668358,1,1.0,-0.6778187248056703,No,22,4,4,1,22,22.0,1.3778060625252024,3,2,2.75,22,18,1.794138840907512,1.0,3,3.0,-0.339278280066091,11,7.5,1.6485212830263376,11,11.0,1.9273005616164665
51,No,Travel_Rarely,632,632,-0.42250769624155826,Sales,21,4,Marketing,3,Male,71,71,0.25130287573388865,3,2,Sales Executive,4,Single,5441,5441,-0.22556096868008232,0,8423,8423,-0.8275190297244692,0,0.0,-1.078137537747532,Yes,22,4,4,0,11,11.0,-0.035933643774936005,2,1,3.0,10,10,0.48834154121171225,0.9090909090909091,7,7.0,0.7647373736526294,1,1.0,-0.3685898527395261,0,0.0,-1.1555414685244687
30,No,Travel_Rarely,1334,1334,1.3172300222977327,Sales,4,2,Medical,3,Female,63,63,-0.14221534226014118,2,2,Sales Executive,2,Divorced,5209,5209,-0.2748392460068418,0,19760,19760,0.7652515213652683,1,1.0,-0.6778187248056703,Yes,12,3,2,3,11,11.0,-0.035933643774936005,4,2,2.25,11,11,0.6515662036736872,1.0,8,8.0,1.0407412870823096,2,2.0,-0.058265062621700905,7,7.0,0.8062670961106719
46,No,Travel_Frequently,638,638,-0.4076381430916498,Research & Development,1,3,Medical,3,Male,40,40,-1.273580218992977,2,3,Healthcare Representative,1,Married,10673,10673,0.8857491475854579,0,3142,3142,-1.5694632195723042,2,2.0,-0.27749991186380857,Yes,13,3,3,1,21,21.0,1.2492842710433718,5,2,2.25,10,10,0.48834154121171225,0.47619047619047616,9,9.0,1.3167452005119897,9,7.5,1.6485212830263376,5,5.0,0.2457503633577746
32,No,Travel_Rarely,1093,1093,0.7199696374430757,Sales,6,4,Medical,2,Male,87,87,1.0383393117219484,3,2,Sales Executive,3,Single,5010,5010,-0.31710811319660526,0,24301,24301,1.4032307991723159,1,1.0,-0.6778187248056703,No,16,3,1,0,12,12.0,0.09258814770689477,0,3,2.25,11,11,0.6515662036736872,0.9166666666666666,8,8.0,1.0407412870823096,5,5.0,0.8727093077317748,7,7.0,0.8062670961106719
54,No,Travel_Rarely,1217,1217,1.0272737358745174,Research & Development,2,4,Technical Degree,1,Female,60,60,-0.28978467400790237,3,3,Research Director,3,Married,13549,13549,1.4966298613430444,0,24001,24001,1.3610828618584832,9,8.5,2.324572372258293,No,12,3,1,1,16,16.0,0.6066753136342179,5,1,1.5,4,4,-0.4910064335601377,0.25,3,3.0,-0.339278280066091,0,0.0,-0.6789146428573514,3,3.0,-0.31476636939512276
24,No,Travel_Rarely,1353,1353,1.364316940605776,Sales,3,2,Other,1,Female,33,33,-1.617908659737753,3,2,Sales Executive,3,Married,4999,4999,-0.31944458324227054,0,17519,17519,0.4504064296309381,0,0.0,-1.078137537747532,No,21,4,1,1,4,4.0,-0.9355861841477514,2,2,1.75,3,3,-0.6542310960221126,0.75,2,2.0,-0.6152821934957711,0,0.0,-0.6789146428573514,2,2.0,-0.5950247357715714
28,No,Non-Travel,120,120,-1.6913762317004144,Sales,4,3,Medical,2,Male,43,43,-1.1260108872452157,3,2,Sales Executive,3,Married,4221,4221,-0.4846967373811448,0,8863,8863,-0.7657020549975146,1,1.0,-0.6778187248056703,No,15,3,2,0,5,5.0,-0.8070643926659207,3,4,2.75,5,5,-0.32778177109816264,1.0,4,4.0,-0.06327436663641088,0,0.0,-0.6789146428573514,4,4.0,-0.03450800301867408
58,No,Travel_Rarely,682,682,-0.2985947533256544,Sales,10,4,Medical,4,Male,37,37,-1.4211495507407381,3,4,Sales Executive,3,Single,13872,13872,1.5652371181384899,0,24409,24409,1.4184040566052956,0,0.0,-1.078137537747532,No,13,3,3,0,38,28.5,2.2131977071571027,1,2,3.0,37,18,1.794138840907512,0.9736842105263158,10,10.0,1.5927491139416698,1,1.0,-0.3685898527395261,8,8.0,1.0865254624871206
44,No,Non-Travel,489,489,-0.7768987129810434,Research & Development,23,3,Medical,2,Male,67,67,0.05454376673687373,3,2,Laboratory Technician,2,Married,2042,2042,-0.9475302127906655,0,25043,25043,1.507476697461862,4,4.0,0.5231377140199149,No,12,3,3,1,17,17.0,0.7351971051160486,3,4,2.75,3,3,-0.6542310960221126,0.17647058823529413,2,2.0,-0.6152821934957711,1,1.0,-0.3685898527395261,2,2.0,-0.5950247357715714
37,Yes,Travel_Rarely,807,807,0.01118760396410542,Human Resources,6,4,Human Resources,3,Male,63,63,-0.14221534226014118,3,1,Human Resources,1,Divorced,2073,2073,-0.940945615389245,0,23648,23648,1.31148878895254,4,4.0,0.5231377140199149,Yes,22,4,4,0,7,7.0,-0.5500208097022591,3,3,2.75,3,3,-0.6542310960221126,0.42857142857142855,2,2.0,-0.6152821934957711,0,0.0,-0.6789146428573514,2,2.0,-0.5950247357715714
32,No,Travel_Rarely,827,827,0.06075278113046698,Research & Development,1,1,Life Sciences,4,Male,71,71,0.25130287573388865,3,1,Research Scientist,1,Single,2956,2956,-0.7533907926326564,0,15178,15178,0.1215120254586636,1,1.0,-0.6778187248056703,No,13,3,4,0,1,1.0,-1.3211515585932438,2,3,3.0,1,1,-0.9806804209460626,1.0,0,0.0,-1.1672900203551313,0,0.0,-0.6789146428573514,0,0.0,-1.1555414685244687
20,Yes,Travel_Frequently,871,871,0.16979617089646243,Research & Development,6,3,Life Sciences,4,Female,66,66,0.005353989487620002,2,1,Laboratory Technician,4,Single,2926,2926,-0.759762983666289,0,19783,19783,0.7684828632259955,1,1.0,-0.6778187248056703,Yes,18,3,2,0,1,1.0,-1.3211515585932438,5,3,3.25,1,1,-0.9806804209460626,1.0,0,0.0,-1.1672900203551313,1,1.0,-0.3685898527395261,0,0.0,-1.1555414685244687
34,No,Travel_Rarely,665,665,-0.3407251539170617,Research & Development,6,4,Other,1,Female,41,41,-1.2243904417437232,3,2,Research Scientist,3,Single,4809,4809,-0.3598017931219442,0,12482,12482,-0.2572574378683129,1,1.0,-0.6778187248056703,No,14,3,3,0,16,16.0,0.6066753136342179,3,3,2.5,16,16,1.4676895159835621,1.0,13,13.0,2.42076085423071,2,2.0,-0.058265062621700905,10,10.0,1.6470421952400178
37,No,Non-Travel,1040,1040,0.5886219179522176,Research & Development,2,2,Life Sciences,3,Male,100,100,1.6778064159622468,2,2,Healthcare Representative,4,Divorced,5163,5163,-0.2846099389250785,0,15850,15850,0.21592340504164884,5,5.0,0.9234565269617766,No,14,3,4,1,17,17.0,0.7351971051160486,2,4,3.75,1,1,-0.9806804209460626,0.058823529411764705,0,0.0,-1.1672900203551313,0,0.0,-0.6789146428573514,0,0.0,-1.1555414685244687
59,No,Non-Travel,1420,1420,1.5303602841130874,Human Resources,2,4,Human Resources,3,Female,32,32,-1.6670984369870068,2,5,Manager,4,Married,18844,16581,2.140645968475521,1,21922,21922,1.0689976562736225,9,8.5,2.324572372258293,No,21,4,4,1,30,28.5,2.2131977071571027,3,3,3.5,3,3,-0.6542310960221126,0.1,2,2.0,-0.6152821934957711,2,2.0,-0.058265062621700905,2,2.0,-0.5950247357715714
50,No,Travel_Frequently,1115,1115,0.7744913323260735,Research & Development,1,3,Life Sciences,1,Female,73,73,0.3496824302323961,3,5,Research Director,2,Married,18172,16581,2.140645968475521,1,9755,9755,-0.6403821880510521,3,3.0,0.12281890107805317,Yes,19,3,1,0,28,28.0,2.1489368114161875,1,2,1.5,8,8,0.1618922162877623,0.2857142857142857,3,3.0,-0.339278280066091,0,0.0,-0.6789146428573514,7,7.0,0.8062670961106719
25,Yes,Travel_Rarely,240,240,-1.3939851687022449,Sales,5,3,Marketing,3,Male,46,46,-0.9784415554974546,2,2,Sales Executive,3,Single,5744,5744,-0.16120183924039222,0,26959,26959,1.7766615237728736,1,1.0,-0.6778187248056703,Yes,11,3,4,0,6,6.0,-0.6785426011840899,1,3,3.25,6,6,-0.1645571086361877,1.0,4,4.0,-0.06327436663641088,0,0.0,-0.6789146428573514,3,3.0,-0.31476636939512276
25,No,Travel_Rarely,1280,1280,1.1834040439485565,Research & Development,7,1,Medical,4,Male,64,64,-0.09302556501088746,2,1,Research Scientist,4,Married,2889,2889,-0.7676220192744361,0,26897,26897,1.767950950061348,1,1.0,-0.6778187248056703,No,11,3,3,2,2,2.0,-1.192629767111413,2,3,3.5,2,2,-0.8174557584840876,1.0,2,2.0,-0.6152821934957711,2,2.0,-0.058265062621700905,1,1.0,-0.8752831021480201
22,No,Travel_Rarely,534,534,-0.6653770643567299,Research & Development,15,3,Medical,2,Female,59,59,-0.3389744512571561,3,1,Laboratory Technician,4,Single,2871,2871,-0.7714453338946157,0,23785,23785,1.3307363469925235,1,1.0,-0.6778187248056703,No,15,3,3,0,1,1.0,-1.3211515585932438,5,3,3.0,0,0,-1.1439050834080375,0.0,0,0.0,-1.1672900203551313,0,0.0,-0.6789146428573514,0,0.0,-1.1555414685244687
51,No,Travel_Frequently,1456,1456,1.6195776030125382,Research & Development,1,4,Medical,1,Female,30,30,-1.7654779914855143,2,3,Healthcare Representative,1,Single,7484,7484,0.20838524071030348,0,25796,25796,1.6132680201195821,3,3.0,0.12281890107805317,No,20,4,3,0,23,23.0,1.5063278540070333,1,2,1.75,13,13,0.9780155285976372,0.5652173913043478,12,12.0,2.14475694080103,12,7.5,1.6485212830263376,8,8.0,1.0865254624871206
34,Yes,Travel_Frequently,658,658,-0.35807296592528826,Research & Development,7,3,Life Sciences,1,Male,66,66,0.005353989487620002,1,2,Laboratory Technician,3,Single,6074,6074,-0.09110773787043269,0,22887,22887,1.2045735212997843,1,1.0,-0.6778187248056703,Yes,24,4,4,0,9,9.0,-0.29297722673859755,3,3,2.75,9,9,0.32511687874973727,1.0,7,7.0,0.7647373736526294,0,0.0,-0.6789146428573514,6,6.0,0.5260087297342232
54,No,Non-Travel,142,142,-1.6368545368174165,Human Resources,26,3,Human Resources,4,Female,30,30,-1.7654779914855143,4,4,Manager,4,Single,17328,16581,2.140645968475521,1,13871,13871,-0.0621124881052675,2,2.0,-0.27749991186380857,Yes,12,3,3,0,23,23.0,1.5063278540070333,3,3,3.5,5,5,-0.32778177109816264,0.21739130434782608,3,3.0,-0.339278280066091,4,4.0,0.5623845176139496,4,4.0,-0.03450800301867408
24,No,Travel_Rarely,1127,1127,0.8042304386258905,Research & Development,18,1,Life Sciences,2,Male,52,52,-0.6833028920019322,3,1,Laboratory Technician,3,Married,2774,2774,-0.792048751570028,0,13257,13257,-0.1483752664742451,0,0.0,-1.078137537747532,No,12,3,3,1,6,6.0,-0.6785426011840899,2,3,2.75,5,5,-0.32778177109816264,0.8333333333333334,3,3.0,-0.339278280066091,1,1.0,-0.3685898527395261,2,2.0,-0.5950247357715714
34,No,Travel_Rarely,1031,1031,0.5663175882273549,Research & Development,6,4,Life Sciences,3,Female,45,45,-1.0276313327467084,2,2,Research Scientist,2,Divorced,4505,4505,-0.4243733289294221,0,15000,15000,0.09650424931912287,6,6.0,1.3237753399036383,No,15,3,3,1,12,12.0,0.09258814770689477,3,3,2.75,1,1,-0.9806804209460626,0.08333333333333333,0,0.0,-1.1672900203551313,0,0.0,-0.6789146428573514,0,0.0,-1.1555414685244687
37,No,Travel_Rarely,1189,1189,0.9578824878416113,Sales,3,3,Life Sciences,3,Male,87,87,1.0383393117219484,3,3,Sales Executive,4,Single,7428,7428,0.19649048411418912,0,14506,14506,0.027100645875678366,2,2.0,-0.27749991186380857,No,12,3,1,0,12,12.0,0.09258814770689477,3,3,2.75,5,5,-0.32778177109816264,0.4166666666666667,3,3.0,-0.339278280066091,1,1.0,-0.3685898527395261,3,3.0,-0.31476636939512276
34,No,Travel_Rarely,1354,1354,1.3667951994640941,Research & Development,5,3,Medical,3,Female,45,45,-1.0276313327467084,2,3,Manager,1,Single,11631,11631,1.0892344479261282,0,5615,5615,-1.2220237229819433,2,2.0,-0.27749991186380857,No,12,3,4,0,14,14.0,0.3496317306705563,6,3,2.75,11,11,0.6515662036736872,0.7857142857142857,10,10.0,1.5927491139416698,5,5.0,0.8727093077317748,8,8.0,1.0865254624871206
36,No,Travel_Frequently,1467,1467,1.646838450454037,Sales,11,2,Technical Degree,2,Female,92,92,1.284288197968217,3,3,Sales Executive,4,Married,9738,9738,0.6871491937039058,0,22952,22952,1.213705574384448,0,0.0,-1.078137537747532,No,14,3,3,1,10,10.0,-0.16445543525676679,6,3,3.0,9,9,0.32511687874973727,0.9,7,7.0,0.7647373736526294,2,2.0,-0.058265062621700905,8,8.0,1.0865254624871206
36,No,Travel_Rarely,922,922,0.2961873726706844,Research & Development,3,2,Life Sciences,1,Female,39,39,-1.3227699962422308,3,1,Laboratory Technician,4,Divorced,2835,2835,-0.7790919631349749,0,2561,2561,-1.65108972483676,5,5.0,0.9234565269617766,No,22,4,1,1,7,7.0,-0.5500208097022591,2,3,2.25,1,1,-0.9806804209460626,0.14285714285714285,0,0.0,-1.1672900203551313,0,0.0,-0.6789146428573514,0,0.0,-1.1555414685244687
43,No,Travel_Frequently,394,394,-1.0123333045212608,Sales,26,2,Life Sciences,3,Male,92,92,1.284288197968217,3,4,Manager,4,Married,16959,16581,2.140645968475521,1,19494,19494,0.7278803502803366,1,1.0,-0.6778187248056703,Yes,12,3,4,2,25,25.0,1.7633714369706948,3,4,3.75,25,18,1.794138840907512,1.0,12,12.0,2.14475694080103,4,4.0,0.5623845176139496,12,12.0,2.207558927992915
30,No,Travel_Frequently,1312,1312,1.2627083274147348,Research & Development,23,3,Life Sciences,1,Male,96,96,1.481047306965232,1,1,Research Scientist,3,Divorced,2613,2613,-0.8262461767838567,0,22310,22310,1.1235089885328462,1,1.0,-0.6778187248056703,No,25,4,3,3,10,10.0,-0.16445543525676679,2,2,2.25,10,10,0.48834154121171225,1.0,7,7.0,0.7647373736526294,0,0.0,-0.6789146428573514,9,9.0,1.3667838288635692
33,No,Non-Travel,750,750,-0.13007315096002503,Sales,22,2,Marketing,3,Male,95,95,1.4318575297159781,3,2,Sales Executive,2,Married,6146,6146,-0.07581447938971425,0,15480,15480,0.16394094902125517,0,0.0,-1.078137537747532,No,13,3,1,1,8,8.0,-0.42149901822042835,2,4,2.5,7,7,-0.0013324461742127045,0.875,7,7.0,0.7647373736526294,0,0.0,-0.6789146428573514,7,7.0,0.8062670961106719
56,Yes,Travel_Rarely,441,441,-0.8958551381803112,Research & Development,14,4,Life Sciences,2,Female,72,72,0.30049265298314237,3,1,Research Scientist,2,Married,4963,4963,-0.3270912124826298,0,4510,4510,-1.377268625421227,9,8.5,2.324572372258293,Yes,18,3,1,3,7,7.0,-0.5500208097022591,2,3,2.0,5,5,-0.32778177109816264,0.7142857142857143,4,4.0,-0.06327436663641088,4,4.0,0.5623845176139496,3,3.0,-0.31476636939512276
51,No,Travel_Rarely,684,684,-0.2936382356090182,Research & Development,6,3,Life Sciences,1,Male,51,51,-0.732492669251186,3,5,Research Director,3,Single,19537,16581,2.140645968475521,1,6462,6462,-1.1030260466325557,7,7.0,1.7240941528455003,No,13,3,3,0,23,23.0,1.5063278540070333,5,3,2.5,20,18,1.794138840907512,0.8695652173913043,18,14.5,2.8347667243752306,15,7.5,1.6485212830263376,15,14.5,2.908204843934037
31,Yes,Travel_Rarely,249,249,-1.3716808389773822,Sales,6,4,Life Sciences,2,Male,76,76,0.4972517619801573,1,2,Sales Executive,3,Married,6172,6172,-0.07029191382723259,0,20739,20739,0.9027942901327423,4,4.0,0.5231377140199149,Yes,18,3,2,0,12,12.0,0.09258814770689477,3,2,2.25,7,7,-0.0013324461742127045,0.5833333333333334,7,7.0,0.7647373736526294,7,7.0,1.493358887967425,7,7.0,0.8062670961106719
26,No,Travel_Rarely,841,841,0.09544840514692007,Research & Development,6,3,Other,3,Female,46,46,-0.9784415554974546,2,1,Research Scientist,2,Married,2368,2368,-0.878285736891857,0,23300,23300,1.262597181668494,1,1.0,-0.6778187248056703,No,19,3,3,0,5,5.0,-0.8070643926659207,3,2,2.5,5,5,-0.32778177109816264,1.0,4,4.0,-0.06327436663641088,4,4.0,0.5623845176139496,3,3.0,-0.31476636939512276
58,Yes,Travel_Rarely,147,147,-1.6244632425258263,Research & Development,23,4,Medical,4,Female,94,94,1.3826677524667244,3,3,Healthcare Representative,4,Married,10312,10312,0.8090704488140779,0,3465,3465,-1.5240839403977442,1,1.0,-0.6778187248056703,No,12,3,4,1,40,28.5,2.2131977071571027,3,2,3.5,40,18,1.794138840907512,1.0,10,10.0,1.5927491139416698,15,7.5,1.6485212830263376,6,6.0,0.5260087297342232
19,Yes,Travel_Rarely,528,528,-0.6802466175066384,Sales,22,1,Marketing,4,Male,50,50,-0.7816824465004397,3,1,Sales Representative,3,Single,1675,1675,-1.025483349768772,0,26820,26820,1.757132979484131,1,1.0,-0.6778187248056703,Yes,19,3,4,0,0,0.0,-1.4496733500750745,2,2,3.25,0,0,-1.1439050834080375,0.0,0,0.0,-1.1672900203551313,0,0.0,-0.6789146428573514,0,0.0,-1.1555414685244687
22,No,Travel_Rarely,594,594,-0.5166815328576453,Research & Development,2,1,Technical Degree,3,Male,100,100,1.6778064159622468,3,1,Laboratory Technician,4,Married,2523,2523,-0.8453627498847548,0,19299,19299,0.7004841910263454,0,0.0,-1.078137537747532,No,14,3,3,1,3,3.0,-1.0641079756295821,2,3,3.25,2,2,-0.8174557584840876,0.6666666666666666,1,1.0,-0.8912861069254512,2,2.0,-0.058265062621700905,1,1.0,-0.8752831021480201
49,No,Travel_Rarely,470,470,-0.823985631289087,Research & Development,20,4,Medical,3,Female,96,96,1.481047306965232,3,2,Manufacturing Director,1,Married,6567,6567,0.01360860144893109,0,5549,5549,-1.2312962691909863,1,1.0,-0.6778187248056703,No,14,3,3,0,16,16.0,0.6066753136342179,2,2,2.25,15,15,1.3044648535215873,0.9375,11,11.0,1.8687530273713497,5,5.0,0.8727093077317748,11,11.0,1.9273005616164665
43,No,Travel_Frequently,957,957,0.38292643271181714,Research & Development,28,3,Medical,2,Female,72,72,0.30049265298314237,4,1,Research Scientist,3,Single,4739,4739,-0.37467023886708717,0,16090,16090,0.24964175489271498,4,4.0,0.5231377140199149,No,12,3,4,0,18,18.0,0.8637188965978794,2,3,3.0,3,3,-0.6542310960221126,0.16666666666666666,2,2.0,-0.6152821934957711,1,1.0,-0.3685898527395261,2,2.0,-0.5950247357715714
50,No,Travel_Frequently,809,809,0.016144121680741575,Sales,12,3,Marketing,3,Female,77,77,0.5464415392294111,3,3,Sales Executive,4,Single,9208,9208,0.5745738187763951,0,6645,6645,-1.0773158048711176,4,4.0,0.5231377140199149,No,11,3,4,0,16,16.0,0.6066753136342179,3,3,3.5,2,2,-0.8174557584840876,0.125,2,2.0,-0.6152821934957711,2,2.0,-0.058265062621700905,1,1.0,-0.8752831021480201
31,Yes,Travel_Rarely,542,542,-0.6455509934901853,Sales,20,3,Life Sciences,2,Female,71,71,0.25130287573388865,1,2,Sales Executive,3,Married,4559,4559,-0.41290338506888324,0,24788,24788,1.4716509507451043,3,3.0,0.12281890107805317,Yes,11,3,3,1,4,4.0,-0.9355861841477514,2,3,2.75,2,2,-0.8174557584840876,0.5,2,2.0,-0.6152821934957711,2,2.0,-0.058265062621700905,2,2.0,-0.5950247357715714
41,No,Travel_Rarely,802,802,-0.0012036903274849707,Sales,9,1,Life Sciences,3,Male,96,96,1.481047306965232,3,3,Sales Executive,3,Divorced,8189,8189,0.35813173000067156,0,21196,21196,0.9669996479741474,3,3.0,0.12281890107805317,Yes,13,3,3,1,12,12.0,0.09258814770689477,2,3,3.0,9,9,0.32511687874973727,0.75,7,7.0,0.7647373736526294,0,0.0,-0.6789146428573514,7,7.0,0.8062670961106719
26,No,Travel_Rarely,1355,1355,1.3692734583224122,Human Resources,25,1,Life Sciences,3,Female,61,61,-0.24059489675864865,3,1,Human Resources,3,Married,2942,2942,-0.7563644817816849,0,8916,8916,-0.7582559194054042,1,1.0,-0.6778187248056703,No,23,4,4,1,8,8.0,-0.42149901822042835,3,3,3.25,8,8,0.1618922162877623,1.0,7,7.0,0.7647373736526294,5,5.0,0.8727093077317748,7,7.0,0.8062670961106719
36,No,Travel_Rarely,216,216,-1.453463381301879,Research & Development,6,2,Medical,2,Male,84,84,0.8907699799741872,3,2,Manufacturing Director,2,Divorced,4941,4941,-0.3317641525739604,0,2819,2819,-1.614842498746864,6,6.0,1.3237753399036383,No,20,4,4,2,7,7.0,-0.5500208097022591,0,3,2.75,3,3,-0.6542310960221126,0.42857142857142855,2,2.0,-0.6152821934957711,0,0.0,-0.6789146428573514,1,1.0,-0.8752831021480201
51,Yes,Travel_Frequently,1150,1150,0.8612303923672062,Research & Development,8,4,Life Sciences,1,Male,53,53,-0.6341131147526785,1,3,Manufacturing Director,4,Single,10650,10650,0.8808638011263394,0,25150,25150,1.5225094617704624,2,2.0,-0.27749991186380857,No,15,3,4,0,18,18.0,0.8637188965978794,2,3,3.0,4,4,-0.4910064335601377,0.2222222222222222,2,2.0,-0.6152821934957711,0,0.0,-0.6789146428573514,3,3.0,-0.31476636939512276
39,No,Travel_Rarely,1329,1329,1.3048387280061422,Sales,4,4,Life Sciences,4,Female,47,47,-0.9292517782482008,2,2,Sales Executive,3,Married,5902,5902,-0.12764163312992674,0,14590,14590,0.03890206832355152,4,4.0,0.5231377140199149,No,14,3,3,1,17,17.0,0.7351971051160486,1,4,3.5,15,15,1.3044648535215873,0.8823529411764706,11,11.0,1.8687530273713497,5,5.0,0.8727093077317748,9,9.0,1.3667838288635692
25,No,Travel_Rarely,959,959,0.38788295042845333,Sales,28,3,Life Sciences,1,Male,41,41,-1.2243904417437232,2,2,Sales Executive,3,Married,8639,8639,0.45371459550516186,0,24835,24835,1.478254127590938,2,2.0,-0.27749991186380857,No,18,3,4,0,6,6.0,-0.6785426011840899,3,3,2.75,2,2,-0.8174557584840876,0.3333333333333333,2,2.0,-0.6152821934957711,2,2.0,-0.058265062621700905,2,2.0,-0.5950247357715714
30,No,Travel_Rarely,1240,1240,1.0842736896158334,Human Resources,9,3,Human Resources,3,Male,48,48,-0.8800620009989472,3,2,Human Resources,4,Married,6347,6347,-0.03312079946437527,0,13982,13982,-0.04651775129914941,0,0.0,-1.078137537747532,Yes,19,3,4,0,12,12.0,0.09258814770689477,2,1,3.0,11,11,0.6515662036736872,0.9166666666666666,9,9.0,1.3167452005119897,4,4.0,0.5623845176139496,7,7.0,0.8062670961106719
32,Yes,Travel_Rarely,1033,1033,0.5712741059439911,Research & Development,9,3,Medical,1,Female,41,41,-1.2243904417437232,3,1,Laboratory Technician,1,Single,4200,4200,-0.4891572711046877,0,10224,10224,-0.5744909127170936,7,7.0,1.7240941528455003,No,22,4,1,0,10,10.0,-0.16445543525676679,2,4,1.75,5,5,-0.32778177109816264,0.5,4,4.0,-0.06327436663641088,0,0.0,-0.6789146428573514,4,4.0,-0.03450800301867408
45,No,Travel_Rarely,1316,1316,1.2726213628480072,Research & Development,29,3,Medical,3,Male,83,83,0.8415802027249334,3,1,Research Scientist,4,Single,3452,3452,-0.6480372342099293,0,9752,9752,-0.6408036674241904,5,5.0,0.9234565269617766,No,13,3,2,0,9,9.0,-0.29297722673859755,2,2,2.75,6,6,-0.1645571086361877,0.6666666666666666,5,5.0,0.21272954679326922,0,0.0,-0.6789146428573514,3,3.0,-0.31476636939512276
38,No,Travel_Rarely,364,364,-1.0866810702708032,Research & Development,3,5,Technical Degree,4,Female,32,32,-1.6670984369870068,3,2,Research Scientist,3,Single,4317,4317,-0.4643057260735203,0,2302,2302,-1.6874774440510356,3,3.0,0.12281890107805317,Yes,20,4,2,0,19,19.0,0.9922406880797102,2,3,3.0,3,3,-0.6542310960221126,0.15789473684210525,2,2.0,-0.6152821934957711,2,2.0,-0.058265062621700905,2,2.0,-0.5950247357715714
30,No,Travel_Rarely,438,438,-0.9032899147552654,Research & Development,18,3,Life Sciences,1,Female,75,75,0.4480619847309036,3,1,Research Scientist,3,Single,2632,2632,-0.8222104557958894,0,23910,23910,1.348297987539954,1,1.0,-0.6778187248056703,No,14,3,3,0,5,5.0,-0.8070643926659207,4,2,2.25,5,5,-0.32778177109816264,1.0,4,4.0,-0.06327436663641088,0,0.0,-0.6789146428573514,4,4.0,-0.03450800301867408
32,No,Travel_Frequently,689,689,-0.28124694131742783,Sales,9,2,Medical,4,Male,35,35,-1.5195291052392457,1,2,Sales Executive,4,Divorced,4668,4668,-0.38975109098001787,0,22812,22812,1.1940365369713262,0,0.0,-1.078137537747532,No,17,3,4,3,9,9.0,-0.29297722673859755,2,4,4.0,8,8,0.1618922162877623,0.8888888888888888,7,7.0,0.7647373736526294,0,0.0,-0.6789146428573514,7,7.0,0.8062670961106719
30,No,Travel_Rarely,201,201,-1.4906372641766499,Research & Development,5,3,Technical Degree,4,Female,84,84,0.8907699799741872,3,1,Research Scientist,1,Divorced,3204,3204,-0.7007140134212928,0,10415,10415,-0.5476567259606201,5,5.0,0.9234565269617766,No,14,3,4,1,8,8.0,-0.42149901822042835,3,3,3.0,3,3,-0.6542310960221126,0.375,2,2.0,-0.6152821934957711,2,2.0,-0.058265062621700905,2,2.0,-0.5950247357715714
30,No,Travel_Rarely,1427,1427,1.5477080961213139,Research & Development,2,1,Medical,2,Male,35,35,-1.5195291052392457,2,1,Laboratory Technician,4,Single,2720,2720,-0.8035186954305669,0,11162,11162,-0.44270836204917674,0,0.0,-1.078137537747532,No,13,3,4,0,6,6.0,-0.6785426011840899,3,3,3.25,5,5,-0.32778177109816264,0.8333333333333334,3,3.0,-0.339278280066091,1,1.0,-0.3685898527395261,2,2.0,-0.5950247357715714
41,No,Travel_Frequently,857,857,0.13510054688000933,Research & Development,10,3,Life Sciences,4,Male,91,91,1.2350984207189633,2,4,Manager,1,Divorced,17181,16581,2.140645968475521,1,12888,12888,-0.2002172293702593,4,4.0,0.5231377140199149,No,13,3,2,1,21,21.0,1.2492842710433718,2,2,2.25,7,7,-0.0013324461742127045,0.3333333333333333,6,6.0,0.48873346022294933,7,7.0,1.493358887967425,7,7.0,0.8062670961106719
41,No,Travel_Rarely,933,933,0.32344822011218327,Research & Development,9,4,Life Sciences,3,Male,94,94,1.3826677524667244,3,1,Laboratory Technician,1,Married,2238,2238,-0.9058985647042653,0,6961,6961,-1.032919977567214,2,2.0,-0.27749991186380857,No,21,4,4,1,7,7.0,-0.5500208097022591,2,3,2.75,5,5,-0.32778177109816264,0.7142857142857143,0,0.0,-1.1672900203551313,1,1.0,-0.3685898527395261,4,4.0,-0.03450800301867408
19,No,Travel_Rarely,1181,1181,0.9380564169750667,Research & Development,3,1,Medical,2,Female,79,79,0.6448210937279185,3,1,Laboratory Technician,2,Single,1483,1483,-1.0662653723840212,0,16102,16102,0.2513276723852683,1,1.0,-0.6778187248056703,No,14,3,4,0,1,1.0,-1.3211515585932438,3,3,2.75,1,1,-0.9806804209460626,1.0,0,0.0,-1.1672900203551313,0,0.0,-0.6789146428573514,0,0.0,-1.1555414685244687
40,No,Travel_Frequently,1395,1395,1.4684038126551353,Research & Development,26,3,Medical,2,Female,54,54,-0.5849233375034247,3,2,Research Scientist,2,Divorced,5605,5605,-0.19072632436289033,0,8504,8504,-0.8161390866497344,1,1.0,-0.6778187248056703,No,11,3,1,1,20,20.0,1.120762479561541,2,3,2.0,20,18,1.794138840907512,1.0,7,7.0,0.7647373736526294,2,2.0,-0.058265062621700905,13,13.0,2.4878172943693637
35,No,Travel_Rarely,662,662,-0.34815993049201593,Sales,1,5,Marketing,3,Male,94,94,1.3826677524667244,3,3,Sales Executive,2,Married,7295,7295,0.16824043719841758,0,11439,11439,-0.4037917665960712,1,1.0,-0.6778187248056703,No,13,3,1,2,10,10.0,-0.16445543525676679,3,3,2.25,10,10,0.48834154121171225,1.0,8,8.0,1.0407412870823096,0,0.0,-0.6789146428573514,6,6.0,0.5260087297342232
53,No,Travel_Rarely,1436,1436,1.5700124258461765,Sales,6,2,Marketing,2,Male,34,34,-1.5687188824884994,3,2,Sales Representative,3,Married,2306,2306,-0.8914549316946979,0,16047,16047,0.24360055054439897,2,2.0,-0.27749991186380857,Yes,20,4,4,1,13,13.0,0.22110993918872554,3,1,2.5,7,7,-0.0013324461742127045,0.5384615384615384,7,7.0,0.7647373736526294,4,4.0,0.5623845176139496,5,5.0,0.2457503633577746
45,No,Travel_Rarely,194,194,-1.5079850761848765,Research & Development,9,3,Life Sciences,2,Male,60,60,-0.28978467400790237,3,2,Laboratory Technician,2,Divorced,2348,2348,-0.8825338642476122,0,10901,10901,-0.47937706751221115,8,8.0,2.124412965787362,No,18,3,3,1,20,20.0,1.120762479561541,2,1,2.0,17,17,1.6309141784455372,0.85,9,9.0,1.3167452005119897,0,0.0,-0.6789146428573514,15,14.5,2.908204843934037
32,No,Travel_Frequently,967,967,0.4077090212949979,Sales,8,3,Marketing,2,Female,43,43,-1.1260108872452157,3,3,Sales Executive,4,Single,8998,8998,0.5299684815409663,0,15589,15589,0.1792546995786144,1,1.0,-0.6778187248056703,No,14,3,4,0,9,9.0,-0.29297722673859755,2,3,3.25,9,9,0.32511687874973727,1.0,8,8.0,1.0407412870823096,3,3.0,0.2520597274961243,7,7.0,0.8062670961106719
29,No,Non-Travel,1496,1496,1.7187079573452613,Research & Development,1,1,Technical Degree,4,Male,41,41,-1.2243904417437232,3,2,Manufacturing Director,3,Married,4319,4319,-0.46388091333794473,0,26283,26283,1.6816881716923704,1,1.0,-0.6778187248056703,No,13,3,1,1,10,10.0,-0.16445543525676679,1,3,2.75,10,10,0.48834154121171225,1.0,7,7.0,0.7647373736526294,0,0.0,-0.6789146428573514,9,9.0,1.3667838288635692
51,No,Travel_Rarely,1169,1169,0.9083173106752497,Research & Development,7,4,Medical,2,Male,34,34,-1.5687188824884994,2,2,Manufacturing Director,3,Married,6132,6132,-0.07878816853874283,0,13983,13983,-0.04637725817476997,2,2.0,-0.27749991186380857,No,17,3,3,0,10,10.0,-0.16445543525676679,2,3,2.75,1,1,-0.9806804209460626,0.1,0,0.0,-1.1672900203551313,0,0.0,-0.6789146428573514,0,0.0,-1.1555414685244687
58,No,Travel_Rarely,1145,1145,0.8488390980756159,Research & Development,9,3,Medical,2,Female,75,75,0.4480619847309036,2,1,Research Scientist,2,Married,3346,3346,-0.6705523091954315,0,11873,11873,-0.34281775061539327,4,4.0,0.5231377140199149,Yes,20,4,2,1,9,9.0,-0.29297722673859755,3,2,2.0,1,1,-0.9806804209460626,0.1111111111111111,0,0.0,-1.1672900203551313,0,0.0,-0.6789146428573514,0,0.0,-1.1555414685244687
40,No,Travel_Rarely,630,630,-0.42746421395819445,Sales,4,4,Marketing,3,Male,67,67,0.05454376673687373,2,3,Sales Executive,4,Married,10855,10855,0.9244071065228294,0,8552,8552,-0.8093954166795212,7,7.0,1.7240941528455003,No,11,3,1,1,15,15.0,0.4781535221523871,2,2,2.5,12,12,0.8147908661356622,0.8,11,11.0,1.8687530273713497,2,2.0,-0.058265062621700905,11,11.0,1.9273005616164665
34,No,Travel_Frequently,303,303,-1.237854860628206,Sales,2,4,Marketing,3,Female,75,75,0.4480619847309036,3,1,Sales Representative,3,Married,2231,2231,-0.9073854092787795,0,11314,11314,-0.4213534071435015,6,6.0,1.3237753399036383,No,18,3,4,1,6,6.0,-0.6785426011840899,3,3,3.25,4,4,-0.4910064335601377,0.6666666666666666,3,3.0,-0.339278280066091,1,1.0,-0.3685898527395261,2,2.0,-0.5950247357715714
22,No,Travel_Rarely,1256,1256,1.1239258313489224,Research & Development,19,1,Medical,3,Male,80,80,0.6940108709771722,3,1,Research Scientist,4,Married,2323,2323,-0.8878440234423061,0,11992,11992,-0.3260990688142396,1,1.0,-0.6778187248056703,No,24,4,1,2,2,2.0,-1.192629767111413,6,3,2.75,2,2,-0.8174557584840876,1.0,2,2.0,-0.6152821934957711,2,2.0,-0.058265062621700905,2,2.0,-0.5950247357715714
27,No,Non-Travel,691,691,-0.27629042360079165,Research & Development,9,3,Medical,4,Male,57,57,-0.4373540057556636,3,1,Research Scientist,2,Divorced,2024,2024,-0.9513535274108451,0,5970,5970,-1.1721486638272411,6,6.0,1.3237753399036383,No,18,3,4,1,6,6.0,-0.6785426011840899,1,1,2.75,2,2,-0.8174557584840876,0.3333333333333333,2,2.0,-0.6152821934957711,2,2.0,-0.058265062621700905,2,2.0,-0.5950247357715714
28,No,Travel_Rarely,440,440,-0.8983333970386292,Research & Development,21,3,Medical,3,Male,42,42,-1.1752006644944695,3,1,Research Scientist,4,Married,2713,2713,-0.8050055400050811,0,6672,6672,-1.0735224905128726,1,1.0,-0.6778187248056703,No,11,3,3,1,5,5.0,-0.8070643926659207,2,1,2.75,5,5,-0.32778177109816264,1.0,2,2.0,-0.6152821934957711,0,0.0,-0.6789146428573514,2,2.0,-0.5950247357715714
57,No,Travel_Rarely,334,334,-1.1610288360203456,Research & Development,24,2,Life Sciences,3,Male,83,83,0.8415802027249334,4,3,Healthcare Representative,4,Divorced,9439,9439,0.6236396897353668,0,23402,23402,1.276927480355197,3,3.0,0.12281890107805317,Yes,16,3,2,1,12,12.0,0.09258814770689477,2,1,2.5,5,5,-0.32778177109816264,0.4166666666666667,3,3.0,-0.339278280066091,1,1.0,-0.3685898527395261,4,4.0,-0.03450800301867408
27,No,Non-Travel,1450,1450,1.6047080498626296,Research & Development,3,3,Medical,3,Male,79,79,0.6448210937279185,2,1,Research Scientist,3,Divorced,2566,2566,-0.8362292760698813,0,25326,25326,1.5472362516612441,1,1.0,-0.6778187248056703,Yes,15,3,4,1,1,1.0,-1.3211515585932438,2,2,3.0,1,1,-0.9806804209460626,1.0,1,1.0,-0.8912861069254512,0,0.0,-0.6789146428573514,1,1.0,-0.8752831021480201
50,No,Travel_Rarely,1452,1452,1.6096645675792658,Research & Development,11,3,Life Sciences,3,Female,53,53,-0.6341131147526785,3,5,Manager,2,Single,19926,16581,2.140645968475521,1,17053,17053,0.38493663367011793,3,3.0,0.12281890107805317,No,15,3,2,0,21,21.0,1.2492842710433718,5,3,2.5,5,5,-0.32778177109816264,0.23809523809523808,4,4.0,-0.06327436663641088,4,4.0,0.5623845176139496,4,4.0,-0.03450800301867408
41,No,Travel_Rarely,465,465,-0.8363769255806773,Research & Development,14,3,Life Sciences,1,Male,56,56,-0.4865437830049173,3,1,Research Scientist,3,Divorced,2451,2451,-0.8606560083654732,0,4609,4609,-1.3633598061076622,4,4.0,0.5231377140199149,No,12,3,1,1,13,13.0,0.22110993918872554,2,3,2.0,9,9,0.32511687874973727,0.6923076923076923,8,8.0,1.0407412870823096,1,1.0,-0.3685898527395261,8,8.0,1.0865254624871206
30,No,Travel_Rarely,1339,1339,1.329621316589323,Sales,5,3,Life Sciences,2,Female,41,41,-1.2243904417437232,3,3,Sales Executive,4,Married,9419,9419,0.6193915623796117,0,8053,8053,-0.8795014857448629,2,2.0,-0.27749991186380857,No,12,3,3,1,12,12.0,0.09258814770689477,2,3,3.0,10,10,0.48834154121171225,0.8333333333333334,9,9.0,1.3167452005119897,7,7.0,1.493358887967425,4,4.0,-0.03450800301867408
38,No,Travel_Rarely,702,702,-0.2490295761592928,Sales,1,4,Life Sciences,1,Female,59,59,-0.3389744512571561,2,2,Sales Executive,4,Single,8686,8686,0.4636976947911864,0,12930,12930,-0.19431651814632273,4,4.0,0.5231377140199149,No,22,4,3,0,12,12.0,0.09258814770689477,2,4,3.0,8,8,0.1618922162877623,0.6666666666666666,3,3.0,-0.339278280066091,0,0.0,-0.6789146428573514,7,7.0,0.8062670961106719
32,No,Travel_Rarely,120,120,-1.6913762317004144,Research & Development,6,5,Life Sciences,3,Male,43,43,-1.1260108872452157,3,1,Research Scientist,3,Single,3038,3038,-0.7359734704740604,0,12430,12430,-0.26456308033604387,3,3.0,0.12281890107805317,No,20,4,1,0,8,8.0,-0.42149901822042835,2,3,2.5,5,5,-0.32778177109816264,0.625,4,4.0,-0.06327436663641088,1,1.0,-0.3685898527395261,4,4.0,-0.03450800301867408
27,No,Travel_Rarely,1157,1157,0.8785782043754328,Research & Development,17,3,Technical Degree,3,Male,51,51,-0.732492669251186,3,1,Research Scientist,2,Married,3058,3058,-0.7317253431183053,0,13364,13364,-0.13334250216564475,0,0.0,-1.078137537747532,Yes,16,3,4,1,6,6.0,-0.6785426011840899,3,2,2.75,5,5,-0.32778177109816264,0.8333333333333334,2,2.0,-0.6152821934957711,1,1.0,-0.3685898527395261,1,1.0,-0.8752831021480201
19,Yes,Travel_Frequently,602,602,-0.4968554619911006,Sales,1,1,Technical Degree,3,Female,100,100,1.6778064159622468,1,1,Sales Representative,1,Single,2325,2325,-0.8874192107067305,0,20989,20989,0.9379175712276029,0,0.0,-1.078137537747532,No,21,4,1,0,1,1.0,-1.3211515585932438,5,4,2.25,0,0,-1.1439050834080375,0.0,0,0.0,-1.1672900203551313,0,0.0,-0.6789146428573514,0,0.0,-1.1555414685244687
36,No,Travel_Frequently,1480,1480,1.679055815612172,Research & Development,3,2,Medical,4,Male,30,30,-1.7654779914855143,3,1,Laboratory Technician,2,Single,2088,2088,-0.9377595198724287,0,15062,15062,0.10521482303064829,4,4.0,0.5231377140199149,No,12,3,3,0,13,13.0,0.22110993918872554,3,2,2.75,8,8,0.1618922162877623,0.6153846153846154,7,7.0,0.7647373736526294,7,7.0,1.493358887967425,2,2.0,-0.5950247357715714
30,No,Non-Travel,111,111,-1.713680561425277,Research & Development,9,3,Medical,3,Male,66,66,0.005353989487620002,3,2,Laboratory Technician,1,Divorced,3072,3072,-0.7287516539692767,0,11012,11012,-0.4637823307060931,1,1.0,-0.6778187248056703,No,11,3,3,2,12,12.0,0.09258814770689477,4,3,2.5,12,12,0.8147908661356622,1.0,9,9.0,1.3167452005119897,6,6.0,1.1830340978496,10,10.0,1.6470421952400178
45,No,Travel_Rarely,1268,1268,1.1536649376487396,Sales,4,2,Life Sciences,3,Female,30,30,-1.7654779914855143,3,2,Sales Executive,1,Divorced,5006,5006,-0.3179577386677563,0,6319,6319,-1.1231165634188158,4,4.0,0.5231377140199149,Yes,11,3,1,1,9,9.0,-0.29297722673859755,3,4,2.25,5,5,-0.32778177109816264,0.5555555555555556,4,4.0,-0.06327436663641088,0,0.0,-0.6789146428573514,3,3.0,-0.31476636939512276
56,No,Travel_Rarely,713,713,-0.22176872871779393,Research & Development,8,3,Life Sciences,3,Female,67,67,0.05454376673687373,3,1,Research Scientist,1,Divorced,4257,4257,-0.47705010814078563,0,13939,13939,-0.052558955647465426,4,4.0,0.5231377140199149,Yes,18,3,3,1,19,19.0,0.9922406880797102,3,3,2.5,2,2,-0.8174557584840876,0.10526315789473684,2,2.0,-0.6152821934957711,2,2.0,-0.058265062621700905,2,2.0,-0.5950247357715714
33,No,Travel_Rarely,134,134,-1.6566806076839613,Research & Development,2,3,Life Sciences,3,Male,90,90,1.1859086434697095,3,1,Research Scientist,4,Single,2500,2500,-0.8502480963438732,0,10515,10515,-0.5336074135226759,0,0.0,-1.078137537747532,No,14,3,1,0,4,4.0,-0.9355861841477514,2,4,3.0,3,3,-0.6542310960221126,0.75,1,1.0,-0.8912861069254512,0,0.0,-0.6789146428573514,2,2.0,-0.5950247357715714
19,Yes,Travel_Rarely,303,303,-1.237854860628206,Research & Development,2,3,Life Sciences,2,Male,47,47,-0.9292517782482008,2,1,Laboratory Technician,4,Single,1102,1102,-1.1471921985111562,0,9241,9241,-0.7125956539820855,1,1.0,-0.6778187248056703,No,22,4,3,0,1,1.0,-1.3211515585932438,3,2,2.75,1,1,-0.9806804209460626,1.0,0,0.0,-1.1672900203551313,1,1.0,-0.3685898527395261,0,0.0,-1.1555414685244687
46,No,Travel_Rarely,526,526,-0.6852031352232746,Sales,1,2,Marketing,2,Female,92,92,1.284288197968217,3,3,Sales Executive,1,Divorced,10453,10453,0.8390197466721515,0,2137,2137,-1.7106588095736437,1,1.0,-0.6778187248056703,No,25,4,3,3,24,24.0,1.6348496454888641,2,3,2.25,24,18,1.794138840907512,1.0,13,13.0,2.42076085423071,15,7.5,1.6485212830263376,7,7.0,0.8062670961106719
38,No,Travel_Rarely,1380,1380,1.4312299297803643,Research & Development,9,2,Life Sciences,3,Female,75,75,0.4480619847309036,3,1,Laboratory Technician,4,Single,2288,2288,-0.8952782463148775,0,6319,6319,-1.1231165634188158,1,1.0,-0.6778187248056703,No,12,3,3,0,2,2.0,-1.192629767111413,3,3,3.25,2,2,-0.8174557584840876,1.0,2,2.0,-0.6152821934957711,2,2.0,-0.058265062621700905,1,1.0,-0.8752831021480201
31,No,Travel_Rarely,140,140,-1.6418110545340527,Research & Development,12,1,Medical,3,Female,95,95,1.4318575297159781,3,1,Research Scientist,4,Married,3929,3929,-0.5467193967751697,0,6984,6984,-1.0296886357064867,8,8.0,2.124412965787362,Yes,23,4,3,1,7,7.0,-0.5500208097022591,0,3,3.25,4,4,-0.4910064335601377,0.5714285714285714,2,2.0,-0.6152821934957711,0,0.0,-0.6789146428573514,2,2.0,-0.5950247357715714
34,No,Travel_Rarely,629,629,-0.4299424728165125,Research & Development,27,2,Medical,4,Female,95,95,1.4318575297159781,3,1,Research Scientist,2,Single,2311,2311,-0.8903928998557591,0,5711,5711,-1.2085363830415168,2,2.0,-0.27749991186380857,No,15,3,4,0,9,9.0,-0.29297722673859755,3,3,3.25,3,3,-0.6542310960221126,0.3333333333333333,2,2.0,-0.6152821934957711,1,1.0,-0.3685898527395261,2,2.0,-0.5950247357715714
41,Yes,Travel_Rarely,1356,1356,1.3717517171807303,Sales,20,2,Marketing,2,Female,70,70,0.20211309848463493,3,1,Sales Representative,2,Single,3140,3140,-0.7143080209597092,0,21728,21728,1.0417419901440108,1,1.0,-0.6778187248056703,Yes,22,4,4,0,4,4.0,-0.9355861841477514,5,2,2.5,4,4,-0.4910064335601377,1.0,3,3.0,-0.339278280066091,0,0.0,-0.6789146428573514,2,2.0,-0.5950247357715714
50,No,Travel_Rarely,328,328,-1.1758983891702541,Research & Development,1,3,Medical,3,Male,86,86,0.9891495344726946,2,1,Laboratory Technician,3,Married,3690,3690,-0.5974845186764434,0,3425,3425,-1.529703665372922,2,2.0,-0.27749991186380857,No,15,3,4,1,5,5.0,-0.8070643926659207,2,2,3.0,3,3,-0.6542310960221126,0.6,2,2.0,-0.6152821934957711,0,0.0,-0.6789146428573514,2,2.0,-0.5950247357715714
53,No,Travel_Rarely,1084,1084,0.6976653077182131,Research & Development,13,2,Medical,4,Female,57,57,-0.4373540057556636,4,2,Manufacturing Director,1,Divorced,4450,4450,-0.4360556791577487,0,26250,26250,1.6770518985878489,1,1.0,-0.6778187248056703,No,11,3,3,2,5,5.0,-0.8070643926659207,3,3,2.75,4,4,-0.4910064335601377,0.8,2,2.0,-0.6152821934957711,1,1.0,-0.3685898527395261,3,3.0,-0.31476636939512276
33,No,Travel_Rarely,931,931,0.31849170239554714,Research & Development,14,3,Medical,4,Female,72,72,0.30049265298314237,3,1,Research Scientist,2,Married,2756,2756,-0.7958720661902076,0,4673,4673,-1.3543682461473778,1,1.0,-0.6778187248056703,No,13,3,4,1,8,8.0,-0.42149901822042835,5,3,3.25,8,8,0.1618922162877623,1.0,7,7.0,0.7647373736526294,1,1.0,-0.3685898527395261,6,6.0,0.5260087297342232
40,No,Travel_Rarely,989,989,0.46223071617799566,Research & Development,4,1,Medical,4,Female,46,46,-0.9784415554974546,3,5,Manager,3,Married,19033,16581,2.140645968475521,1,6499,6499,-1.0978278010305162,1,1.0,-0.6778187248056703,No,14,3,2,1,21,21.0,1.2492842710433718,2,3,3.0,20,18,1.794138840907512,0.9523809523809523,8,8.0,1.0407412870823096,9,7.5,1.6485212830263376,9,9.0,1.3667838288635692
55,No,Travel_Rarely,692,692,-0.27381216474247355,Research & Development,14,4,Medical,3,Male,61,61,-0.24059489675864865,4,5,Research Director,2,Single,18722,16581,2.140645968475521,1,13339,13339,-0.13685483027513082,8,8.0,2.124412965787362,No,11,3,4,0,36,28.5,2.2131977071571027,3,3,3.0,24,18,1.794138840907512,0.6666666666666666,15,14.5,2.8347667243752306,2,2.0,-0.058265062621700905,15,14.5,2.908204843934037
34,No,Travel_Frequently,1069,1069,0.6604914248434419,Research & Development,2,1,Life Sciences,4,Male,45,45,-1.0276313327467084,2,2,Manufacturing Director,3,Married,9547,9547,0.6465795774564445,0,14074,14074,-0.033592383856240714,1,1.0,-0.6778187248056703,No,17,3,3,0,10,10.0,-0.16445543525676679,2,2,3.0,10,10,0.48834154121171225,1.0,9,9.0,1.3167452005119897,1,1.0,-0.3685898527395261,9,9.0,1.3667838288635692
51,No,Travel_Rarely,313,313,-1.2130722720450253,Research & Development,3,3,Medical,4,Female,98,98,1.5794268614637395,3,4,Healthcare Representative,2,Single,13734,13734,1.5359250393837793,0,7192,7192,-1.0004660658355626,3,3.0,0.12281890107805317,No,18,3,3,0,21,21.0,1.2492842710433718,6,3,3.0,7,7,-0.0013324461742127045,0.3333333333333333,7,7.0,0.7647373736526294,1,1.0,-0.3685898527395261,0,0.0,-1.1555414685244687
52,No,Travel_Rarely,699,699,-0.256464352734247,Research & Development,1,4,Life Sciences,3,Male,65,65,-0.04383578776163373,2,5,Manager,3,Married,19999,16581,2.140645968475521,1,5678,5678,-1.2131726561460383,0,0.0,-1.078137537747532,No,14,3,1,1,34,28.5,2.2131977071571027,5,3,2.5,33,18,1.794138840907512,0.9705882352941176,18,14.5,2.8347667243752306,11,7.5,1.6485212830263376,9,9.0,1.3667838288635692
27,No,Travel_Rarely,894,894,0.22679612463777823,Research & Development,9,3,Medical,4,Female,99,99,1.628616638712993,3,1,Research Scientist,2,Single,2279,2279,-0.8971899036249673,0,11781,11781,-0.35574311805830194,1,1.0,-0.6778187248056703,No,16,3,4,0,7,7.0,-0.5500208097022591,2,2,3.0,7,7,-0.0013324461742127045,1.0,7,7.0,0.7647373736526294,0,0.0,-0.6789146428573514,3,3.0,-0.31476636939512276
35,Yes,Travel_Rarely,556,556,-0.6108553694737322,Research & Development,23,2,Life Sciences,2,Male,50,50,-0.7816824465004397,2,2,Manufacturing Director,3,Married,5916,5916,-0.12466794398089817,0,15497,15497,0.1663293321357057,3,3.0,0.12281890107805317,Yes,13,3,1,0,8,8.0,-0.42149901822042835,1,3,2.25,1,1,-0.9806804209460626,0.125,0,0.0,-1.1672900203551313,0,0.0,-0.6789146428573514,1,1.0,-0.8752831021480201
43,No,Non-Travel,1344,1344,1.3420126108809134,Research & Development,7,3,Medical,4,Male,37,37,-1.4211495507407381,4,1,Research Scientist,4,Divorced,2089,2089,-0.9375471135046409,0,5228,5228,-1.2763945621167874,4,4.0,0.5231377140199149,No,14,3,4,3,7,7.0,-0.5500208097022591,3,4,4.0,5,5,-0.32778177109816264,0.7142857142857143,4,4.0,-0.06327436663641088,2,2.0,-0.058265062621700905,2,2.0,-0.5950247357715714
45,No,Non-Travel,1195,1195,0.9727520409915198,Research & Development,2,2,Medical,1,Male,65,65,-0.04383578776163373,2,4,Manager,4,Married,16792,16581,2.140645968475521,1,20462,20462,0.8638776946796368,9,8.5,2.324572372258293,No,23,4,4,1,22,22.0,1.3778060625252024,1,3,3.0,20,18,1.794138840907512,0.9090909090909091,8,8.0,1.0407412870823096,11,7.5,1.6485212830263376,8,8.0,1.0865254624871206
37,No,Travel_Rarely,290,290,-1.270072225786341,Research & Development,21,3,Life Sciences,2,Male,65,65,-0.04383578776163373,4,1,Research Scientist,1,Married,3564,3564,-0.6242477210177007,0,22977,22977,1.2172179024939342,1,1.0,-0.6778187248056703,Yes,12,3,1,1,8,8.0,-0.42149901822042835,3,2,1.5,8,8,0.1618922162877623,1.0,7,7.0,0.7647373736526294,1,1.0,-0.3685898527395261,7,7.0,0.8062670961106719
35,No,Travel_Frequently,138,138,-1.646767572250689,Research & Development,2,3,Medical,2,Female,37,37,-1.4211495507407381,3,2,Laboratory Technician,2,Single,4425,4425,-0.4413658383524426,0,15986,15986,0.235030469957253,5,5.0,0.9234565269617766,No,11,3,4,0,10,10.0,-0.16445543525676679,5,3,2.75,6,6,-0.1645571086361877,0.6,2,2.0,-0.6152821934957711,1,1.0,-0.3685898527395261,2,2.0,-0.5950247357715714
42,No,Non-Travel,926,926,0.3061004081039567,Research & Development,21,2,Medical,3,Female,36,36,-1.470339327989992,3,2,Manufacturing Director,3,Divorced,5265,5265,-0.2629444894107274,0,16439,16439,0.2986738553011404,2,2.0,-0.27749991186380857,No,16,3,2,1,11,11.0,-0.035933643774936005,5,3,2.75,5,5,-0.32778177109816264,0.45454545454545453,3,3.0,-0.339278280066091,0,0.0,-0.6789146428573514,2,2.0,-0.5950247357715714
38,No,Travel_Rarely,1261,1261,1.136317125640513,Research & Development,2,4,Life Sciences,4,Male,88,88,1.0875290889712022,3,2,Manufacturing Director,3,Married,6553,6553,0.010634912299902504,0,7259,7259,-0.9910530265021401,9,8.5,2.324572372258293,No,14,3,2,0,14,14.0,0.3496317306705563,3,3,3.0,1,1,-0.9806804209460626,0.07142857142857142,0,0.0,-1.1672900203551313,0,0.0,-0.6789146428573514,0,0.0,-1.1555414685244687
38,No,Travel_Rarely,1084,1084,0.6976653077182131,Research & Development,29,3,Technical Degree,4,Male,54,54,-0.5849233375034247,3,2,Manufacturing Director,4,Married,6261,6261,-0.05138774709412229,0,4185,4185,-1.4229288908445457,3,3.0,0.12281890107805317,No,18,3,1,1,9,9.0,-0.29297722673859755,3,1,2.5,7,7,-0.0013324461742127045,0.7777777777777778,7,7.0,0.7647373736526294,1,1.0,-0.3685898527395261,7,7.0,0.8062670961106719
27,No,Travel_Frequently,472,472,-0.8190291135724508,Research & Development,1,1,Technical Degree,3,Male,60,60,-0.28978467400790237,2,2,Manufacturing Director,1,Married,4298,4298,-0.4683414470614876,0,9679,9679,-0.6510596655038897,5,5.0,0.9234565269617766,No,19,3,3,1,6,6.0,-0.6785426011840899,1,3,2.5,2,2,-0.8174557584840876,0.3333333333333333,2,2.0,-0.6152821934957711,2,2.0,-0.058265062621700905,0,0.0,-1.1555414685244687
49,No,Non-Travel,1002,1002,0.49444808133613066,Research & Development,18,4,Life Sciences,4,Male,92,92,1.284288197968217,3,2,Manufacturing Director,4,Divorced,6804,6804,0.0639489106146293,0,23793,23793,1.331860291987559,1,1.0,-0.6778187248056703,Yes,15,3,1,2,7,7.0,-0.5500208097022591,0,3,3.0,7,7,-0.0013324461742127045,1.0,7,7.0,0.7647373736526294,1,1.0,-0.3685898527395261,7,7.0,0.8062670961106719
34,No,Travel_Frequently,878,878,0.18714398290468898,Research & Development,10,4,Medical,4,Male,43,43,-1.1260108872452157,3,1,Research Scientist,3,Divorced,3815,3815,-0.5709337227029738,0,5972,5972,-1.1718676775784824,1,1.0,-0.6778187248056703,Yes,17,3,4,1,5,5.0,-0.8070643926659207,4,4,3.75,5,5,-0.32778177109816264,1.0,3,3.0,-0.339278280066091,2,2.0,-0.058265062621700905,0,0.0,-1.1555414685244687
40,No,Travel_Rarely,905,905,0.2540569720792771,Research & Development,19,2,Medical,3,Male,99,99,1.628616638712993,3,2,Laboratory Technician,4,Married,2741,2741,-0.7990581617070239,0,16523,16523,0.3104752777490135,8,8.0,2.124412965787362,Yes,15,3,3,1,15,15.0,0.4781535221523871,2,4,3.5,7,7,-0.0013324461742127045,0.4666666666666667,2,2.0,-0.6152821934957711,3,3.0,0.2520597274961243,7,7.0,0.8062670961106719
38,Yes,Travel_Rarely,1180,1180,0.9355781581167486,Research & Development,29,1,Medical,2,Male,70,70,0.20211309848463493,3,2,Healthcare Representative,1,Married,6673,6673,0.03612367643443324,0,11354,11354,-0.4157336821683238,7,7.0,1.7240941528455003,Yes,19,3,2,0,17,17.0,0.7351971051160486,2,3,2.0,1,1,-0.9806804209460626,0.058823529411764705,0,0.0,-1.1672900203551313,0,0.0,-0.6789146428573514,0,0.0,-1.1555414685244687
29,Yes,Travel_Rarely,121,121,-1.6888979728420963,Sales,27,3,Marketing,2,Female,35,35,-1.5195291052392457,3,3,Sales Executive,4,Married,7639,7639,0.24130822771740568,0,24525,24525,1.4347012590333108,1,1.0,-0.6778187248056703,No,22,4,4,3,10,10.0,-0.16445543525676679,3,2,3.0,10,10,0.48834154121171225,1.0,4,4.0,-0.06327436663641088,1,1.0,-0.3685898527395261,9,9.0,1.3667838288635692
22,No,Travel_Rarely,1136,1136,0.8265347683507531,Research & Development,5,3,Life Sciences,4,Male,60,60,-0.28978467400790237,4,1,Research Scientist,2,Divorced,2328,2328,-0.8867819916033672,0,12392,12392,-0.2699018190624627,1,1.0,-0.6778187248056703,Yes,16,3,1,1,4,4.0,-0.9355861841477514,2,2,2.25,4,4,-0.4910064335601377,1.0,2,2.0,-0.6152821934957711,2,2.0,-0.058265062621700905,2,2.0,-0.5950247357715714
36,No,Travel_Frequently,635,635,-0.41507291966660403,Research & Development,18,1,Medical,2,Female,73,73,0.3496824302323961,3,1,Laboratory Technician,4,Single,2153,2153,-0.9239531059662246,0,7703,7703,-0.9286740792776677,1,1.0,-0.6778187248056703,No,13,3,1,0,8,8.0,-0.42149901822042835,2,3,2.5,8,8,0.1618922162877623,1.0,1,1.0,-0.8912861069254512,1,1.0,-0.3685898527395261,7,7.0,0.8062670961106719
40,No,Non-Travel,1151,1151,0.8637086512255243,Research & Development,9,5,Life Sciences,4,Male,63,63,-0.14221534226014118,2,2,Healthcare Representative,4,Married,4876,4876,-0.34557056648016454,0,14242,14242,-0.009989538960494405,9,8.5,2.324572372258293,No,14,3,4,1,5,5.0,-0.8070643926659207,5,1,3.25,3,3,-0.6542310960221126,0.6,2,2.0,-0.6152821934957711,0,0.0,-0.6789146428573514,2,2.0,-0.5950247357715714
46,No,Travel_Rarely,644,644,-0.39276858994174135,Research & Development,1,4,Medical,4,Male,97,97,1.5302370842144857,3,3,Healthcare Representative,1,Divorced,9396,9396,0.6145062159204933,0,12368,12368,-0.2732736540475693,7,7.0,1.7240941528455003,No,16,3,3,1,17,17.0,0.7351971051160486,3,3,2.75,4,4,-0.4910064335601377,0.23529411764705882,2,2.0,-0.6152821934957711,0,0.0,-0.6789146428573514,3,3.0,-0.31476636939512276
32,Yes,Travel_Rarely,1045,1045,0.601013212243808,Sales,4,4,Medical,4,Male,32,32,-1.6670984369870068,1,3,Sales Executive,4,Married,10400,10400,0.8277622091794005,0,25812,25812,1.6155159101096532,1,1.0,-0.6778187248056703,No,11,3,3,0,14,14.0,0.3496317306705563,2,2,3.25,14,14,1.1412401910596122,1.0,8,8.0,1.0407412870823096,9,7.5,1.6485212830263376,8,8.0,1.0865254624871206
30,No,Non-Travel,829,829,0.06570929884710314,Research & Development,1,1,Life Sciences,3,Male,88,88,1.0875290889712022,2,3,Manufacturing Director,3,Single,8474,8474,0.4186675448201821,0,20925,20925,0.9289260112673186,1,1.0,-0.6778187248056703,No,22,4,3,0,12,12.0,0.09258814770689477,2,3,3.0,11,11,0.6515662036736872,0.9166666666666666,8,8.0,1.0407412870823096,5,5.0,0.8727093077317748,8,8.0,1.0865254624871206
27,No,Travel_Frequently,1242,1242,1.0892302073324693,Sales,20,3,Life Sciences,4,Female,90,90,1.1859086434697095,3,2,Sales Executive,3,Single,9981,9981,0.7387639410763306,0,12916,12916,-0.19628342188763492,1,1.0,-0.6778187248056703,No,14,3,4,0,7,7.0,-0.5500208097022591,2,3,3.5,7,7,-0.0013324461742127045,1.0,7,7.0,0.7647373736526294,0,0.0,-0.6789146428573514,7,7.0,0.8062670961106719
51,No,Travel_Rarely,1469,1469,1.6517949681706732,Research & Development,8,4,Life Sciences,2,Male,81,81,0.743200648226426,2,3,Research Director,2,Married,12490,12490,1.2716915178558108,0,15736,15736,0.19990718886239242,5,5.0,0.9234565269617766,No,16,3,4,2,16,16.0,0.6066753136342179,5,1,2.25,10,10,0.48834154121171225,0.625,9,9.0,1.3167452005119897,4,4.0,0.5623845176139496,7,7.0,0.8062670961106719
30,Yes,Travel_Rarely,1005,1005,0.5018828579110849,Research & Development,3,3,Technical Degree,4,Female,88,88,1.0875290889712022,3,1,Research Scientist,1,Single,2657,2657,-0.8169002966011955,0,8556,8556,-0.8088334441820034,5,5.0,0.9234565269617766,Yes,11,3,3,0,8,8.0,-0.42149901822042835,5,3,2.75,5,5,-0.32778177109816264,0.625,2,2.0,-0.6152821934957711,0,0.0,-0.6789146428573514,4,4.0,-0.03450800301867408
41,No,Travel_Rarely,896,896,0.23175264235441437,Sales,6,3,Life Sciences,4,Female,75,75,0.4480619847309036,3,3,Manager,4,Single,13591,13591,1.5055509287901303,0,14674,14674,0.05070349077142467,3,3.0,0.12281890107805317,Yes,18,3,3,0,16,16.0,0.6066753136342179,3,3,3.5,1,1,-0.9806804209460626,0.0625,0,0.0,-1.1672900203551313,0,0.0,-0.6789146428573514,0,0.0,-1.1555414685244687
30,Yes,Travel_Frequently,334,334,-1.1610288360203456,Sales,26,4,Marketing,3,Female,52,52,-0.6833028920019322,2,2,Sales Executive,1,Single,6696,6696,0.041009022893551635,0,22967,22967,1.2158129712501398,5,5.0,0.9234565269617766,No,15,3,3,0,9,9.0,-0.29297722673859755,5,2,2.25,6,6,-0.1645571086361877,0.6666666666666666,3,3.0,-0.339278280066091,0,0.0,-0.6789146428573514,1,1.0,-0.8752831021480201
29,Yes,Travel_Rarely,992,992,0.4696654927529499,Research & Development,1,3,Technical Degree,3,Male,85,85,0.9399597572234408,3,1,Research Scientist,3,Single,2058,2058,-0.9441317109060614,0,19757,19757,0.7648300419921299,0,0.0,-1.078137537747532,No,14,3,4,0,7,7.0,-0.5500208097022591,1,2,3.0,6,6,-0.1645571086361877,0.8571428571428571,2,2.0,-0.6152821934957711,1,1.0,-0.3685898527395261,5,5.0,0.2457503633577746
45,No,Non-Travel,1052,1052,0.6183610242520345,Sales,6,3,Medical,4,Female,57,57,-0.4373540057556636,2,3,Sales Executive,4,Single,8865,8865,0.5017184346251947,0,16840,16840,0.3550115981772967,6,6.0,1.3237753399036383,No,12,3,4,0,23,23.0,1.5063278540070333,2,3,3.75,19,18,1.794138840907512,0.8260869565217391,7,7.0,0.7647373736526294,12,7.5,1.6485212830263376,8,8.0,1.0865254624871206
54,No,Travel_Rarely,1147,1147,0.853795615792252,Sales,3,3,Marketing,4,Female,52,52,-0.6833028920019322,3,2,Sales Executive,1,Married,5940,5940,-0.11957019115399202,0,17011,17011,0.37903592244618134,2,2.0,-0.27749991186380857,No,14,3,4,1,16,16.0,0.6066753136342179,4,3,3.0,6,6,-0.1645571086361877,0.375,2,2.0,-0.6152821934957711,0,0.0,-0.6789146428573514,5,5.0,0.2457503633577746
36,No,Travel_Rarely,1396,1396,1.4708820715134534,Research & Development,5,2,Life Sciences,4,Male,62,62,-0.19140511950939493,3,2,Laboratory Technician,2,Single,5914,5914,-0.12509275671647369,0,9945,9945,-0.613688494418958,8,8.0,2.124412965787362,No,16,3,4,0,16,16.0,0.6066753136342179,3,4,3.5,13,13,0.9780155285976372,0.8125,11,11.0,1.8687530273713497,3,3.0,0.2520597274961243,7,7.0,0.8062670961106719
33,No,Travel_Rarely,147,147,-1.6244632425258263,Research & Development,4,4,Medical,3,Female,47,47,-0.9292517782482008,2,1,Research Scientist,2,Married,2622,2622,-0.8243345194737669,0,13248,13248,-0.14963970459366008,6,6.0,1.3237753399036383,No,21,4,4,0,7,7.0,-0.5500208097022591,3,3,3.0,3,3,-0.6542310960221126,0.42857142857142855,2,2.0,-0.6152821934957711,1,1.0,-0.3685898527395261,1,1.0,-0.8752831021480201
37,No,Travel_Frequently,663,663,-0.34568167163369784,Research & Development,11,3,Other,2,Male,47,47,-0.9292517782482008,3,3,Research Director,4,Divorced,12185,12185,1.2069075756805452,0,10056,10056,-0.5980937576128399,1,1.0,-0.6778187248056703,Yes,14,3,3,3,10,10.0,-0.16445543525676679,1,3,3.0,10,10,0.48834154121171225,1.0,8,8.0,1.0407412870823096,0,0.0,-0.6789146428573514,7,7.0,0.8062670961106719
38,No,Travel_Rarely,119,119,-1.6938544905587325,Sales,3,3,Life Sciences,1,Male,76,76,0.4972517619801573,3,3,Sales Executive,3,Divorced,10609,10609,0.8721551400470414,0,9647,9647,-0.6555554454840319,0,0.0,-1.078137537747532,No,12,3,3,2,17,17.0,0.7351971051160486,6,2,2.25,16,16,1.4676895159835621,0.9411764705882353,10,10.0,1.5927491139416698,5,5.0,0.8727093077317748,13,13.0,2.4878172943693637
31,No,Non-Travel,979,979,0.4374481275948149,Research & Development,1,4,Medical,3,Male,90,90,1.1859086434697095,1,2,Manufacturing Director,3,Married,4345,4345,-0.4583583477754631,0,4381,4381,-1.395392238466175,0,0.0,-1.078137537747532,No,12,3,4,1,6,6.0,-0.6785426011840899,2,3,3.25,5,5,-0.32778177109816264,0.8333333333333334,4,4.0,-0.06327436663641088,1,1.0,-0.3685898527395261,4,4.0,-0.03450800301867408
59,No,Travel_Rarely,142,142,-1.6368545368174165,Research & Development,3,3,Life Sciences,3,Male,70,70,0.20211309848463493,2,1,Research Scientist,4,Married,2177,2177,-0.9188553531393184,0,8456,8456,-0.8228827566199476,3,3.0,0.12281890107805317,No,17,3,1,1,7,7.0,-0.5500208097022591,6,3,2.75,1,1,-0.9806804209460626,0.14285714285714285,0,0.0,-1.1672900203551313,0,0.0,-0.6789146428573514,0,0.0,-1.1555414685244687
37,No,Travel_Frequently,319,319,-1.1982027188951168,Sales,4,4,Marketing,1,Male,41,41,-1.2243904417437232,3,1,Sales Representative,4,Divorced,2793,2793,-0.7880130305820606,0,2539,2539,-1.6541805735731079,4,4.0,0.5231377140199149,No,17,3,3,1,13,13.0,0.22110993918872554,2,3,2.75,9,9,0.32511687874973727,0.6923076923076923,8,8.0,1.0407412870823096,5,5.0,0.8727093077317748,8,8.0,1.0865254624871206
29,No,Travel_Frequently,1413,1413,1.5130124721048608,Sales,1,1,Medical,2,Female,42,42,-1.1752006644944695,3,3,Sales Executive,4,Married,7918,7918,0.30056960433018964,0,6599,6599,-1.083778488592572,1,1.0,-0.6778187248056703,No,14,3,4,1,11,11.0,-0.035933643774936005,5,3,3.25,11,11,0.6515662036736872,1.0,10,10.0,1.5927491139416698,4,4.0,0.5623845176139496,1,1.0,-0.8752831021480201
35,No,Travel_Frequently,944,944,0.35070906755368214,Sales,1,3,Marketing,3,Female,92,92,1.284288197968217,3,3,Sales Executive,3,Single,8789,8789,0.48557555067332525,0,9096,9096,-0.7329671570171046,1,1.0,-0.6778187248056703,No,14,3,1,0,10,10.0,-0.16445543525676679,3,4,2.75,10,10,0.48834154121171225,1.0,7,7.0,0.7647373736526294,0,0.0,-0.6789146428573514,8,8.0,1.0865254624871206
29,Yes,Travel_Rarely,896,896,0.23175264235441437,Research & Development,18,1,Medical,3,Male,86,86,0.9891495344726946,2,1,Research Scientist,4,Single,2389,2389,-0.8738252031683141,0,14961,14961,0.09102501746832461,1,1.0,-0.6778187248056703,Yes,13,3,3,0,4,4.0,-0.9355861841477514,3,2,3.0,4,4,-0.4910064335601377,1.0,3,3.0,-0.339278280066091,0,0.0,-0.6789146428573514,1,1.0,-0.8752831021480201
52,No,Travel_Rarely,1323,1323,1.2899691748562339,Research & Development,2,3,Life Sciences,3,Female,89,89,1.1367188662204557,2,1,Laboratory Technician,4,Single,3212,3212,-0.6990147624789907,0,3300,3300,-1.5472653059203523,7,7.0,1.7240941528455003,No,15,3,2,0,6,6.0,-0.6785426011840899,3,2,2.75,2,2,-0.8174557584840876,0.3333333333333333,2,2.0,-0.6152821934957711,2,2.0,-0.058265062621700905,2,2.0,-0.5950247357715714
42,No,Travel_Rarely,532,532,-0.6703335820733661,Research & Development,4,2,Technical Degree,3,Male,58,58,-0.38816422850640986,3,5,Manager,4,Married,19232,16581,2.140645968475521,1,4933,4933,-1.3178400338087228,1,1.0,-0.6778187248056703,No,11,3,4,0,22,22.0,1.3778060625252024,3,3,3.5,22,18,1.794138840907512,1.0,17,14.5,2.8347667243752306,11,7.5,1.6485212830263376,15,14.5,2.908204843934037
59,No,Travel_Rarely,818,818,0.03844845140560428,Human Resources,6,2,Medical,2,Male,52,52,-0.6833028920019322,3,1,Human Resources,3,Married,2267,2267,-0.8997387800384203,0,25657,25657,1.5937394758308396,8,8.0,2.124412965787362,No,17,3,4,0,7,7.0,-0.5500208097022591,2,2,2.75,2,2,-0.8174557584840876,0.2857142857142857,2,2.0,-0.6152821934957711,2,2.0,-0.058265062621700905,2,2.0,-0.5950247357715714
50,No,Travel_Rarely,854,854,0.1276657703050551,Sales,1,4,Medical,4,Female,68,68,0.10373354398612747,3,5,Manager,4,Divorced,19517,16581,2.140645968475521,1,24118,24118,1.377520557410878,3,3.0,0.12281890107805317,No,11,3,3,1,32,28.5,2.2131977071571027,3,2,3.25,7,7,-0.0013324461742127045,0.21875,0,0.0,-1.1672900203551313,0,0.0,-0.6789146428573514,6,6.0,0.5260087297342232
33,Yes,Travel_Rarely,813,813,0.02605715711401389,Research & Development,14,3,Medical,3,Male,58,58,-0.38816422850640986,3,1,Laboratory Technician,4,Married,2436,2436,-0.8638421038822895,0,22149,22149,1.100889595507756,5,5.0,0.9234565269617766,Yes,13,3,3,1,8,8.0,-0.42149901822042835,2,1,2.75,5,5,-0.32778177109816264,0.625,4,4.0,-0.06327436663641088,0,0.0,-0.6789146428573514,4,4.0,-0.03450800301867408
43,No,Travel_Rarely,1034,1034,0.5737523648023092,Sales,16,3,Marketing,4,Female,80,80,0.6940108709771722,3,4,Manager,4,Married,16064,16064,2.030831876329251,0,7744,7744,-0.9229138611781106,5,5.0,0.9234565269617766,Yes,22,4,3,1,22,22.0,1.3778060625252024,3,3,3.5,17,17,1.6309141784455372,0.7727272727272727,13,13.0,2.42076085423071,1,1.0,-0.3685898527395261,9,9.0,1.3667838288635692
33,Yes,Travel_Rarely,465,465,-0.8363769255806773,Research & Development,2,2,Life Sciences,1,Female,39,39,-1.3227699962422308,3,1,Laboratory Technician,1,Married,2707,2707,-0.8062799782118076,0,21509,21509,1.0109739959049129,7,7.0,1.7240941528455003,No,20,4,1,0,13,13.0,0.22110993918872554,3,4,1.75,9,9,0.32511687874973727,0.6923076923076923,7,7.0,0.7647373736526294,1,1.0,-0.3685898527395261,7,7.0,0.8062670961106719
52,No,Non-Travel,771,771,-0.0780297149353454,Sales,2,4,Life Sciences,1,Male,79,79,0.6448210937279185,2,5,Manager,3,Single,19068,16581,2.140645968475521,1,21030,21030,0.9436777893271601,1,1.0,-0.6778187248056703,Yes,18,3,4,0,33,28.5,2.2131977071571027,2,4,3.0,33,18,1.794138840907512,1.0,7,7.0,0.7647373736526294,15,7.5,1.6485212830263376,12,12.0,2.207558927992915
32,No,Travel_Rarely,1401,1401,1.4832733658050439,Sales,4,2,Life Sciences,3,Female,56,56,-0.4865437830049173,3,1,Sales Representative,2,Married,3931,3931,-0.5462945840395941,0,20990,20990,0.9380580643519824,2,2.0,-0.27749991186380857,No,11,3,1,1,6,6.0,-0.6785426011840899,5,3,2.25,4,4,-0.4910064335601377,0.6666666666666666,3,3.0,-0.339278280066091,1,1.0,-0.3685898527395261,2,2.0,-0.5950247357715714
32,Yes,Travel_Rarely,515,515,-0.7124639826647734,Research & Development,1,3,Life Sciences,4,Male,62,62,-0.19140511950939493,2,1,Laboratory Technician,3,Single,3730,3730,-0.5889882639649331,0,9571,9571,-0.6662329229368694,0,0.0,-1.078137537747532,Yes,14,3,4,0,4,4.0,-0.9355861841477514,2,1,3.0,3,3,-0.6542310960221126,0.75,2,2.0,-0.6152821934957711,1,1.0,-0.3685898527395261,2,2.0,-0.5950247357715714
39,No,Travel_Rarely,1431,1431,1.5576211315545863,Research & Development,1,4,Medical,3,Female,96,96,1.481047306965232,3,1,Laboratory Technician,3,Divorced,2232,2232,-0.9071730029109918,0,15417,15417,0.1550898821853503,7,7.0,1.7240941528455003,No,14,3,3,3,7,7.0,-0.5500208097022591,1,3,3.0,3,3,-0.6542310960221126,0.42857142857142855,2,2.0,-0.6152821934957711,1,1.0,-0.3685898527395261,2,2.0,-0.5950247357715714
32,No,Non-Travel,976,976,0.43001335101986066,Sales,26,4,Marketing,3,Male,100,100,1.6778064159622468,3,2,Sales Executive,4,Married,4465,4465,-0.43286958364093236,0,12069,12069,-0.31528109823702255,0,0.0,-1.078137537747532,No,18,3,1,0,4,4.0,-0.9355861841477514,2,3,2.75,3,3,-0.6542310960221126,0.75,2,2.0,-0.6152821934957711,2,2.0,-0.058265062621700905,2,2.0,-0.5950247357715714
41,No,Travel_Rarely,1411,1411,1.5080559543882246,Research & Development,19,2,Life Sciences,3,Male,36,36,-1.470339327989992,3,2,Research Scientist,1,Divorced,3072,3072,-0.7287516539692767,0,19877,19877,0.781689216917663,2,2.0,-0.27749991186380857,No,16,3,1,2,17,17.0,0.7351971051160486,2,2,1.75,1,1,-0.9806804209460626,0.058823529411764705,0,0.0,-1.1672900203551313,0,0.0,-0.6789146428573514,0,0.0,-1.1555414685244687
40,No,Travel_Rarely,1300,1300,1.232969221114918,Research & Development,24,2,Technical Degree,1,Male,62,62,-0.19140511950939493,3,2,Research Scientist,4,Divorced,3319,3319,-0.6762872811257009,0,24447,24447,1.4237427953317143,1,1.0,-0.6778187248056703,No,17,3,1,2,9,9.0,-0.29297722673859755,3,3,2.25,9,9,0.32511687874973727,1.0,8,8.0,1.0407412870823096,4,4.0,0.5623845176139496,7,7.0,0.8062670961106719
45,No,Travel_Rarely,252,252,-1.364246062402428,Research & Development,1,3,Other,3,Male,70,70,0.20211309848463493,4,5,Manager,4,Married,19202,16581,2.140645968475521,1,15970,15970,0.2327825799671819,0,0.0,-1.078137537747532,No,11,3,3,1,25,25.0,1.7633714369706948,2,3,3.25,24,18,1.794138840907512,0.96,0,0.0,-1.1672900203551313,1,1.0,-0.3685898527395261,7,7.0,0.8062670961106719
31,No,Travel_Frequently,1327,1327,1.299882210289506,Research & Development,3,4,Medical,2,Male,73,73,0.3496824302323961,3,3,Research Director,3,Divorced,13675,13675,1.5233930636843018,0,13523,13523,-0.11100409538931343,9,8.5,2.324572372258293,No,12,3,1,1,9,9.0,-0.29297722673859755,3,3,2.25,2,2,-0.8174557584840876,0.2222222222222222,2,2.0,-0.6152821934957711,2,2.0,-0.058265062621700905,2,2.0,-0.5950247357715714
33,No,Travel_Rarely,832,832,0.07314407542205738,Research & Development,5,4,Life Sciences,3,Female,63,63,-0.14221534226014118,2,1,Research Scientist,4,Married,2911,2911,-0.7629490791831054,0,14776,14776,0.0650337894581278,1,1.0,-0.6778187248056703,No,13,3,3,1,2,2.0,-1.192629767111413,2,2,3.0,2,2,-0.8174557584840876,1.0,2,2.0,-0.6152821934957711,0,0.0,-0.6789146428573514,2,2.0,-0.5950247357715714
34,No,Travel_Rarely,470,470,-0.823985631289087,Research & Development,2,4,Life Sciences,4,Male,84,84,0.8907699799741872,2,2,Manufacturing Director,1,Married,5957,5957,-0.11595928290160017,0,23687,23687,1.3169680208033383,6,6.0,1.3237753399036383,No,13,3,2,1,13,13.0,0.22110993918872554,3,3,2.5,11,11,0.6515662036736872,0.8461538461538461,9,9.0,1.3167452005119897,5,5.0,0.8727093077317748,9,9.0,1.3667838288635692
37,No,Travel_Rarely,1017,1017,0.5316219642109018,Research & Development,1,2,Medical,3,Female,83,83,0.8415802027249334,2,1,Research Scientist,1,Married,3920,3920,-0.5486310540852595,0,18697,18697,0.615907330149921,2,2.0,-0.27749991186380857,No,14,3,1,1,17,17.0,0.7351971051160486,2,2,1.75,3,3,-0.6542310960221126,0.17647058823529413,1,1.0,-0.8912861069254512,0,0.0,-0.6789146428573514,2,2.0,-0.5950247357715714
45,No,Travel_Frequently,1199,1199,0.9826650764247921,Research & Development,7,4,Life Sciences,1,Male,77,77,0.5464415392294111,4,2,Manufacturing Director,3,Married,6434,6434,-0.014641445466840479,0,5118,5118,-1.291848805798526,4,4.0,0.5231377140199149,No,17,3,4,1,9,9.0,-0.29297722673859755,1,3,2.75,3,3,-0.6542310960221126,0.3333333333333333,2,2.0,-0.6152821934957711,0,0.0,-0.6789146428573514,2,2.0,-0.5950247357715714
37,Yes,Travel_Frequently,504,504,-0.7397248301062723,Research & Development,10,3,Medical,1,Male,61,61,-0.24059489675864865,3,3,Manufacturing Director,3,Divorced,10048,10048,0.7529951677181103,0,22573,22573,1.1604586802446395,6,6.0,1.3237753399036383,No,11,3,2,2,17,17.0,0.7351971051160486,5,3,2.25,1,1,-0.9806804209460626,0.058823529411764705,0,0.0,-1.1672900203551313,0,0.0,-0.6789146428573514,0,0.0,-1.1555414685244687
39,No,Travel_Frequently,505,505,-0.7372465712479542,Research & Development,2,4,Technical Degree,3,Female,64,64,-0.09302556501088746,3,3,Healthcare Representative,3,Single,10938,10938,0.9420368350492132,0,6420,6420,-1.108926757856492,0,0.0,-1.078137537747532,No,25,4,4,0,20,20.0,1.120762479561541,1,3,3.25,19,18,1.794138840907512,0.95,6,6.0,0.48873346022294933,11,7.5,1.6485212830263376,8,8.0,1.0865254624871206
29,No,Travel_Rarely,665,665,-0.3407251539170617,Research & Development,15,3,Life Sciences,3,Male,60,60,-0.28978467400790237,3,1,Research Scientist,4,Single,2340,2340,-0.8842331151899142,0,22673,22673,1.1745079926825837,1,1.0,-0.6778187248056703,No,19,3,1,0,6,6.0,-0.6785426011840899,1,3,2.75,6,6,-0.1645571086361877,1.0,5,5.0,0.21272954679326922,1,1.0,-0.3685898527395261,5,5.0,0.2457503633577746
42,No,Travel_Rarely,916,916,0.28131781952077595,Research & Development,17,2,Life Sciences,4,Female,82,82,0.7923904254756797,4,2,Research Scientist,1,Single,6545,6545,0.008935661357600455,0,23016,23016,1.2226971343447324,3,3.0,0.12281890107805317,Yes,13,3,3,0,10,10.0,-0.16445543525676679,1,3,2.75,3,3,-0.6542310960221126,0.3,2,2.0,-0.6152821934957711,0,0.0,-0.6789146428573514,2,2.0,-0.5950247357715714
29,No,Travel_Rarely,1247,1247,1.1016215016240598,Sales,20,2,Marketing,4,Male,45,45,-1.0276313327467084,3,2,Sales Executive,4,Divorced,6931,6931,0.09092451932367433,0,10732,10732,-0.503120405532337,2,2.0,-0.27749991186380857,No,14,3,4,1,10,10.0,-0.16445543525676679,2,3,3.75,3,3,-0.6542310960221126,0.3,2,2.0,-0.6152821934957711,0,0.0,-0.6789146428573514,2,2.0,-0.5950247357715714
25,No,Travel_Rarely,685,685,-0.2911599767507001,Research & Development,1,3,Life Sciences,1,Female,62,62,-0.19140511950939493,3,2,Manufacturing Director,3,Married,4898,4898,-0.3408976263888339,0,7505,7505,-0.9564917179047973,0,0.0,-1.078137537747532,No,12,3,4,2,5,5.0,-0.8070643926659207,3,3,2.75,4,4,-0.4910064335601377,0.8,2,2.0,-0.6152821934957711,1,1.0,-0.3685898527395261,2,2.0,-0.5950247357715714
42,No,Travel_Rarely,269,269,-1.3221156618110206,Research & Development,2,3,Medical,4,Female,56,56,-0.4865437830049173,2,1,Laboratory Technician,1,Divorced,2593,2593,-0.8304943041396119,0,8007,8007,-0.8859641694663172,0,0.0,-1.078137537747532,Yes,11,3,3,1,10,10.0,-0.16445543525676679,4,3,2.75,9,9,0.32511687874973727,0.9,6,6.0,0.48873346022294933,7,7.0,1.493358887967425,8,8.0,1.0865254624871206
40,No,Travel_Rarely,1416,1416,1.520447248679815,Research & Development,2,2,Medical,1,Male,49,49,-0.8308722237496934,3,5,Research Director,3,Divorced,19436,16581,2.140645968475521,1,5949,5949,-1.1750990194392095,0,0.0,-1.078137537747532,No,19,3,4,1,22,22.0,1.3778060625252024,5,3,2.75,21,18,1.794138840907512,0.9545454545454546,7,7.0,0.7647373736526294,3,3.0,0.2520597274961243,9,9.0,1.3667838288635692
51,No,Travel_Rarely,833,833,0.07562233428037546,Research & Development,1,3,Life Sciences,3,Male,96,96,1.481047306965232,3,1,Research Scientist,4,Married,2723,2723,-0.8028814763272035,0,23231,23231,1.2529031560863126,1,1.0,-0.6778187248056703,No,11,3,2,0,1,1.0,-1.3211515585932438,0,2,2.75,1,1,-0.9806804209460626,1.0,0,0.0,-1.1672900203551313,0,0.0,-0.6789146428573514,0,0.0,-1.1555414685244687
31,Yes,Travel_Frequently,307,307,-1.2279418251949337,Research & Development,29,2,Medical,3,Male,71,71,0.25130287573388865,2,1,Laboratory Technician,2,Single,3479,3479,-0.6423022622796599,0,11652,11652,-0.37386673110324997,0,0.0,-1.078137537747532,No,11,3,2,0,6,6.0,-0.6785426011840899,2,4,2.75,5,5,-0.32778177109816264,0.8333333333333334,4,4.0,-0.06327436663641088,1,1.0,-0.3685898527395261,4,4.0,-0.03450800301867408
32,No,Travel_Frequently,1311,1311,1.260230068556417,Research & Development,7,3,Life Sciences,2,Male,100,100,1.6778064159622468,4,1,Laboratory Technician,2,Married,2794,2794,-0.7878006242142729,0,26062,26062,1.6506391912045137,1,1.0,-0.6778187248056703,No,20,4,3,0,5,5.0,-0.8070643926659207,3,1,2.0,5,5,-0.32778177109816264,1.0,1,1.0,-0.8912861069254512,0,0.0,-0.6789146428573514,3,3.0,-0.31476636939512276
38,No,Non-Travel,1327,1327,1.299882210289506,Sales,2,2,Life Sciences,4,Male,39,39,-1.3227699962422308,2,2,Sales Executive,4,Married,5249,5249,-0.2663429912953315,0,19682,19682,0.7542930576636718,3,3.0,0.12281890107805317,No,18,3,4,1,13,13.0,0.22110993918872554,0,3,3.75,8,8,0.1618922162877623,0.6153846153846154,7,7.0,0.7647373736526294,7,7.0,1.493358887967425,5,5.0,0.2457503633577746
32,No,Travel_Rarely,128,128,-1.6715501608338696,Research & Development,2,1,Technical Degree,4,Male,84,84,0.8907699799741872,2,2,Laboratory Technician,1,Single,2176,2176,-0.9190677595071062,0,19737,19737,0.7620201795045412,4,4.0,0.5231377140199149,No,13,3,4,0,9,9.0,-0.29297722673859755,5,3,3.0,6,6,-0.1645571086361877,0.6666666666666666,2,2.0,-0.6152821934957711,0,0.0,-0.6789146428573514,4,4.0,-0.03450800301867408
46,No,Travel_Rarely,488,488,-0.7793769718393615,Sales,2,3,Technical Degree,3,Female,75,75,0.4480619847309036,1,4,Manager,2,Married,16872,16581,2.140645968475521,1,14977,14977,0.0932729074583957,3,3.0,0.12281890107805317,Yes,12,3,2,1,28,28.0,2.1489368114161875,2,2,2.25,7,7,-0.0013324461742127045,0.25,7,7.0,0.7647373736526294,7,7.0,1.493358887967425,7,7.0,0.8062670961106719
28,Yes,Travel_Rarely,529,529,-0.6777683586483203,Research & Development,2,4,Life Sciences,1,Male,79,79,0.6448210937279185,3,1,Laboratory Technician,3,Single,3485,3485,-0.6410278240729333,0,14935,14935,0.08737219623445912,2,2.0,-0.27749991186380857,No,11,3,3,0,5,5.0,-0.8070643926659207,5,1,2.0,0,0,-1.1439050834080375,0.0,0,0.0,-1.1672900203551313,0,0.0,-0.6789146428573514,0,0.0,-1.1555414685244687
29,No,Travel_Rarely,1210,1210,1.009925923866291,Sales,2,3,Medical,1,Male,78,78,0.5956313164786647,2,2,Sales Executive,2,Married,6644,6644,0.029963891768588314,0,3687,3687,-1.492894466785508,2,2.0,-0.27749991186380857,No,19,3,2,2,10,10.0,-0.16445543525676679,2,3,2.0,0,0,-1.1439050834080375,0.0,0,0.0,-1.1672900203551313,0,0.0,-0.6789146428573514,0,0.0,-1.1555414685244687
31,No,Travel_Rarely,1463,1463,1.6369254150207648,Research & Development,23,3,Medical,2,Male,64,64,-0.09302556501088746,2,2,Healthcare Representative,4,Married,5582,5582,-0.19561167082200873,0,14408,14408,0.01333231968649302,0,0.0,-1.078137537747532,No,21,4,2,1,10,10.0,-0.16445543525676679,2,3,2.75,9,9,0.32511687874973727,0.9,0,0.0,-1.1672900203551313,7,7.0,1.493358887967425,8,8.0,1.0865254624871206
25,No,Non-Travel,675,675,-0.3159425653338809,Research & Development,5,2,Life Sciences,2,Male,85,85,0.9399597572234408,4,2,Healthcare Representative,1,Divorced,4000,4000,-0.5316385446622389,0,18384,18384,0.5719329822191557,1,1.0,-0.6778187248056703,No,12,3,4,2,6,6.0,-0.6785426011840899,2,3,2.5,6,6,-0.1645571086361877,1.0,3,3.0,-0.339278280066091,1,1.0,-0.3685898527395261,5,5.0,0.2457503633577746
45,No,Travel_Rarely,1385,1385,1.4436212240719546,Research & Development,20,2,Medical,3,Male,79,79,0.6448210937279185,3,4,Healthcare Representative,4,Married,13496,13496,1.4853723238502934,0,7501,7501,-0.957053690402315,0,0.0,-1.078137537747532,Yes,14,3,2,0,21,21.0,1.2492842710433718,2,3,3.0,20,18,1.794138840907512,0.9523809523809523,7,7.0,0.7647373736526294,4,4.0,0.5623845176139496,10,10.0,1.6470421952400178
36,No,Travel_Rarely,1403,1403,1.48822988352168,Research & Development,6,3,Life Sciences,4,Male,47,47,-0.9292517782482008,3,1,Laboratory Technician,4,Married,3210,3210,-0.6994395752145663,0,20251,20251,0.8342336454355744,0,0.0,-1.078137537747532,No,11,3,3,1,16,16.0,0.6066753136342179,4,3,3.5,15,15,1.3044648535215873,0.9375,13,13.0,2.42076085423071,10,7.5,1.6485212830263376,11,11.0,1.9273005616164665
55,No,Travel_Rarely,452,452,-0.8685942907388123,Research & Development,1,3,Medical,4,Male,81,81,0.743200648226426,3,5,Manager,1,Single,19045,16581,2.140645968475521,1,18938,18938,0.6497661731253667,0,0.0,-1.078137537747532,Yes,14,3,3,0,37,28.5,2.2131977071571027,2,3,2.75,36,18,1.794138840907512,0.972972972972973,10,10.0,1.5927491139416698,4,4.0,0.5623845176139496,13,13.0,2.4878172943693637
47,Yes,Non-Travel,666,666,-0.3382468950587436,Research & Development,29,4,Life Sciences,1,Male,88,88,1.0875290889712022,3,3,Manager,2,Married,11849,11849,1.135539036103859,0,10268,10268,-0.5683092152443981,1,1.0,-0.6778187248056703,Yes,12,3,4,1,10,10.0,-0.16445543525676679,2,2,2.25,10,10,0.48834154121171225,1.0,7,7.0,0.7647373736526294,9,7.5,1.6485212830263376,9,9.0,1.3667838288635692
28,No,Travel_Rarely,1158,1158,0.8810564632337509,Research & Development,9,3,Medical,4,Male,94,94,1.3826677524667244,3,1,Research Scientist,4,Married,2070,2070,-0.9415828344926084,0,2613,2613,-1.643784082369029,1,1.0,-0.6778187248056703,No,23,4,4,1,5,5.0,-0.8070643926659207,3,2,3.5,5,5,-0.32778177109816264,1.0,2,2.0,-0.6152821934957711,0,0.0,-0.6789146428573514,4,4.0,-0.03450800301867408
37,No,Travel_Rarely,228,228,-1.4237242750020618,Sales,6,4,Medical,3,Male,98,98,1.5794268614637395,3,2,Sales Executive,4,Married,6502,6502,-1.9781245727305995E-4,0,22825,22825,1.195862947588259,4,4.0,0.5231377140199149,No,14,3,2,1,7,7.0,-0.5500208097022591,5,4,3.25,5,5,-0.32778177109816264,0.7142857142857143,4,4.0,-0.06327436663641088,0,0.0,-0.6789146428573514,1,1.0,-0.8752831021480201
21,No,Travel_Rarely,996,996,0.4795785281862222,Research & Development,3,2,Medical,4,Male,100,100,1.6778064159622468,2,1,Research Scientist,3,Single,3230,3230,-0.6951914478588112,0,10531,10531,-0.5313595235326048,1,1.0,-0.6778187248056703,No,17,3,1,0,3,3.0,-1.0641079756295821,4,4,3.0,3,3,-0.6542310960221126,1.0,2,2.0,-0.6152821934957711,1,1.0,-0.3685898527395261,0,0.0,-1.1555414685244687
37,No,Non-Travel,728,728,-0.18459484584302277,Research & Development,1,4,Medical,1,Female,80,80,0.6940108709771722,3,3,Research Director,4,Divorced,13603,13603,1.5080998052035834,0,11677,11677,-0.37035440299376393,2,2.0,-0.27749991186380857,Yes,18,3,1,2,15,15.0,0.4781535221523871,2,3,2.25,5,5,-0.32778177109816264,0.3333333333333333,2,2.0,-0.6152821934957711,0,0.0,-0.6789146428573514,2,2.0,-0.5950247357715714
35,No,Travel_Rarely,1315,1315,1.270143103989689,Research & Development,22,3,Life Sciences,2,Female,71,71,0.25130287573388865,4,3,Manager,2,Divorced,11996,11996,1.1667627721686593,0,19100,19100,0.6725260592748363,7,7.0,1.7240941528455003,No,18,3,2,1,10,10.0,-0.16445543525676679,6,2,2.0,7,7,-0.0013324461742127045,0.7,7,7.0,0.7647373736526294,6,6.0,1.1830340978496,2,2.0,-0.5950247357715714
38,No,Travel_Rarely,322,322,-1.1907679423201625,Sales,7,2,Medical,1,Female,44,44,-1.0768211099959621,4,2,Sales Executive,1,Divorced,5605,5605,-0.19072632436289033,0,19191,19191,0.6853109335933656,1,1.0,-0.6778187248056703,Yes,24,4,3,1,8,8.0,-0.42149901822042835,3,3,2.0,8,8,0.1618922162877623,1.0,0,0.0,-1.1672900203551313,7,7.0,1.493358887967425,7,7.0,0.8062670961106719
26,No,Travel_Frequently,1479,1479,1.676577556753854,Research & Development,1,3,Life Sciences,3,Female,84,84,0.8907699799741872,3,2,Manufacturing Director,2,Divorced,6397,6397,-0.022500481074987456,0,26767,26767,1.7496868438920206,1,1.0,-0.6778187248056703,No,20,4,1,1,6,6.0,-0.6785426011840899,6,1,1.75,6,6,-0.1645571086361877,1.0,5,5.0,0.21272954679326922,1,1.0,-0.3685898527395261,4,4.0,-0.03450800301867408
50,No,Travel_Rarely,797,797,-0.013594984619075361,Research & Development,4,1,Life Sciences,1,Male,96,96,1.481047306965232,3,5,Research Director,2,Divorced,19144,16581,2.140645968475521,1,15815,15815,0.21100614568836834,3,3.0,0.12281890107805317,No,14,3,1,2,28,28.0,2.1489368114161875,4,2,1.5,10,10,0.48834154121171225,0.35714285714285715,4,4.0,-0.06327436663641088,1,1.0,-0.3685898527395261,6,6.0,0.5260087297342232
53,No,Travel_Rarely,1070,1070,0.66296968370176,Research & Development,3,4,Medical,3,Male,45,45,-1.0276313327467084,3,4,Research Director,3,Married,17584,16581,2.140645968475521,1,21016,21016,0.9417108855858478,3,3.0,0.12281890107805317,Yes,16,3,4,3,21,21.0,1.2492842710433718,5,2,3.0,5,5,-0.32778177109816264,0.23809523809523808,3,3.0,-0.339278280066091,1,1.0,-0.3685898527395261,3,3.0,-0.31476636939512276
42,No,Travel_Rarely,635,635,-0.41507291966660403,Sales,1,1,Life Sciences,2,Male,99,99,1.628616638712993,3,2,Sales Executive,3,Married,4907,4907,-0.3389859690787441,0,24532,24532,1.435684710903967,1,1.0,-0.6778187248056703,No,25,4,3,0,20,20.0,1.120762479561541,3,3,2.75,20,18,1.794138840907512,1.0,16,14.5,2.8347667243752306,11,7.5,1.6485212830263376,6,6.0,0.5260087297342232
29,No,Travel_Frequently,442,442,-0.8933768793219932,Sales,2,2,Life Sciences,2,Male,44,44,-1.0768211099959621,3,2,Sales Executive,4,Single,4554,4554,-0.41396541690782207,0,20260,20260,0.8354980835549894,1,1.0,-0.6778187248056703,No,18,3,1,0,10,10.0,-0.16445543525676679,3,2,2.25,10,10,0.48834154121171225,1.0,7,7.0,0.7647373736526294,0,0.0,-0.6789146428573514,9,9.0,1.3667838288635692
55,No,Travel_Rarely,147,147,-1.6244632425258263,Research & Development,20,2,Technical Degree,2,Male,37,37,-1.4211495507407381,3,2,Laboratory Technician,4,Married,5415,5415,-0.231083534242564,0,15972,15972,0.2330635662159408,3,3.0,0.12281890107805317,Yes,19,3,4,1,12,12.0,0.09258814770689477,4,3,3.25,10,10,0.48834154121171225,0.8333333333333334,7,7.0,0.7647373736526294,0,0.0,-0.6789146428573514,8,8.0,1.0865254624871206
26,No,Travel_Frequently,496,496,-0.7595509009728169,Research & Development,11,2,Medical,1,Male,60,60,-0.28978467400790237,3,2,Healthcare Representative,1,Married,4741,4741,-0.3742454261315116,0,22722,22722,1.1813921557771765,1,1.0,-0.6778187248056703,Yes,13,3,3,1,5,5.0,-0.8070643926659207,3,3,2.0,5,5,-0.32778177109816264,1.0,3,3.0,-0.339278280066091,3,3.0,0.2520597274961243,3,3.0,-0.31476636939512276
37,No,Travel_Rarely,1372,1372,1.4114038589138196,Research & Development,1,3,Life Sciences,4,Female,42,42,-1.1752006644944695,3,1,Research Scientist,4,Single,2115,2115,-0.9320245479421593,0,15881,15881,0.22027869189741153,1,1.0,-0.6778187248056703,No,12,3,2,0,17,17.0,0.7351971051160486,3,3,3.25,17,17,1.6309141784455372,1.0,12,12.0,2.14475694080103,5,5.0,0.8727093077317748,7,7.0,0.8062670961106719
44,Yes,Travel_Frequently,920,920,0.29123085495404827,Research & Development,24,3,Life Sciences,4,Male,43,43,-1.1260108872452157,3,1,Laboratory Technician,3,Divorced,3161,3161,-0.7098474872361663,0,19920,19920,0.787730421265979,3,3.0,0.12281890107805317,Yes,22,4,4,1,19,19.0,0.9922406880797102,0,1,3.0,1,1,-0.9806804209460626,0.05263157894736842,0,0.0,-1.1672900203551313,0,0.0,-0.6789146428573514,0,0.0,-1.1555414685244687
38,No,Travel_Rarely,688,688,-0.2837252001757459,Research & Development,23,4,Life Sciences,4,Male,82,82,0.7923904254756797,3,2,Healthcare Representative,4,Divorced,5745,5745,-0.16098943287260448,0,18899,18899,0.6442869412745684,9,8.5,2.324572372258293,No,14,3,2,1,10,10.0,-0.16445543525676679,2,3,3.25,2,2,-0.8174557584840876,0.2,2,2.0,-0.6152821934957711,1,1.0,-0.3685898527395261,2,2.0,-0.5950247357715714
26,Yes,Travel_Rarely,1449,1449,1.6022297910043117,Research & Development,16,4,Medical,1,Male,45,45,-1.0276313327467084,3,1,Laboratory Technician,2,Divorced,2373,2373,-0.8772237050529182,0,14180,14180,-0.01870011267201983,2,2.0,-0.27749991186380857,Yes,13,3,4,1,5,5.0,-0.8070643926659207,2,3,2.5,3,3,-0.6542310960221126,0.6,2,2.0,-0.6152821934957711,0,0.0,-0.6789146428573514,2,2.0,-0.5950247357715714
28,No,Travel_Rarely,1117,1117,0.7794478500427097,Research & Development,8,2,Life Sciences,4,Female,66,66,0.005353989487620002,3,1,Research Scientist,4,Single,3310,3310,-0.6781989384357907,0,4488,4488,-1.3803594741575747,1,1.0,-0.6778187248056703,No,21,4,4,0,5,5.0,-0.8070643926659207,3,3,3.75,5,5,-0.32778177109816264,1.0,3,3.0,-0.339278280066091,0,0.0,-0.6789146428573514,2,2.0,-0.5950247357715714
49,No,Travel_Frequently,636,636,-0.41259466080828594,Research & Development,10,4,Life Sciences,3,Female,35,35,-1.5195291052392457,3,5,Research Director,1,Single,18665,16581,2.140645968475521,1,25594,25594,1.5848884089949347,9,8.5,2.324572372258293,Yes,11,3,4,0,22,22.0,1.3778060625252024,4,3,2.75,3,3,-0.6542310960221126,0.13636363636363635,2,2.0,-0.6152821934957711,1,1.0,-0.3685898527395261,2,2.0,-0.5950247357715714
36,No,Travel_Rarely,506,506,-0.7347683123896361,Research & Development,3,3,Technical Degree,3,Male,30,30,-1.7654779914855143,3,2,Research Scientist,2,Single,4485,4485,-0.4286214562851772,0,26285,26285,1.6819691579411293,4,4.0,0.5231377140199149,No,12,3,4,0,10,10.0,-0.16445543525676679,2,3,3.0,8,8,0.1618922162877623,0.8,0,0.0,-1.1672900203551313,7,7.0,1.493358887967425,7,7.0,0.8062670961106719
31,No,Travel_Frequently,444,444,-0.888420361605357,Sales,5,3,Marketing,4,Female,84,84,0.8907699799741872,3,1,Sales Representative,2,Divorced,2789,2789,-0.7888626560532116,0,3909,3909,-1.4617049931732717,1,1.0,-0.6778187248056703,No,11,3,3,1,2,2.0,-1.192629767111413,5,2,2.75,2,2,-0.8174557584840876,1.0,2,2.0,-0.6152821934957711,2,2.0,-0.058265062621700905,2,2.0,-0.5950247357715714
26,Yes,Travel_Rarely,950,950,0.3655786207035906,Sales,4,4,Marketing,4,Male,48,48,-0.8800620009989472,2,2,Sales Executive,4,Single,5828,5828,-0.1433597043462207,0,8450,8450,-0.8237257153662243,1,1.0,-0.6778187248056703,Yes,12,3,2,0,8,8.0,-0.42149901822042835,0,3,3.25,8,8,0.1618922162877623,1.0,7,7.0,0.7647373736526294,7,7.0,1.493358887967425,4,4.0,-0.03450800301867408
37,No,Travel_Frequently,889,889,0.21440483034618785,Research & Development,9,3,Medical,2,Male,53,53,-0.6341131147526785,3,1,Research Scientist,4,Married,2326,2326,-0.8872068043389427,0,11411,11411,-0.4077255740786956,1,1.0,-0.6778187248056703,Yes,12,3,3,3,4,4.0,-0.9355861841477514,3,2,2.75,4,4,-0.4910064335601377,1.0,2,2.0,-0.6152821934957711,1,1.0,-0.3685898527395261,2,2.0,-0.5950247357715714
42,No,Travel_Frequently,555,555,-0.6133336283320503,Sales,26,3,Marketing,3,Female,77,77,0.5464415392294111,3,4,Sales Executive,2,Married,13525,13525,1.4915321085161384,0,14864,14864,0.07739718440351871,5,5.0,0.9234565269617766,No,14,3,4,1,23,23.0,1.5063278540070333,2,4,3.25,20,18,1.794138840907512,0.8695652173913043,4,4.0,-0.06327436663641088,4,4.0,0.5623845176139496,8,8.0,1.0865254624871206
18,Yes,Travel_Rarely,230,230,-1.4187677572854258,Research & Development,3,3,Life Sciences,3,Male,54,54,-0.5849233375034247,3,1,Laboratory Technician,3,Single,1420,1420,-1.07964697355465,0,25233,25233,1.5341703910939561,1,1.0,-0.6778187248056703,No,13,3,3,0,0,0.0,-1.4496733500750745,2,3,3.0,0,0,-1.1439050834080375,0.0,0,0.0,-1.1672900203551313,0,0.0,-0.6789146428573514,0,0.0,-1.1555414685244687
35,No,Travel_Rarely,1232,1232,1.0644476187492886,Sales,16,3,Marketing,3,Male,96,96,1.481047306965232,3,3,Sales Executive,2,Married,8020,8020,0.32223505384454076,0,5100,5100,-1.294377682037356,0,0.0,-1.078137537747532,No,15,3,3,2,12,12.0,0.09258814770689477,3,2,2.5,11,11,0.6515662036736872,0.9166666666666666,9,9.0,1.3167452005119897,6,6.0,1.1830340978496,9,9.0,1.3667838288635692
36,No,Travel_Frequently,566,566,-0.5860727808905515,Research & Development,18,4,Life Sciences,3,Male,81,81,0.743200648226426,4,1,Laboratory Technician,4,Married,3688,3688,-0.5979093314120189,0,7122,7122,-1.0103005845421236,4,4.0,0.5231377140199149,No,18,3,4,2,4,4.0,-0.9355861841477514,2,3,3.5,1,1,-0.9806804209460626,0.25,0,0.0,-1.1672900203551313,0,0.0,-0.6789146428573514,0,0.0,-1.1555414685244687
51,No,Travel_Rarely,1302,1302,1.237925738831554,Research & Development,2,3,Medical,4,Male,84,84,0.8907699799741872,1,2,Manufacturing Director,2,Divorced,5482,5482,-0.21685230760078433,0,16321,16321,0.28209566662436614,5,5.0,0.9234565269617766,No,18,3,4,1,13,13.0,0.22110993918872554,3,3,3.25,4,4,-0.4910064335601377,0.3076923076923077,1,1.0,-0.8912861069254512,1,1.0,-0.3685898527395261,2,2.0,-0.5950247357715714
41,No,Travel_Rarely,334,334,-1.1610288360203456,Sales,2,4,Life Sciences,4,Male,88,88,1.0875290889712022,3,4,Manager,2,Single,16015,16015,2.020423964307651,0,15896,15896,0.22238608876310317,1,1.0,-0.6778187248056703,No,19,3,2,0,22,22.0,1.3778060625252024,2,3,2.75,22,18,1.794138840907512,1.0,10,10.0,1.5927491139416698,0,0.0,-0.6789146428573514,4,4.0,-0.03450800301867408
18,No,Travel_Rarely,812,812,0.023578898255695813,Sales,10,3,Medical,4,Female,69,69,0.1529233212353812,2,1,Sales Representative,3,Single,1200,1200,-1.1263763744679562,0,9724,9724,-0.6447374749068148,1,1.0,-0.6778187248056703,No,12,3,1,0,0,0.0,-1.4496733500750745,2,3,2.75,0,0,-1.1439050834080375,0.0,0,0.0,-1.1672900203551313,0,0.0,-0.6789146428573514,0,0.0,-1.1555414685244687
28,No,Travel_Rarely,1476,1476,1.6691427801788998,Research & Development,16,2,Medical,2,Male,68,68,0.10373354398612747,4,2,Healthcare Representative,1,Single,5661,5661,-0.17883156776677597,0,4824,4824,-1.3331537843660821,0,0.0,-1.078137537747532,No,19,3,3,0,9,9.0,-0.29297722673859755,2,3,2.25,8,8,0.1618922162877623,0.8888888888888888,3,3.0,-0.339278280066091,0,0.0,-0.6789146428573514,7,7.0,0.8062670961106719
31,No,Travel_Rarely,218,218,-1.4485068635852427,Sales,7,3,Technical Degree,2,Male,100,100,1.6778064159622468,4,2,Sales Executive,4,Married,6929,6929,0.09049970658809882,0,12241,12241,-0.29111628084375846,4,4.0,0.5231377140199149,No,11,3,2,1,10,10.0,-0.16445543525676679,3,2,2.5,8,8,0.1618922162877623,0.8,7,7.0,0.7647373736526294,7,7.0,1.493358887967425,7,7.0,0.8062670961106719
39,No,Travel_Rarely,1132,1132,0.8166217329174809,Research & Development,1,3,Medical,3,Male,48,48,-0.8800620009989472,4,3,Healthcare Representative,4,Divorced,9613,9613,0.6605983977304364,0,10942,10942,-0.47361684941265403,0,0.0,-1.078137537747532,No,17,3,1,3,19,19.0,0.9922406880797102,5,2,2.5,18,18,1.794138840907512,0.9473684210526315,10,10.0,1.5927491139416698,3,3.0,0.2520597274961243,7,7.0,0.8062670961106719
36,No,Non-Travel,1105,1105,0.7497087437428928,Research & Development,24,4,Life Sciences,2,Female,47,47,-0.9292517782482008,3,2,Laboratory Technician,2,Married,5674,5674,-0.17607028498553515,0,6927,6927,-1.0376967437961149,7,7.0,1.7240941528455003,No,15,3,3,1,11,11.0,-0.035933643774936005,3,3,2.5,9,9,0.32511687874973727,0.8181818181818182,8,8.0,1.0407412870823096,0,0.0,-0.6789146428573514,8,8.0,1.0865254624871206
32,No,Travel_Rarely,906,906,0.25653523093759517,Sales,7,3,Life Sciences,4,Male,91,91,1.2350984207189633,2,2,Sales Executive,3,Married,5484,5484,-0.21642749486520882,0,16985,16985,0.3753831012123159,1,1.0,-0.6778187248056703,No,14,3,3,1,13,13.0,0.22110993918872554,3,2,3.0,13,13,0.9780155285976372,1.0,8,8.0,1.0407412870823096,4,4.0,0.5623845176139496,8,8.0,1.0865254624871206
38,No,Travel_Rarely,849,849,0.1152744760134647,Research & Development,25,2,Life Sciences,1,Female,81,81,0.743200648226426,2,3,Research Director,2,Married,12061,12061,1.1805691860748635,0,26707,26707,1.741257256429254,3,3.0,0.12281890107805317,No,17,3,3,1,19,19.0,0.9922406880797102,2,3,2.25,10,10,0.48834154121171225,0.5263157894736842,8,8.0,1.0407412870823096,0,0.0,-0.6789146428573514,1,1.0,-0.8752831021480201
58,No,Non-Travel,390,390,-1.0222463399545332,Research & Development,1,4,Life Sciences,4,Male,32,32,-1.6670984369870068,1,2,Healthcare Representative,3,Divorced,5660,5660,-0.17904397413456374,0,17056,17056,0.38535811304325623,2,2.0,-0.27749991186380857,Yes,13,3,4,1,12,12.0,0.09258814770689477,2,3,3.5,5,5,-0.32778177109816264,0.4166666666666667,3,3.0,-0.339278280066091,1,1.0,-0.3685898527395261,2,2.0,-0.5950247357715714
31,No,Travel_Rarely,691,691,-0.27629042360079165,Research & Development,5,4,Technical Degree,3,Male,86,86,0.9891495344726946,3,1,Research Scientist,4,Married,4821,4821,-0.35725291670849113,0,10077,10077,-0.5951434020008717,0,0.0,-1.078137537747532,Yes,12,3,3,1,6,6.0,-0.6785426011840899,4,3,3.25,5,5,-0.32778177109816264,0.8333333333333334,2,2.0,-0.6152821934957711,0,0.0,-0.6789146428573514,3,3.0,-0.31476636939512276
31,No,Travel_Rarely,106,106,-1.7260718557168675,Human Resources,2,3,Human Resources,1,Male,62,62,-0.19140511950939493,2,2,Human Resources,1,Married,6410,6410,-0.019739198293746627,0,17822,17822,0.4929758463179091,3,3.0,0.12281890107805317,No,12,3,4,0,9,9.0,-0.29297722673859755,1,3,2.25,2,2,-0.8174557584840876,0.2222222222222222,2,2.0,-0.6152821934957711,1,1.0,-0.3685898527395261,0,0.0,-1.1555414685244687
45,No,Travel_Frequently,1249,1249,1.106578019340696,Research & Development,7,3,Life Sciences,1,Male,97,97,1.5302370842144857,3,3,Laboratory Technician,1,Divorced,5210,5210,-0.274626839639054,0,20308,20308,0.8422417535252027,1,1.0,-0.6778187248056703,No,18,3,1,1,24,24.0,1.6348496454888641,2,3,1.5,24,18,1.794138840907512,1.0,9,9.0,1.3167452005119897,9,7.5,1.6485212830263376,11,11.0,1.9273005616164665
31,No,Travel_Rarely,192,192,-1.5129415939015127,Research & Development,2,4,Life Sciences,3,Male,32,32,-1.6670984369870068,3,1,Research Scientist,4,Divorced,2695,2695,-0.8088288546252608,0,7747,7747,-0.9224923818049722,0,0.0,-1.078137537747532,Yes,18,3,2,1,3,3.0,-1.0641079756295821,2,1,2.5,2,2,-0.8174557584840876,0.6666666666666666,2,2.0,-0.6152821934957711,2,2.0,-0.058265062621700905,2,2.0,-0.5950247357715714
33,No,Travel_Frequently,553,553,-0.6182901460486865,Research & Development,5,4,Life Sciences,4,Female,74,74,0.39887220748164987,3,3,Manager,2,Married,11878,11878,1.141698820769704,0,23364,23364,1.2715887416287783,6,6.0,1.3237753399036383,No,11,3,2,2,12,12.0,0.09258814770689477,2,3,2.75,10,10,0.48834154121171225,0.8333333333333334,6,6.0,0.48873346022294933,8,7.5,1.6485212830263376,8,8.0,1.0865254624871206
39,No,Travel_Rarely,117,117,-1.6988110082753685,Research & Development,10,1,Medical,3,Male,99,99,1.628616638712993,3,4,Manager,1,Married,17068,16581,2.140645968475521,1,5355,5355,-1.2585519353205983,1,1.0,-0.6778187248056703,Yes,14,3,4,0,21,21.0,1.2492842710433718,3,3,2.75,21,18,1.794138840907512,1.0,9,9.0,1.3167452005119897,11,7.5,1.6485212830263376,10,10.0,1.6470421952400178
43,No,Travel_Frequently,185,185,-1.5302894059097392,Research & Development,10,4,Life Sciences,3,Female,33,33,-1.617908659737753,3,1,Laboratory Technician,4,Single,2455,2455,-0.8598063828943222,0,10675,10675,-0.5111285136219651,0,0.0,-1.078137537747532,No,19,3,1,0,9,9.0,-0.29297722673859755,5,3,2.75,8,8,0.1618922162877623,0.8888888888888888,7,7.0,0.7647373736526294,1,1.0,-0.3685898527395261,7,7.0,0.8062670961106719
49,No,Travel_Rarely,1091,1091,0.7150131197264397,Research & Development,1,2,Technical Degree,3,Female,90,90,1.1859086434697095,2,4,Healthcare Representative,3,Single,13964,13964,1.5847785039749633,0,17810,17810,0.49128992882535577,7,7.0,1.7240941528455003,Yes,12,3,4,0,25,25.0,1.7633714369706948,2,3,3.25,7,7,-0.0013324461742127045,0.28,1,1.0,-0.8912861069254512,0,0.0,-0.6789146428573514,7,7.0,0.8062670961106719
52,Yes,Travel_Rarely,723,723,-0.19698614013461316,Research & Development,8,4,Medical,3,Male,85,85,0.9399597572234408,2,2,Research Scientist,2,Married,4941,4941,-0.3317641525739604,0,17747,17747,0.4824388619894509,2,2.0,-0.27749991186380857,No,15,3,1,0,11,11.0,-0.035933643774936005,3,2,2.0,8,8,0.1618922162877623,0.7272727272727273,2,2.0,-0.6152821934957711,7,7.0,1.493358887967425,7,7.0,0.8062670961106719
27,No,Travel_Rarely,1220,1220,1.0347085124494717,Research & Development,5,3,Life Sciences,3,Female,85,85,0.9399597572234408,3,1,Research Scientist,2,Single,2478,2478,-0.8549210364352038,0,20938,20938,0.9307524218842513,1,1.0,-0.6778187248056703,Yes,12,3,2,0,4,4.0,-0.9355861841477514,2,2,2.25,4,4,-0.4910064335601377,1.0,3,3.0,-0.339278280066091,1,1.0,-0.3685898527395261,2,2.0,-0.5950247357715714
32,No,Travel_Rarely,588,588,-0.5315510860075537,Sales,8,2,Technical Degree,3,Female,65,65,-0.04383578776163373,2,2,Sales Executive,2,Married,5228,5228,-0.2708035250188744,0,24624,24624,1.4486100783468756,1,1.0,-0.6778187248056703,Yes,11,3,4,0,13,13.0,0.22110993918872554,2,3,3.0,13,13,0.9780155285976372,1.0,12,12.0,2.14475694080103,11,7.5,1.6485212830263376,9,9.0,1.3667838288635692
27,No,Travel_Rarely,1377,1377,1.42379515320541,Sales,2,3,Life Sciences,4,Male,74,74,0.39887220748164987,3,2,Sales Executive,3,Single,4478,4478,-0.4301083008596915,0,5242,5242,-1.2744276583754752,1,1.0,-0.6778187248056703,Yes,11,3,1,0,5,5.0,-0.8070643926659207,3,3,2.75,5,5,-0.32778177109816264,1.0,4,4.0,-0.06327436663641088,0,0.0,-0.6789146428573514,4,4.0,-0.03450800301867408
31,No,Travel_Rarely,691,691,-0.27629042360079165,Sales,7,3,Marketing,4,Male,73,73,0.3496824302323961,3,2,Sales Executive,4,Divorced,7547,7547,0.22176684188093213,0,7143,7143,-1.0073502289301555,4,4.0,0.5231377140199149,No,12,3,4,3,13,13.0,0.22110993918872554,3,3,3.75,7,7,-0.0013324461742127045,0.5384615384615384,7,7.0,0.7647373736526294,1,1.0,-0.3685898527395261,7,7.0,0.8062670961106719
32,No,Travel_Rarely,1018,1018,0.5341002230692199,Research & Development,2,4,Medical,1,Female,74,74,0.39887220748164987,4,2,Research Scientist,4,Single,5055,5055,-0.3075498266461562,0,10557,10557,-0.5277067022987393,7,7.0,1.7240941528455003,No,16,3,3,0,10,10.0,-0.16445543525676679,0,2,2.5,7,7,-0.0013324461742127045,0.7,7,7.0,0.7647373736526294,0,0.0,-0.6789146428573514,7,7.0,0.8062670961106719
28,Yes,Travel_Rarely,1157,1157,0.8785782043754328,Research & Development,2,4,Medical,1,Male,84,84,0.8907699799741872,1,1,Research Scientist,4,Married,3464,3464,-0.6454883577964763,0,24737,24737,1.4644858014017528,5,5.0,0.9234565269617766,Yes,13,3,4,0,5,5.0,-0.8070643926659207,4,2,2.75,3,3,-0.6542310960221126,0.6,2,2.0,-0.6152821934957711,2,2.0,-0.058265062621700905,2,2.0,-0.5950247357715714
30,No,Travel_Rarely,1275,1275,1.171012749656966,Research & Development,28,2,Medical,4,Female,64,64,-0.09302556501088746,3,2,Research Scientist,4,Married,5775,5775,-0.15461724183897177,0,11934,11934,-0.3342476700282473,1,1.0,-0.6778187248056703,No,13,3,4,2,11,11.0,-0.035933643774936005,2,3,3.75,10,10,0.48834154121171225,0.9090909090909091,8,8.0,1.0407412870823096,1,1.0,-0.3685898527395261,9,9.0,1.3667838288635692
31,No,Travel_Frequently,798,798,-0.011116725760757283,Research & Development,7,2,Life Sciences,3,Female,48,48,-0.8800620009989472,2,3,Manufacturing Director,3,Married,8943,8943,0.5182861313126397,0,14034,14034,-0.03921210883141841,1,1.0,-0.6778187248056703,No,24,4,1,1,10,10.0,-0.16445543525676679,2,3,2.5,10,10,0.48834154121171225,1.0,9,9.0,1.3167452005119897,8,7.5,1.6485212830263376,9,9.0,1.3667838288635692
39,No,Travel_Frequently,672,672,-0.32337734190883516,Research & Development,7,2,Medical,3,Male,54,54,-0.5849233375034247,2,5,Manager,4,Married,19272,16581,2.140645968475521,1,21141,21141,0.9592725261332781,1,1.0,-0.6778187248056703,No,15,3,1,1,21,21.0,1.2492842710433718,2,3,2.75,21,18,1.794138840907512,1.0,9,9.0,1.3167452005119897,13,7.5,1.6485212830263376,3,3.0,-0.31476636939512276
39,Yes,Travel_Rarely,1162,1162,0.8909694986670232,Sales,3,2,Medical,4,Female,41,41,-1.2243904417437232,3,2,Sales Executive,3,Married,5238,5238,-0.26867946134099685,0,17778,17778,0.4867941488452136,4,4.0,0.5231377140199149,Yes,18,3,1,0,12,12.0,0.09258814770689477,3,2,2.5,1,1,-0.9806804209460626,0.08333333333333333,0,0.0,-1.1672900203551313,0,0.0,-0.6789146428573514,0,0.0,-1.1555414685244687
33,No,Travel_Frequently,508,508,-0.729811794673,Sales,10,3,Marketing,2,Male,46,46,-0.9784415554974546,2,2,Sales Executive,4,Single,4682,4682,-0.38677740183098924,0,4317,4317,-1.4043837984264593,3,3.0,0.12281890107805317,No,14,3,3,0,9,9.0,-0.29297722673859755,6,2,2.75,7,7,-0.0013324461742127045,0.7777777777777778,7,7.0,0.7647373736526294,0,0.0,-0.6789146428573514,1,1.0,-0.8752831021480201
47,No,Travel_Rarely,1482,1482,1.6840123333288082,Research & Development,5,5,Life Sciences,4,Male,42,42,-1.1752006644944695,3,5,Research Director,3,Married,18300,16581,2.140645968475521,1,16375,16375,0.28968229534085604,4,4.0,0.5231377140199149,No,11,3,2,1,21,21.0,1.2492842710433718,2,3,3.0,3,3,-0.6542310960221126,0.14285714285714285,2,2.0,-0.6152821934957711,1,1.0,-0.3685898527395261,1,1.0,-0.8752831021480201
43,No,Travel_Frequently,559,559,-0.603420592898778,Research & Development,10,4,Life Sciences,3,Female,82,82,0.7923904254756797,2,2,Laboratory Technician,3,Divorced,5257,5257,-0.26464374035302946,0,6227,6227,-1.1360419308617244,1,1.0,-0.6778187248056703,No,11,3,2,1,9,9.0,-0.29297722673859755,3,4,3.0,9,9,0.32511687874973727,1.0,7,7.0,0.7647373736526294,0,0.0,-0.6789146428573514,0,0.0,-1.1555414685244687
27,No,Non-Travel,210,210,-1.4683329344517873,Sales,1,1,Marketing,3,Male,73,73,0.3496824302323961,3,2,Sales Executive,2,Married,6349,6349,-0.03269598672879975,0,22107,22107,1.0949888842838194,0,0.0,-1.078137537747532,Yes,13,3,4,1,6,6.0,-0.6785426011840899,0,3,3.0,5,5,-0.32778177109816264,0.8333333333333334,4,4.0,-0.06327436663641088,1,1.0,-0.3685898527395261,4,4.0,-0.03450800301867408
54,No,Travel_Frequently,928,928,0.3110569258205929,Research & Development,20,4,Life Sciences,4,Female,31,31,-1.7162882142362605,3,2,Research Scientist,3,Single,4869,4869,-0.34705741105467885,0,16885,16885,0.3613337887743716,3,3.0,0.12281890107805317,No,12,3,4,0,20,20.0,1.120762479561541,4,2,3.25,4,4,-0.4910064335601377,0.2,3,3.0,-0.339278280066091,0,0.0,-0.6789146428573514,3,3.0,-0.31476636939512276
43,No,Travel_Rarely,1001,1001,0.49196982247781257,Research & Development,7,3,Life Sciences,3,Female,43,43,-1.1260108872452157,3,3,Healthcare Representative,1,Married,9985,9985,0.7396135665474817,0,9262,9262,-0.7096452983701171,8,8.0,2.124412965787362,No,16,3,1,1,10,10.0,-0.16445543525676679,1,2,1.75,1,1,-0.9806804209460626,0.1,0,0.0,-1.1672900203551313,0,0.0,-0.6789146428573514,0,0.0,-1.1555414685244687
45,No,Travel_Rarely,549,549,-0.6282031814819588,Research & Development,8,4,Other,4,Male,75,75,0.4480619847309036,3,2,Research Scientist,4,Married,3697,3697,-0.595997674101929,0,9278,9278,-0.707397408380046,9,8.5,2.324572372258293,No,14,3,1,2,12,12.0,0.09258814770689477,3,3,3.0,10,10,0.48834154121171225,0.8333333333333334,9,9.0,1.3167452005119897,9,7.5,1.6485212830263376,8,8.0,1.0865254624871206
40,No,Travel_Rarely,1124,1124,0.7967956620509362,Sales,1,2,Medical,2,Male,57,57,-0.4373540057556636,1,2,Sales Executive,4,Married,7457,7457,0.20265026878003406,0,13273,13273,-0.146127376484174,2,2.0,-0.27749991186380857,Yes,22,4,3,3,6,6.0,-0.6785426011840899,2,2,2.75,4,4,-0.4910064335601377,0.6666666666666666,3,3.0,-0.339278280066091,0,0.0,-0.6789146428573514,2,2.0,-0.5950247357715714
29,Yes,Travel_Rarely,318,318,-1.2006809777534349,Research & Development,8,4,Other,2,Male,77,77,0.5464415392294111,1,1,Laboratory Technician,1,Married,2119,2119,-0.9311749224710083,0,4759,4759,-1.3422858374507458,1,1.0,-0.6778187248056703,Yes,11,3,4,0,7,7.0,-0.5500208097022591,4,2,2.25,7,7,-0.0013324461742127045,1.0,7,7.0,0.7647373736526294,0,0.0,-0.6789146428573514,7,7.0,0.8062670961106719
29,No,Travel_Rarely,738,738,-0.15981225725984197,Research & Development,9,5,Other,2,Male,30,30,-1.7654779914855143,2,1,Laboratory Technician,4,Single,3983,3983,-0.5352494529146308,0,7621,7621,-0.940194515476782,0,0.0,-1.078137537747532,No,17,3,3,0,4,4.0,-0.9355861841477514,2,3,3.0,3,3,-0.6542310960221126,0.75,2,2.0,-0.6152821934957711,2,2.0,-0.058265062621700905,2,2.0,-0.5950247357715714
30,No,Travel_Rarely,570,570,-0.5761597454572791,Sales,5,3,Marketing,4,Female,30,30,-1.7654779914855143,2,2,Sales Executive,3,Divorced,6118,6118,-0.08176185768777142,0,5431,5431,-1.2478744578677605,1,1.0,-0.6778187248056703,No,13,3,3,3,10,10.0,-0.16445543525676679,2,3,3.25,10,10,0.48834154121171225,1.0,9,9.0,1.3167452005119897,1,1.0,-0.3685898527395261,2,2.0,-0.5950247357715714
27,No,Travel_Rarely,1130,1130,0.8116652152008447,Sales,8,4,Marketing,2,Female,56,56,-0.4865437830049173,3,2,Sales Executive,2,Married,6214,6214,-0.06137084638014683,0,3415,3415,-1.5311085966167164,1,1.0,-0.6778187248056703,No,18,3,1,1,8,8.0,-0.42149901822042835,3,3,2.0,8,8,0.1618922162877623,1.0,7,7.0,0.7647373736526294,0,0.0,-0.6789146428573514,7,7.0,0.8062670961106719
37,No,Travel_Rarely,1192,1192,0.9653172644165655,Research & Development,5,2,Medical,4,Male,61,61,-0.24059489675864865,3,2,Manufacturing Director,4,Divorced,6347,6347,-0.03312079946437527,0,23177,23177,1.2453165273698226,7,7.0,1.7240941528455003,No,16,3,3,2,8,8.0,-0.42149901822042835,2,2,3.25,6,6,-0.1645571086361877,0.75,2,2.0,-0.6152821934957711,0,0.0,-0.6789146428573514,4,4.0,-0.03450800301867408
38,No,Travel_Rarely,343,343,-1.138724506295483,Research & Development,15,2,Life Sciences,3,Male,92,92,1.284288197968217,2,3,Research Director,4,Divorced,11510,11510,1.0635332774238098,0,15682,15682,0.1923205601459025,0,0.0,-1.078137537747532,Yes,14,3,2,1,12,12.0,0.09258814770689477,3,3,3.0,11,11,0.6515662036736872,0.9166666666666666,10,10.0,1.5927491139416698,2,2.0,-0.058265062621700905,9,9.0,1.3667838288635692
31,No,Travel_Rarely,1232,1232,1.0644476187492886,Research & Development,7,4,Medical,3,Female,39,39,-1.3227699962422308,3,3,Manufacturing Director,4,Single,7143,7143,0.13595466929467864,0,25713,25713,1.6016070907960884,1,1.0,-0.6778187248056703,Yes,14,3,3,0,11,11.0,-0.035933643774936005,2,2,3.0,11,11,0.6515662036736872,1.0,9,9.0,1.3167452005119897,4,4.0,0.5623845176139496,10,10.0,1.6470421952400178
29,No,Travel_Rarely,144,144,-1.6318980191007804,Sales,10,1,Marketing,4,Female,39,39,-1.3227699962422308,2,2,Sales Executive,2,Divorced,8268,8268,0.3749118330559043,0,11866,11866,-0.34380120248604934,1,1.0,-0.6778187248056703,Yes,14,3,1,2,7,7.0,-0.5500208097022591,2,3,2.5,7,7,-0.0013324461742127045,1.0,7,7.0,0.7647373736526294,1,1.0,-0.3685898527395261,7,7.0,0.8062670961106719
35,No,Travel_Rarely,1296,1296,1.2230561856816458,Research & Development,5,4,Technical Degree,3,Male,62,62,-0.19140511950939493,3,3,Manufacturing Director,2,Single,8095,8095,0.3381655314286225,0,18264,18264,0.5550738072936225,0,0.0,-1.078137537747532,No,13,3,4,0,17,17.0,0.7351971051160486,5,3,3.0,16,16,1.4676895159835621,0.9411764705882353,6,6.0,0.48873346022294933,0,0.0,-0.6789146428573514,13,13.0,2.4878172943693637
23,No,Travel_Rarely,1309,1309,1.2552735508397808,Research & Development,26,1,Life Sciences,3,Male,83,83,0.8415802027249334,3,1,Research Scientist,4,Divorced,2904,2904,-0.7644359237576197,0,16092,16092,0.24992274114147386,1,1.0,-0.6778187248056703,No,12,3,3,2,4,4.0,-0.9355861841477514,2,2,3.0,4,4,-0.4910064335601377,1.0,2,2.0,-0.6152821934957711,0,0.0,-0.6789146428573514,2,2.0,-0.5950247357715714
41,No,Travel_Rarely,483,483,-0.791768266130952,Research & Development,6,3,Medical,4,Male,95,95,1.4318575297159781,2,2,Manufacturing Director,2,Single,6032,6032,-0.10002880531751845,0,10110,10110,-0.59050712889635,6,6.0,1.3237753399036383,Yes,15,3,4,0,8,8.0,-0.42149901822042835,3,3,3.25,5,5,-0.32778177109816264,0.625,4,4.0,-0.06327436663641088,1,1.0,-0.3685898527395261,2,2.0,-0.5950247357715714
47,No,Travel_Frequently,1309,1309,1.2552735508397808,Sales,4,1,Medical,2,Male,99,99,1.628616638712993,3,2,Sales Representative,3,Single,2976,2976,-0.7491426652769012,0,25751,25751,1.6069458295225072,3,3.0,0.12281890107805317,No,19,3,1,0,5,5.0,-0.8070643926659207,3,3,2.25,0,0,-1.1439050834080375,0.0,0,0.0,-1.1672900203551313,0,0.0,-0.6789146428573514,0,0.0,-1.1555414685244687
42,No,Travel_Rarely,810,810,0.018622380539059655,Research & Development,23,5,Life Sciences,1,Female,44,44,-1.0768211099959621,3,4,Research Director,4,Single,15992,15992,2.0155386178485326,0,15901,15901,0.2230885543850004,2,2.0,-0.27749991186380857,No,14,3,2,0,16,16.0,0.6066753136342179,2,3,2.5,1,1,-0.9806804209460626,0.0625,0,0.0,-1.1672900203551313,0,0.0,-0.6789146428573514,0,0.0,-1.1555414685244687
29,No,Non-Travel,746,746,-0.13998618639329735,Sales,2,3,Life Sciences,4,Male,61,61,-0.24059489675864865,3,2,Sales Executive,3,Married,4649,4649,-0.3937868119679852,0,16928,16928,0.3673749931226876,1,1.0,-0.6778187248056703,No,14,3,1,1,4,4.0,-0.9355861841477514,3,2,2.5,4,4,-0.4910064335601377,1.0,3,3.0,-0.339278280066091,0,0.0,-0.6789146428573514,2,2.0,-0.5950247357715714
42,No,Travel_Rarely,544,544,-0.6405944757735491,Human Resources,2,1,Technical Degree,3,Male,52,52,-0.6833028920019322,3,1,Human Resources,3,Divorced,2696,2696,-0.8086164482574729,0,24017,24017,1.3633307518485542,0,0.0,-1.078137537747532,Yes,11,3,3,1,4,4.0,-0.9355861841477514,5,3,3.0,3,3,-0.6542310960221126,0.75,2,2.0,-0.6152821934957711,1,1.0,-0.3685898527395261,0,0.0,-1.1555414685244687
32,No,Travel_Rarely,1062,1062,0.6431436128352154,Research & Development,2,3,Medical,3,Female,75,75,0.4480619847309036,3,1,Laboratory Technician,2,Married,2370,2370,-0.8778609241562815,0,3956,3956,-1.455101816327438,1,1.0,-0.6778187248056703,No,13,3,3,1,8,8.0,-0.42149901822042835,4,3,2.75,8,8,0.1618922162877623,1.0,0,0.0,-1.1672900203551313,0,0.0,-0.6789146428573514,7,7.0,0.8062670961106719
48,No,Travel_Rarely,530,530,-0.6752900997900022,Sales,29,1,Medical,1,Female,91,91,1.2350984207189633,3,3,Manager,3,Married,12504,12504,1.2746652070048394,0,23978,23978,1.3578515199977559,3,3.0,0.12281890107805317,No,21,4,2,1,15,15.0,0.4781535221523871,3,1,1.75,0,0,-1.1439050834080375,0.0,0,0.0,-1.1672900203551313,0,0.0,-0.6789146428573514,0,0.0,-1.1555414685244687
37,No,Travel_Rarely,1319,1319,1.2800561394229615,Research & Development,6,3,Medical,3,Male,51,51,-0.732492669251186,4,2,Research Scientist,1,Divorced,5974,5974,-0.11234837464920831,0,17001,17001,0.3776309912023869,4,4.0,0.5231377140199149,Yes,13,3,1,2,13,13.0,0.22110993918872554,2,3,2.0,7,7,-0.0013324461742127045,0.5384615384615384,7,7.0,0.7647373736526294,6,6.0,1.1830340978496,7,7.0,0.8062670961106719
30,No,Non-Travel,641,641,-0.4002033665166956,Sales,25,2,Technical Degree,4,Female,85,85,0.9399597572234408,3,2,Sales Executive,3,Married,4736,4736,-0.3753074579704504,0,6069,6069,-1.1582398445136763,7,7.0,1.7240941528455003,Yes,12,3,2,1,4,4.0,-0.9355861841477514,2,4,3.25,2,2,-0.8174557584840876,0.5,2,2.0,-0.6152821934957711,2,2.0,-0.058265062621700905,2,2.0,-0.5950247357715714
26,No,Travel_Rarely,933,933,0.32344822011218327,Sales,1,3,Life Sciences,3,Male,57,57,-0.4373540057556636,3,2,Sales Executive,3,Married,5296,5296,-0.256359892009307,0,20156,20156,0.8208867986195274,1,1.0,-0.6778187248056703,No,17,3,2,1,8,8.0,-0.42149901822042835,3,3,2.75,8,8,0.1618922162877623,1.0,7,7.0,0.7647373736526294,7,7.0,1.493358887967425,7,7.0,0.8062670961106719
42,No,Travel_Rarely,1332,1332,1.3122735045810965,Research & Development,2,4,Other,1,Male,98,98,1.5794268614637395,2,2,Healthcare Representative,4,Single,6781,6781,0.05906356415551091,0,17078,17078,0.388448961779604,3,3.0,0.12281890107805317,No,23,4,2,0,14,14.0,0.3496317306705563,6,3,2.5,1,1,-0.9806804209460626,0.07142857142857142,0,0.0,-1.1672900203551313,0,0.0,-0.6789146428573514,0,0.0,-1.1555414685244687
21,Yes,Travel_Frequently,756,756,-0.11520359781011656,Sales,1,1,Technical Degree,1,Female,99,99,1.628616638712993,2,1,Sales Representative,2,Single,2174,2174,-0.9194925722426817,0,9150,9150,-0.7253805283006146,1,1.0,-0.6778187248056703,Yes,11,3,3,0,3,3.0,-1.0641079756295821,3,3,2.25,3,3,-0.6542310960221126,1.0,2,2.0,-0.6152821934957711,1,1.0,-0.3685898527395261,2,2.0,-0.5950247357715714
36,No,Non-Travel,845,845,0.1053614405801924,Sales,1,5,Medical,4,Female,45,45,-1.0276313327467084,3,2,Sales Executive,4,Single,6653,6653,0.031875549078678116,0,15276,15276,0.13528035164784893,4,4.0,0.5231377140199149,No,15,3,2,0,7,7.0,-0.5500208097022591,6,3,3.25,1,1,-0.9806804209460626,0.14285714285714285,0,0.0,-1.1672900203551313,0,0.0,-0.6789146428573514,0,0.0,-1.1555414685244687
36,No,Travel_Frequently,541,541,-0.6480292523485034,Sales,3,4,Medical,1,Male,48,48,-0.8800620009989472,2,3,Sales Executive,4,Married,9699,9699,0.6788653453601834,0,7246,7246,-0.9928794371190728,4,4.0,0.5231377140199149,No,11,3,1,1,16,16.0,0.6066753136342179,2,3,2.25,13,13,0.9780155285976372,0.8125,9,9.0,1.3167452005119897,1,1.0,-0.3685898527395261,12,12.0,2.207558927992915
57,No,Travel_Rarely,593,593,-0.5191597917159633,Research & Development,1,4,Medical,4,Male,88,88,1.0875290889712022,3,2,Healthcare Representative,3,Married,6755,6755,0.05354099859302924,0,2967,2967,-1.5940495163387065,2,2.0,-0.27749991186380857,No,11,3,3,0,15,15.0,0.4781535221523871,2,3,3.25,3,3,-0.6542310960221126,0.2,2,2.0,-0.6152821934957711,1,1.0,-0.3685898527395261,2,2.0,-0.5950247357715714
40,No,Travel_Rarely,1171,1171,0.9132738283918859,Research & Development,10,4,Life Sciences,4,Female,46,46,-0.9784415554974546,4,1,Laboratory Technician,3,Married,2213,2213,-0.9112087238989592,0,22495,22495,1.149500216543043,3,3.0,0.12281890107805317,Yes,13,3,3,1,10,10.0,-0.16445543525676679,3,3,3.25,7,7,-0.0013324461742127045,0.7,7,7.0,0.7647373736526294,1,1.0,-0.3685898527395261,7,7.0,0.8062670961106719
21,No,Non-Travel,895,895,0.2292743834960963,Sales,9,2,Medical,1,Male,39,39,-1.3227699962422308,3,1,Sales Representative,4,Single,2610,2610,-0.82688339588722,0,2851,2851,-1.6103467187667218,1,1.0,-0.6778187248056703,No,24,4,3,0,3,3.0,-1.0641079756295821,3,2,2.5,3,3,-0.6542310960221126,1.0,2,2.0,-0.6152821934957711,2,2.0,-0.058265062621700905,2,2.0,-0.5950247357715714
33,Yes,Travel_Rarely,350,350,-1.1213766942872563,Sales,5,3,Marketing,4,Female,34,34,-1.5687188824884994,3,1,Sales Representative,3,Single,2851,2851,-0.7756934612503708,0,9150,9150,-0.7253805283006146,1,1.0,-0.6778187248056703,Yes,13,3,2,0,1,1.0,-1.3211515585932438,2,3,3.0,1,1,-0.9806804209460626,1.0,0,0.0,-1.1672900203551313,0,0.0,-0.6789146428573514,0,0.0,-1.1555414685244687
37,No,Travel_Rarely,921,921,0.29370911381236636,Research & Development,10,3,Medical,3,Female,98,98,1.5794268614637395,3,1,Laboratory Technician,1,Married,3452,3452,-0.6480372342099293,0,17663,17663,0.4706374395415777,6,6.0,1.3237753399036383,No,20,4,2,1,17,17.0,0.7351971051160486,3,3,2.25,5,5,-0.32778177109816264,0.29411764705882354,4,4.0,-0.06327436663641088,0,0.0,-0.6789146428573514,3,3.0,-0.31476636939512276
46,No,Non-Travel,1144,1144,0.8463608392172978,Research & Development,7,4,Medical,3,Female,30,30,-1.7654779914855143,3,2,Manufacturing Director,3,Married,5258,5258,-0.2644313339852417,0,16044,16044,0.24317907117126064,2,2.0,-0.27749991186380857,No,14,3,3,0,7,7.0,-0.5500208097022591,2,4,3.25,1,1,-0.9806804209460626,0.14285714285714285,0,0.0,-1.1672900203551313,0,0.0,-0.6789146428573514,0,0.0,-1.1555414685244687
41,Yes,Travel_Frequently,143,143,-1.6343762779590985,Sales,4,3,Marketing,1,Male,56,56,-0.4865437830049173,3,2,Sales Executive,2,Single,9355,9355,0.6057975548411952,0,9558,9558,-0.6680593335538022,1,1.0,-0.6778187248056703,No,18,3,3,0,8,8.0,-0.42149901822042835,5,3,2.25,8,8,0.1618922162877623,1.0,7,7.0,0.7647373736526294,7,7.0,1.493358887967425,7,7.0,0.8062670961106719
50,No,Travel_Rarely,1046,1046,0.6034914711021261,Research & Development,10,3,Technical Degree,4,Male,100,100,1.6778064159622468,2,3,Healthcare Representative,4,Single,10496,10496,0.848153220487025,0,2755,2755,-1.6238340587071483,6,6.0,1.3237753399036383,No,15,3,4,0,20,20.0,1.120762479561541,2,3,3.75,4,4,-0.4910064335601377,0.2,3,3.0,-0.339278280066091,1,1.0,-0.3685898527395261,3,3.0,-0.31476636939512276
40,Yes,Travel_Rarely,575,575,-0.5637684511656887,Sales,22,2,Marketing,3,Male,68,68,0.10373354398612747,2,2,Sales Executive,3,Married,6380,6380,-0.02611138932737931,0,6110,6110,-1.1524796264141193,2,2.0,-0.27749991186380857,Yes,12,3,1,2,8,8.0,-0.42149901822042835,6,3,2.5,6,6,-0.1645571086361877,0.75,4,4.0,-0.06327436663641088,1,1.0,-0.3685898527395261,0,0.0,-1.1555414685244687
31,No,Travel_Rarely,408,408,-0.9776376805048078,Research & Development,9,4,Life Sciences,3,Male,42,42,-1.1752006644944695,2,1,Research Scientist,2,Single,2657,2657,-0.8169002966011955,0,7551,7551,-0.950029034183343,0,0.0,-1.078137537747532,Yes,16,3,4,0,3,3.0,-1.0641079756295821,5,3,3.0,2,2,-0.8174557584840876,0.6666666666666666,2,2.0,-0.6152821934957711,2,2.0,-0.058265062621700905,2,2.0,-0.5950247357715714
21,Yes,Travel_Rarely,156,156,-1.6021589128009635,Sales,12,3,Life Sciences,3,Female,90,90,1.1859086434697095,4,1,Sales Representative,2,Single,2716,2716,-0.8043683209017178,0,25422,25422,1.5607235916016706,1,1.0,-0.6778187248056703,No,15,3,4,0,1,1.0,-1.3211515585932438,0,3,3.0,1,1,-0.9806804209460626,1.0,0,0.0,-1.1672900203551313,0,0.0,-0.6789146428573514,0,0.0,-1.1555414685244687
29,No,Travel_Rarely,1283,1283,1.1908388205235108,Research & Development,23,3,Life Sciences,4,Male,54,54,-0.5849233375034247,3,1,Research Scientist,4,Single,2201,2201,-0.9137576003124123,0,18168,18168,0.5415864673531962,9,8.5,2.324572372258293,No,16,3,4,0,6,6.0,-0.6785426011840899,4,3,3.75,3,3,-0.6542310960221126,0.5,2,2.0,-0.6152821934957711,1,1.0,-0.3685898527395261,2,2.0,-0.5950247357715714
35,No,Travel_Rarely,755,755,-0.11768185666843464,Research & Development,9,4,Life Sciences,3,Male,97,97,1.5302370842144857,2,2,Healthcare Representative,2,Single,6540,6540,0.007873629518661674,0,19394,19394,0.7138310378423924,9,8.5,2.324572372258293,No,19,3,3,0,10,10.0,-0.16445543525676679,5,3,2.75,1,1,-0.9806804209460626,0.1,1,1.0,-0.8912861069254512,0,0.0,-0.6789146428573514,0,0.0,-1.1555414685244687
27,No,Travel_Rarely,1469,1469,1.6517949681706732,Research & Development,1,2,Medical,4,Male,82,82,0.7923904254756797,3,1,Laboratory Technician,2,Divorced,3816,3816,-0.5707213163351861,0,17881,17881,0.5012649406562961,1,1.0,-0.6778187248056703,No,11,3,2,1,5,5.0,-0.8070643926659207,2,3,2.75,5,5,-0.32778177109816264,1.0,2,2.0,-0.6152821934957711,0,0.0,-0.6789146428573514,4,4.0,-0.03450800301867408
28,No,Travel_Rarely,304,304,-1.235376601769888,Sales,9,4,Life Sciences,2,Male,92,92,1.284288197968217,3,2,Sales Executive,4,Single,5253,5253,-0.2654933658241805,0,20750,20750,0.9043397145009162,1,1.0,-0.6778187248056703,No,16,3,4,0,7,7.0,-0.5500208097022591,1,3,3.25,7,7,-0.0013324461742127045,1.0,5,5.0,0.21272954679326922,0,0.0,-0.6789146428573514,7,7.0,0.8062670961106719
49,No,Travel_Rarely,1261,1261,1.136317125640513,Research & Development,7,3,Other,2,Male,31,31,-1.7162882142362605,2,3,Healthcare Representative,3,Single,10965,10965,0.9477718069794826,0,12066,12066,-0.31570257761016085,8,8.0,2.124412965787362,No,24,4,3,0,26,26.0,1.8918932284525256,2,3,2.75,5,5,-0.32778177109816264,0.19230769230769232,2,2.0,-0.6152821934957711,0,0.0,-0.6789146428573514,0,0.0,-1.1555414685244687
51,No,Travel_Rarely,1178,1178,0.9306216404001124,Sales,14,2,Life Sciences,3,Female,87,87,1.0383393117219484,3,2,Sales Executive,4,Married,4936,4936,-0.3328261844128992,0,14862,14862,0.07711619815475983,4,4.0,0.5231377140199149,No,11,3,3,1,18,18.0,0.8637188965978794,2,2,3.0,7,7,-0.0013324461742127045,0.3888888888888889,7,7.0,0.7647373736526294,0,0.0,-0.6789146428573514,7,7.0,0.8062670961106719
36,No,Travel_Rarely,329,329,-1.173420130311936,Research & Development,2,3,Life Sciences,4,Female,96,96,1.481047306965232,3,1,Research Scientist,3,Married,2543,2543,-0.8411146225289997,0,11868,11868,-0.34352021623729045,4,4.0,0.5231377140199149,No,13,3,2,1,6,6.0,-0.6785426011840899,3,3,3.0,2,2,-0.8174557584840876,0.3333333333333333,2,2.0,-0.6152821934957711,2,2.0,-0.058265062621700905,2,2.0,-0.5950247357715714
34,Yes,Non-Travel,1362,1362,1.3866212703306389,Sales,19,3,Marketing,1,Male,67,67,0.05454376673687373,4,2,Sales Executive,4,Single,5304,5304,-0.2546606410670049,0,4652,4652,-1.3573186017593462,8,8.0,2.124412965787362,Yes,13,3,2,0,9,9.0,-0.29297722673859755,3,2,2.25,5,5,-0.32778177109816264,0.5555555555555556,2,2.0,-0.6152821934957711,0,0.0,-0.6789146428573514,4,4.0,-0.03450800301867408
55,No,Travel_Rarely,1311,1311,1.260230068556417,Research & Development,2,3,Life Sciences,3,Female,97,97,1.5302370842144857,3,4,Manager,4,Single,16659,16581,2.140645968475521,1,23258,23258,1.2566964704445576,2,2.0,-0.27749991186380857,Yes,13,3,3,0,30,28.5,2.2131977071571027,2,3,3.25,5,5,-0.32778177109816264,0.16666666666666666,4,4.0,-0.06327436663641088,1,1.0,-0.3685898527395261,2,2.0,-0.5950247357715714
24,No,Travel_Rarely,1371,1371,1.4089256000555015,Sales,10,4,Marketing,4,Female,77,77,0.5464415392294111,3,2,Sales Executive,3,Divorced,4260,4260,-0.47641288903742235,0,5915,5915,-1.1798757856681106,1,1.0,-0.6778187248056703,Yes,12,3,4,1,5,5.0,-0.8070643926659207,2,4,3.75,5,5,-0.32778177109816264,1.0,2,2.0,-0.6152821934957711,0,0.0,-0.6789146428573514,3,3.0,-0.31476636939512276
30,No,Travel_Rarely,202,202,-1.488159005318332,Sales,2,1,Technical Degree,3,Male,72,72,0.30049265298314237,3,1,Sales Representative,2,Married,2476,2476,-0.8553458491707794,0,17434,17434,0.4384645140586855,1,1.0,-0.6778187248056703,No,18,3,1,1,1,1.0,-1.3211515585932438,3,3,2.25,1,1,-0.9806804209460626,1.0,0,0.0,-1.1672900203551313,0,0.0,-0.6789146428573514,0,0.0,-1.1555414685244687
26,Yes,Travel_Frequently,575,575,-0.5637684511656887,Research & Development,3,1,Technical Degree,3,Male,73,73,0.3496824302323961,3,1,Research Scientist,1,Single,3102,3102,-0.7223794629356439,0,6582,6582,-1.0861668717070225,0,0.0,-1.078137537747532,No,22,4,3,0,7,7.0,-0.5500208097022591,2,3,2.5,6,6,-0.1645571086361877,0.8571428571428571,4,4.0,-0.06327436663641088,0,0.0,-0.6789146428573514,4,4.0,-0.03450800301867408
22,No,Travel_Rarely,253,253,-1.3617678035441099,Research & Development,11,3,Medical,1,Female,43,43,-1.1260108872452157,3,1,Research Scientist,2,Married,2244,2244,-0.9046241264975388,0,24440,24440,1.4227593434610584,1,1.0,-0.6778187248056703,No,13,3,4,1,2,2.0,-1.192629767111413,1,3,2.5,2,2,-0.8174557584840876,1.0,1,1.0,-0.8912861069254512,1,1.0,-0.3685898527395261,2,2.0,-0.5950247357715714
36,No,Travel_Rarely,164,164,-1.582332841934419,Sales,2,2,Medical,2,Male,61,61,-0.24059489675864865,2,3,Sales Executive,3,Married,7596,7596,0.23217475390253217,0,3809,3809,-1.4757543056112161,1,1.0,-0.6778187248056703,No,13,3,2,2,10,10.0,-0.16445543525676679,2,3,2.5,10,10,0.48834154121171225,1.0,9,9.0,1.3167452005119897,9,7.5,1.6485212830263376,0,0.0,-1.1555414685244687
30,Yes,Travel_Frequently,464,464,-0.8388551844389954,Research & Development,4,3,Technical Degree,3,Male,40,40,-1.273580218992977,3,1,Research Scientist,4,Single,2285,2285,-0.8959154654182407,0,3427,3427,-1.529422679124163,9,8.5,2.324572372258293,Yes,23,4,3,0,3,3.0,-1.0641079756295821,4,3,3.25,1,1,-0.9806804209460626,0.3333333333333333,0,0.0,-1.1672900203551313,0,0.0,-0.6789146428573514,0,0.0,-1.1555414685244687
37,No,Travel_Rarely,1107,1107,0.7546652614595288,Research & Development,14,3,Life Sciences,4,Female,95,95,1.4318575297159781,3,1,Laboratory Technician,1,Divorced,3034,3034,-0.7368230959452114,0,26914,26914,1.7703393331757986,1,1.0,-0.6778187248056703,No,12,3,3,1,18,18.0,0.8637188965978794,2,2,2.5,18,18,1.794138840907512,1.0,7,7.0,0.7647373736526294,12,7.5,1.6485212830263376,17,14.5,2.908204843934037
40,No,Travel_Rarely,759,759,-0.10776882123516233,Sales,2,2,Marketing,4,Female,46,46,-0.9784415554974546,3,2,Sales Executive,2,Divorced,5715,5715,-0.16736162390623716,0,22553,22553,1.1576488177570508,7,7.0,1.7240941528455003,No,12,3,3,2,8,8.0,-0.42149901822042835,5,3,3.0,5,5,-0.32778177109816264,0.625,4,4.0,-0.06327436663641088,1,1.0,-0.3685898527395261,3,3.0,-0.31476636939512276
42,No,Travel_Rarely,201,201,-1.4906372641766499,Research & Development,1,4,Life Sciences,2,Female,95,95,1.4318575297159781,3,1,Laboratory Technician,1,Divorced,2576,2576,-0.8341052123920037,0,20490,20490,0.8678115021622612,3,3.0,0.12281890107805317,No,16,3,2,1,8,8.0,-0.42149901822042835,5,3,2.0,5,5,-0.32778177109816264,0.625,2,2.0,-0.6152821934957711,1,1.0,-0.3685898527395261,2,2.0,-0.5950247357715714
37,No,Travel_Rarely,1305,1305,1.2453605154065084,Research & Development,10,4,Life Sciences,3,Male,49,49,-0.8308722237496934,3,2,Manufacturing Director,2,Single,4197,4197,-0.489794490208051,0,21123,21123,0.9567436498944482,2,2.0,-0.27749991186380857,Yes,12,3,4,0,18,18.0,0.8637188965978794,2,2,2.75,1,1,-0.9806804209460626,0.05555555555555555,0,0.0,-1.1672900203551313,0,0.0,-0.6789146428573514,1,1.0,-0.8752831021480201
43,No,Travel_Rarely,982,982,0.4448829041697691,Research & Development,12,3,Life Sciences,1,Male,59,59,-0.3389744512571561,2,4,Research Director,2,Divorced,14336,14336,1.6637936727920086,0,4345,4345,-1.400449990943835,1,1.0,-0.6778187248056703,No,11,3,3,1,25,25.0,1.7633714369706948,3,3,2.25,25,18,1.794138840907512,1.0,10,10.0,1.5927491139416698,3,3.0,0.2520597274961243,9,9.0,1.3667838288635692
40,No,Travel_Rarely,555,555,-0.6133336283320503,Research & Development,2,3,Medical,2,Female,78,78,0.5956313164786647,2,2,Laboratory Technician,3,Married,3448,3448,-0.6488868596810804,0,13436,13436,-0.12322699721032492,6,6.0,1.3237753399036383,No,22,4,2,1,20,20.0,1.120762479561541,3,3,2.5,1,1,-0.9806804209460626,0.05,0,0.0,-1.1672900203551313,0,0.0,-0.6789146428573514,0,0.0,-1.1555414685244687
54,No,Travel_Rarely,821,821,0.045883227980558515,Research & Development,5,2,Medical,1,Male,86,86,0.9891495344726946,3,5,Research Director,1,Married,19406,16581,2.140645968475521,1,8509,8509,-0.8154366210278372,4,4.0,0.5231377140199149,No,11,3,3,1,24,24.0,1.6348496454888641,4,2,1.75,4,4,-0.4910064335601377,0.16666666666666666,2,2.0,-0.6152821934957711,1,1.0,-0.3685898527395261,2,2.0,-0.5950247357715714
34,No,Non-Travel,1381,1381,1.4337081886386822,Sales,4,4,Marketing,3,Female,72,72,0.30049265298314237,3,2,Sales Executive,3,Married,6538,6538,0.0074488167830861615,0,12740,12740,-0.22101021177841676,9,8.5,2.324572372258293,No,15,3,1,1,6,6.0,-0.6785426011840899,3,3,2.5,3,3,-0.6542310960221126,0.5,2,2.0,-0.6152821934957711,1,1.0,-0.3685898527395261,2,2.0,-0.5950247357715714
31,No,Travel_Rarely,480,480,-0.7992030427059061,Research & Development,7,2,Medical,2,Female,31,31,-1.7162882142362605,3,2,Manufacturing Director,1,Married,4306,4306,-0.46664219611918556,0,4156,4156,-1.4270031914515495,1,1.0,-0.6778187248056703,No,12,3,2,1,13,13.0,0.22110993918872554,5,1,1.5,13,13,0.9780155285976372,1.0,10,10.0,1.5927491139416698,3,3.0,0.2520597274961243,12,12.0,2.207558927992915
43,No,Travel_Frequently,313,313,-1.2130722720450253,Research & Development,21,3,Medical,4,Male,61,61,-0.24059489675864865,3,1,Laboratory Technician,4,Married,2258,2258,-0.9016504373485101,0,15238,15238,0.12994161292143014,7,7.0,1.7240941528455003,No,20,4,1,1,8,8.0,-0.42149901822042835,1,3,3.0,3,3,-0.6542310960221126,0.375,2,2.0,-0.6152821934957711,1,1.0,-0.3685898527395261,2,2.0,-0.5950247357715714
43,No,Travel_Rarely,1473,1473,1.6617080036039455,Research & Development,8,4,Other,3,Female,74,74,0.39887220748164987,3,2,Healthcare Representative,3,Divorced,4522,4522,-0.42076242067703024,0,2227,2227,-1.6980144283794938,4,4.0,0.5231377140199149,Yes,14,3,4,0,8,8.0,-0.42149901822042835,3,3,3.25,5,5,-0.32778177109816264,0.625,2,2.0,-0.6152821934957711,0,0.0,-0.6789146428573514,2,2.0,-0.5950247357715714
25,No,Travel_Rarely,891,891,0.21936134806282398,Sales,4,2,Life Sciences,2,Female,99,99,1.628616638712993,2,2,Sales Executive,4,Single,4487,4487,-0.4281966435496017,0,12090,12090,-0.3123307426250543,1,1.0,-0.6778187248056703,Yes,11,3,2,0,5,5.0,-0.8070643926659207,3,3,2.75,5,5,-0.32778177109816264,1.0,4,4.0,-0.06327436663641088,1,1.0,-0.3685898527395261,3,3.0,-0.31476636939512276
37,No,Non-Travel,1063,1063,0.6456218716935335,Research & Development,25,5,Medical,2,Female,72,72,0.30049265298314237,3,2,Research Scientist,3,Married,4449,4449,-0.4362680855255364,0,23866,23866,1.3421162900672583,3,3.0,0.12281890107805317,Yes,15,3,1,2,15,15.0,0.4781535221523871,2,3,2.25,13,13,0.9780155285976372,0.8666666666666667,11,11.0,1.8687530273713497,10,7.5,1.6485212830263376,7,7.0,0.8062670961106719
31,No,Travel_Rarely,329,329,-1.173420130311936,Research & Development,1,2,Life Sciences,4,Male,98,98,1.5794268614637395,2,1,Laboratory Technician,1,Married,2218,2218,-0.9101466920600204,0,16193,16193,0.2641125467037975,1,1.0,-0.6778187248056703,No,12,3,3,1,4,4.0,-0.9355861841477514,3,3,2.75,4,4,-0.4910064335601377,1.0,2,2.0,-0.6152821934957711,3,3.0,0.2520597274961243,2,2.0,-0.5950247357715714
39,No,Travel_Frequently,1218,1218,1.0297519947328355,Research & Development,1,1,Life Sciences,2,Male,52,52,-0.6833028920019322,3,5,Manager,3,Divorced,19197,16581,2.140645968475521,1,8213,8213,-0.8570225858441521,1,1.0,-0.6778187248056703,Yes,14,3,3,1,21,21.0,1.2492842710433718,3,3,2.75,21,18,1.794138840907512,1.0,8,8.0,1.0407412870823096,1,1.0,-0.3685898527395261,6,6.0,0.5260087297342232
56,No,Travel_Frequently,906,906,0.25653523093759517,Sales,6,3,Life Sciences,3,Female,86,86,0.9891495344726946,4,4,Sales Executive,1,Married,13212,13212,1.4250489153985708,0,18256,18256,0.553949862298587,9,8.5,2.324572372258293,No,11,3,4,3,36,28.5,2.2131977071571027,0,2,2.5,7,7,-0.0013324461742127045,0.19444444444444445,7,7.0,0.7647373736526294,7,7.0,1.493358887967425,7,7.0,0.8062670961106719
30,No,Travel_Rarely,1082,1082,0.6927087900015769,Sales,12,3,Technical Degree,2,Female,83,83,0.8415802027249334,3,2,Sales Executive,3,Single,6577,6577,0.01573266512680865,0,19558,19558,0.7368719102406209,0,0.0,-1.078137537747532,No,11,3,2,0,6,6.0,-0.6785426011840899,6,3,2.5,5,5,-0.32778177109816264,0.8333333333333334,4,4.0,-0.06327436663641088,4,4.0,0.5623845176139496,4,4.0,-0.03450800301867408
41,No,Travel_Rarely,645,645,-0.39029033108342326,Sales,1,3,Marketing,2,Male,49,49,-0.8308722237496934,4,3,Sales Executive,1,Married,8392,8392,0.40125022266158605,0,19566,19566,0.7379958552356565,1,1.0,-0.6778187248056703,No,16,3,3,1,10,10.0,-0.16445543525676679,2,3,2.25,10,10,0.48834154121171225,1.0,7,7.0,0.7647373736526294,0,0.0,-0.6789146428573514,7,7.0,0.8062670961106719
28,No,Travel_Rarely,1300,1300,1.232969221114918,Research & Development,17,2,Medical,3,Male,79,79,0.6448210937279185,3,2,Laboratory Technician,1,Divorced,4558,4558,-0.41311579143667104,0,13535,13535,-0.10931817789676013,1,1.0,-0.6778187248056703,No,12,3,4,1,10,10.0,-0.16445543525676679,2,3,2.75,10,10,0.48834154121171225,1.0,0,0.0,-1.1672900203551313,1,1.0,-0.3685898527395261,8,8.0,1.0865254624871206
25,Yes,Travel_Rarely,688,688,-0.2837252001757459,Research & Development,3,3,Medical,1,Male,91,91,1.2350984207189633,3,1,Laboratory Technician,1,Married,4031,4031,-0.5250539472608186,0,9396,9396,-0.6908192197032719,5,5.0,0.9234565269617766,No,13,3,3,1,6,6.0,-0.6785426011840899,5,3,2.0,2,2,-0.8174557584840876,0.3333333333333333,2,2.0,-0.6152821934957711,0,0.0,-0.6789146428573514,2,2.0,-0.5950247357715714
52,No,Travel_Rarely,319,319,-1.1982027188951168,Research & Development,3,3,Medical,4,Male,39,39,-1.3227699962422308,2,3,Manufacturing Director,3,Married,7969,7969,0.3114023290873652,0,19609,19609,0.7440370595839725,2,2.0,-0.27749991186380857,Yes,14,3,3,0,28,28.0,2.1489368114161875,4,3,3.25,5,5,-0.32778177109816264,0.17857142857142858,4,4.0,-0.06327436663641088,0,0.0,-0.6789146428573514,4,4.0,-0.03450800301867408
45,No,Travel_Rarely,192,192,-1.5129415939015127,Research & Development,10,2,Life Sciences,1,Male,69,69,0.1529233212353812,3,1,Research Scientist,4,Married,2654,2654,-0.8175375157045587,0,9655,9655,-0.6544315004889963,3,3.0,0.12281890107805317,No,21,4,4,2,8,8.0,-0.42149901822042835,3,2,2.75,2,2,-0.8174557584840876,0.25,2,2.0,-0.6152821934957711,0,0.0,-0.6789146428573514,2,2.0,-0.5950247357715714
52,No,Travel_Rarely,1490,1490,1.703838404195353,Research & Development,4,2,Life Sciences,4,Female,30,30,-1.7654779914855143,3,4,Manager,4,Married,16555,16555,2.1351234029130395,0,10310,10310,-0.5624085040204616,2,2.0,-0.27749991186380857,No,13,3,4,0,31,28.5,2.2131977071571027,2,1,3.25,5,5,-0.32778177109816264,0.16129032258064516,2,2.0,-0.6152821934957711,1,1.0,-0.3685898527395261,4,4.0,-0.03450800301867408
42,No,Travel_Frequently,532,532,-0.6703335820733661,Research & Development,29,2,Life Sciences,1,Female,92,92,1.284288197968217,3,2,Research Scientist,3,Divorced,4556,4556,-0.41354060417224653,0,12932,12932,-0.19403553189756384,2,2.0,-0.27749991186380857,No,11,3,2,1,19,19.0,0.9922406880797102,3,3,2.25,5,5,-0.32778177109816264,0.2631578947368421,4,4.0,-0.06327436663641088,0,0.0,-0.6789146428573514,2,2.0,-0.5950247357715714
30,No,Travel_Rarely,317,317,-1.203159236611753,Research & Development,2,3,Life Sciences,3,Female,43,43,-1.1260108872452157,1,2,Manufacturing Director,4,Single,6091,6091,-0.08749682961804084,0,24793,24793,1.4723534163670013,2,2.0,-0.27749991186380857,No,20,4,3,0,11,11.0,-0.035933643774936005,2,3,3.25,5,5,-0.32778177109816264,0.45454545454545453,4,4.0,-0.06327436663641088,0,0.0,-0.6789146428573514,2,2.0,-0.5950247357715714
60,No,Travel_Rarely,422,422,-0.9429420564883547,Research & Development,7,3,Life Sciences,1,Female,41,41,-1.2243904417437232,3,5,Manager,1,Married,19566,16581,2.140645968475521,1,3854,3854,-1.4694321150141412,5,5.0,0.9234565269617766,No,11,3,4,0,33,28.5,2.2131977071571027,5,1,1.75,29,18,1.794138840907512,0.8787878787878788,8,8.0,1.0407412870823096,11,7.5,1.6485212830263376,10,10.0,1.6470421952400178
46,No,Travel_Rarely,1485,1485,1.6914471099037625,Research & Development,18,3,Medical,3,Female,87,87,1.0383393117219484,3,2,Manufacturing Director,3,Divorced,4810,4810,-0.35958938675415647,0,26314,26314,1.6860434585481332,2,2.0,-0.27749991186380857,No,14,3,3,1,19,19.0,0.9922406880797102,5,2,2.75,10,10,0.48834154121171225,0.5263157894736842,7,7.0,0.7647373736526294,0,0.0,-0.6789146428573514,8,8.0,1.0865254624871206
42,No,Travel_Frequently,1368,1368,1.4014908234805472,Research & Development,28,4,Technical Degree,4,Female,88,88,1.0875290889712022,2,2,Healthcare Representative,4,Married,4523,4523,-0.4205500143092425,0,4386,4386,-1.3946897728442778,0,0.0,-1.078137537747532,No,11,3,4,3,7,7.0,-0.5500208097022591,4,4,4.0,6,6,-0.1645571086361877,0.8571428571428571,5,5.0,0.21272954679326922,0,0.0,-0.6789146428573514,4,4.0,-0.03450800301867408
24,Yes,Travel_Rarely,1448,1448,1.5997515321459936,Sales,1,1,Technical Degree,1,Female,62,62,-0.19140511950939493,3,1,Sales Representative,2,Single,3202,3202,-0.7011388261568684,0,21972,21972,1.0760223124925947,1,1.0,-0.6778187248056703,Yes,16,3,2,0,6,6.0,-0.6785426011840899,4,3,2.0,5,5,-0.32778177109816264,0.8333333333333334,3,3.0,-0.339278280066091,1,1.0,-0.3685898527395261,4,4.0,-0.03450800301867408
34,Yes,Travel_Frequently,296,296,-1.2552026726364325,Sales,6,2,Marketing,4,Female,33,33,-1.617908659737753,1,1,Sales Representative,3,Divorced,2351,2351,-0.8818966451442488,0,12253,12253,-0.28943036335120514,0,0.0,-1.078137537747532,No,16,3,4,1,3,3.0,-1.0641079756295821,3,2,3.25,2,2,-0.8174557584840876,0.6666666666666666,2,2.0,-0.6152821934957711,1,1.0,-0.3685898527395261,0,0.0,-1.1555414685244687
38,No,Travel_Frequently,1490,1490,1.703838404195353,Research & Development,2,2,Life Sciences,4,Male,42,42,-1.1752006644944695,3,1,Laboratory Technician,4,Married,1702,1702,-1.0197483778385026,0,12106,12106,-0.3100828526349832,1,1.0,-0.6778187248056703,Yes,23,4,3,1,1,1.0,-1.3211515585932438,3,3,3.5,1,1,-0.9806804209460626,1.0,0,0.0,-1.1672900203551313,0,0.0,-0.6789146428573514,0,0.0,-1.1555414685244687
40,No,Travel_Rarely,1398,1398,1.4758385892300896,Sales,2,4,Life Sciences,3,Female,79,79,0.6448210937279185,3,5,Manager,3,Married,18041,16581,2.140645968475521,1,13022,13022,-0.18139115070341402,0,0.0,-1.078137537747532,No,14,3,4,0,21,21.0,1.2492842710433718,2,3,3.25,20,18,1.794138840907512,0.9523809523809523,15,14.5,2.8347667243752306,1,1.0,-0.3685898527395261,12,12.0,2.207558927992915
26,No,Travel_Rarely,1349,1349,1.3544039051725039,Research & Development,23,3,Life Sciences,1,Female,90,90,1.1859086434697095,3,1,Research Scientist,4,Divorced,2886,2886,-0.7682592383777993,0,3032,3032,-1.5849174632540428,1,1.0,-0.6778187248056703,No,22,4,2,2,3,3.0,-1.0641079756295821,3,1,2.0,3,3,-0.6542310960221126,1.0,2,2.0,-0.6152821934957711,0,0.0,-0.6789146428573514,2,2.0,-0.5950247357715714
30,No,Non-Travel,1400,1400,1.4807951069467258,Research & Development,3,3,Life Sciences,3,Male,53,53,-0.6341131147526785,3,1,Laboratory Technician,4,Married,2097,2097,-0.9358478625623389,0,16734,16734,0.34011932699307584,4,4.0,0.5231377140199149,No,15,3,3,1,9,9.0,-0.29297722673859755,3,1,2.75,5,5,-0.32778177109816264,0.5555555555555556,3,3.0,-0.339278280066091,1,1.0,-0.3685898527395261,4,4.0,-0.03450800301867408
29,No,Travel_Rarely,986,986,0.45479593960304143,Research & Development,3,4,Medical,2,Male,93,93,1.3334779752174708,2,3,Research Director,3,Married,11935,11935,1.153805983733606,0,21526,21526,1.0133623790193633,1,1.0,-0.6778187248056703,No,18,3,3,0,10,10.0,-0.16445543525676679,2,3,2.75,10,10,0.48834154121171225,1.0,2,2.0,-0.6152821934957711,0,0.0,-0.6789146428573514,7,7.0,0.8062670961106719
29,Yes,Travel_Rarely,408,408,-0.9776376805048078,Research & Development,25,5,Technical Degree,3,Female,71,71,0.25130287573388865,2,1,Research Scientist,2,Married,2546,2546,-0.8404774034256364,0,18300,18300,0.5601315597712825,5,5.0,0.9234565269617766,No,16,3,2,0,6,6.0,-0.6785426011840899,2,4,2.75,2,2,-0.8174557584840876,0.3333333333333333,2,2.0,-0.6152821934957711,1,1.0,-0.3685898527395261,1,1.0,-0.8752831021480201
19,Yes,Travel_Rarely,489,489,-0.7768987129810434,Human Resources,2,2,Technical Degree,1,Male,52,52,-0.6833028920019322,2,1,Human Resources,4,Single,2564,2564,-0.8366540888054568,0,18437,18437,0.579379117811266,1,1.0,-0.6778187248056703,No,12,3,3,0,1,1.0,-1.3211515585932438,3,4,3.0,1,1,-0.9806804209460626,1.0,0,0.0,-1.1672900203551313,0,0.0,-0.6789146428573514,0,0.0,-1.1555414685244687
30,No,Non-Travel,1398,1398,1.4758385892300896,Sales,22,4,Other,3,Female,69,69,0.1529233212353812,3,3,Sales Executive,1,Married,8412,8412,0.4054983500173412,0,2890,2890,-1.6048674869159236,0,0.0,-1.078137537747532,No,11,3,3,0,10,10.0,-0.16445543525676679,3,3,2.5,9,9,0.32511687874973727,0.9,8,8.0,1.0407412870823096,7,7.0,1.493358887967425,8,8.0,1.0865254624871206
57,No,Travel_Rarely,210,210,-1.4683329344517873,Sales,29,3,Marketing,1,Male,56,56,-0.4865437830049173,2,4,Manager,4,Divorced,14118,14118,1.6174890846142778,0,22102,22102,1.0942864186619221,3,3.0,0.12281890107805317,No,12,3,3,1,32,28.5,2.2131977071571027,3,2,2.5,1,1,-0.9806804209460626,0.03125,0,0.0,-1.1672900203551313,0,0.0,-0.6789146428573514,0,0.0,-1.1555414685244687
50,No,Travel_Rarely,1099,1099,0.7348391905929843,Research & Development,29,4,Life Sciences,2,Male,88,88,1.0875290889712022,2,4,Manager,3,Married,17046,16581,2.140645968475521,1,9314,9314,-0.7023396559023861,0,0.0,-1.078137537747532,No,15,3,2,1,28,28.0,2.1489368114161875,2,3,2.5,27,18,1.794138840907512,0.9642857142857143,10,10.0,1.5927491139416698,15,7.5,1.6485212830263376,7,7.0,0.8062670961106719
30,No,Non-Travel,1116,1116,0.7769695911843916,Research & Development,2,3,Medical,3,Female,49,49,-0.8308722237496934,3,1,Laboratory Technician,4,Single,2564,2564,-0.8366540888054568,0,7181,7181,-1.0020114902037365,0,0.0,-1.078137537747532,No,14,3,3,0,12,12.0,0.09258814770689477,2,2,3.0,11,11,0.6515662036736872,0.9166666666666666,7,7.0,0.7647373736526294,6,6.0,1.1830340978496,7,7.0,0.8062670961106719
60,No,Travel_Frequently,1499,1499,1.7261427339202156,Sales,28,3,Marketing,3,Female,80,80,0.6940108709771722,2,3,Sales Executive,1,Married,10266,10266,0.7992997558958411,0,2845,2845,-1.6111896775129984,4,4.0,0.5231377140199149,No,19,3,4,0,22,22.0,1.3778060625252024,5,4,3.0,18,18,1.794138840907512,0.8181818181818182,13,13.0,2.42076085423071,13,7.5,1.6485212830263376,11,11.0,1.9273005616164665
47,No,Travel_Rarely,983,983,0.4473611630280872,Research & Development,2,2,Medical,1,Female,65,65,-0.04383578776163373,3,2,Manufacturing Director,4,Divorced,5070,5070,-0.30436373112933984,0,7389,7389,-0.9727889203328126,5,5.0,0.9234565269617766,No,13,3,3,3,20,20.0,1.120762479561541,2,3,2.75,5,5,-0.32778177109816264,0.25,0,0.0,-1.1672900203551313,0,0.0,-0.6789146428573514,4,4.0,-0.03450800301867408
46,No,Travel_Rarely,1009,1009,0.5117958933443573,Research & Development,2,3,Life Sciences,1,Male,51,51,-0.732492669251186,3,4,Research Director,3,Married,17861,16581,2.140645968475521,1,2288,2288,-1.6894443477923478,6,6.0,1.3237753399036383,No,13,3,3,0,26,26.0,1.8918932284525256,2,1,2.0,3,3,-0.6542310960221126,0.11538461538461539,2,2.0,-0.6152821934957711,0,0.0,-0.6789146428573514,1,1.0,-0.8752831021480201
35,No,Travel_Rarely,144,144,-1.6318980191007804,Research & Development,22,3,Life Sciences,4,Male,46,46,-0.9784415554974546,1,1,Laboratory Technician,3,Single,4230,4230,-0.48278508007105503,0,19225,19225,0.6900876998222666,0,0.0,-1.078137537747532,No,15,3,3,0,6,6.0,-0.6785426011840899,2,3,3.25,5,5,-0.32778177109816264,0.8333333333333334,4,4.0,-0.06327436663641088,4,4.0,0.5623845176139496,3,3.0,-0.31476636939512276
54,No,Travel_Rarely,548,548,-0.6306814403402768,Research & Development,8,4,Life Sciences,3,Female,42,42,-1.1752006644944695,3,2,Laboratory Technician,3,Single,3780,3780,-0.5783679455755453,0,23428,23428,1.2805803015890627,7,7.0,1.7240941528455003,No,11,3,3,0,19,19.0,0.9922406880797102,3,3,3.0,1,1,-0.9806804209460626,0.05263157894736842,0,0.0,-1.1672900203551313,0,0.0,-0.6789146428573514,0,0.0,-1.1555414685244687
34,No,Travel_Rarely,1303,1303,1.2404039976898722,Research & Development,2,4,Life Sciences,4,Male,62,62,-0.19140511950939493,2,1,Research Scientist,3,Divorced,2768,2768,-0.7933231897767545,0,8416,8416,-0.8285024815951253,3,3.0,0.12281890107805317,No,12,3,3,1,14,14.0,0.3496317306705563,3,3,3.25,7,7,-0.0013324461742127045,0.5,3,3.0,-0.339278280066091,5,5.0,0.8727093077317748,7,7.0,0.8062670961106719
46,No,Travel_Rarely,1125,1125,0.7992739209092543,Sales,10,3,Marketing,3,Female,94,94,1.3826677524667244,2,3,Sales Executive,4,Married,9071,9071,0.5454741463894724,0,11563,11563,-0.38637061917302035,2,2.0,-0.27749991186380857,Yes,19,3,3,1,15,15.0,0.4781535221523871,3,3,3.25,3,3,-0.6542310960221126,0.2,2,2.0,-0.6152821934957711,1,1.0,-0.3685898527395261,2,2.0,-0.5950247357715714
31,No,Travel_Rarely,1274,1274,1.168534490798648,Research & Development,9,1,Life Sciences,3,Male,33,33,-1.617908659737753,3,3,Manufacturing Director,2,Divorced,10648,10648,0.880438988390764,0,14394,14394,0.011365415945180826,1,1.0,-0.6778187248056703,No,25,4,4,1,13,13.0,0.22110993918872554,6,4,3.25,13,13,0.9780155285976372,1.0,8,8.0,1.0407412870823096,0,0.0,-0.6789146428573514,8,8.0,1.0865254624871206
33,Yes,Travel_Rarely,1277,1277,1.1759692673736022,Research & Development,15,1,Medical,2,Male,56,56,-0.4865437830049173,3,3,Manager,3,Married,13610,13610,1.5095866497780976,0,24619,24619,1.4479076127249784,7,7.0,1.7240941528455003,Yes,12,3,4,0,15,15.0,0.4781535221523871,2,4,3.25,7,7,-0.0013324461742127045,0.4666666666666667,6,6.0,0.48873346022294933,7,7.0,1.493358887967425,7,7.0,0.8062670961106719
33,Yes,Travel_Rarely,587,587,-0.5340293448658718,Research & Development,10,1,Medical,1,Male,38,38,-1.3719597734914843,1,1,Laboratory Technician,4,Divorced,3408,3408,-0.6573831143925906,0,6705,6705,-1.068886217408351,7,7.0,1.7240941528455003,No,13,3,1,3,8,8.0,-0.42149901822042835,2,3,2.25,4,4,-0.4910064335601377,0.5,3,3.0,-0.339278280066091,1,1.0,-0.3685898527395261,3,3.0,-0.31476636939512276
30,No,Travel_Rarely,413,413,-0.9652463862132173,Sales,7,1,Marketing,4,Male,57,57,-0.4373540057556636,3,1,Sales Representative,2,Single,2983,2983,-0.747655820702387,0,18398,18398,0.5738998859604678,0,0.0,-1.078137537747532,No,14,3,1,0,4,4.0,-0.9355861841477514,3,3,2.5,3,3,-0.6542310960221126,0.75,2,2.0,-0.6152821934957711,1,1.0,-0.3685898527395261,2,2.0,-0.5950247357715714
35,No,Travel_Rarely,1276,1276,1.173491008515284,Research & Development,16,3,Life Sciences,4,Male,72,72,0.30049265298314237,3,3,Healthcare Representative,3,Married,7632,7632,0.2398213831428914,0,14295,14295,-0.002543403368383963,4,4.0,0.5231377140199149,Yes,12,3,3,0,10,10.0,-0.16445543525676679,2,3,3.25,8,8,0.1618922162877623,0.8,7,7.0,0.7647373736526294,0,0.0,-0.6789146428573514,0,0.0,-1.1555414685244687
31,Yes,Travel_Frequently,534,534,-0.6653770643567299,Research & Development,20,3,Life Sciences,1,Male,66,66,0.005353989487620002,3,3,Healthcare Representative,3,Married,9824,9824,0.7054161413336528,0,22908,22908,1.2075238769117527,3,3.0,0.12281890107805317,No,12,3,1,0,12,12.0,0.09258814770689477,2,3,2.0,1,1,-0.9806804209460626,0.08333333333333333,0,0.0,-1.1672900203551313,0,0.0,-0.6789146428573514,0,0.0,-1.1555414685244687
34,Yes,Travel_Frequently,988,988,0.45975245731967757,Human Resources,23,3,Human Resources,2,Female,43,43,-1.1260108872452157,3,3,Human Resources,1,Divorced,9950,9950,0.7321793436749101,0,11533,11533,-0.39058541290440363,9,8.5,2.324572372258293,Yes,15,3,3,3,11,11.0,-0.035933643774936005,2,3,2.25,3,3,-0.6542310960221126,0.2727272727272727,2,2.0,-0.6152821934957711,0,0.0,-0.6789146428573514,2,2.0,-0.5950247357715714
42,No,Travel_Frequently,1474,1474,1.6641862624622636,Research & Development,5,2,Other,2,Male,97,97,1.5302370842144857,3,1,Laboratory Technician,3,Married,2093,2093,-0.93669748803349,0,9260,9260,-0.709926284618876,4,4.0,0.5231377140199149,No,17,3,4,1,8,8.0,-0.42149901822042835,4,3,3.0,2,2,-0.8174557584840876,0.25,2,2.0,-0.6152821934957711,2,2.0,-0.058265062621700905,0,0.0,-1.1555414685244687
36,No,Non-Travel,635,635,-0.41507291966660403,Sales,10,4,Medical,2,Male,32,32,-1.6670984369870068,3,3,Sales Executive,4,Single,9980,9980,0.7385515347085428,0,15318,15318,0.14118106287178553,1,1.0,-0.6778187248056703,No,14,3,4,0,10,10.0,-0.16445543525676679,3,2,3.0,10,10,0.48834154121171225,1.0,3,3.0,-0.339278280066091,9,7.5,1.6485212830263376,7,7.0,0.8062670961106719
22,Yes,Travel_Frequently,1368,1368,1.4014908234805472,Research & Development,4,1,Technical Degree,3,Male,99,99,1.628616638712993,2,1,Laboratory Technician,3,Single,3894,3894,-0.5541536196477411,0,9129,9129,-0.7283308839125829,5,5.0,0.9234565269617766,No,16,3,3,0,4,4.0,-0.9355861841477514,3,3,3.0,2,2,-0.8174557584840876,0.5,2,2.0,-0.6152821934957711,1,1.0,-0.3685898527395261,2,2.0,-0.5950247357715714
48,No,Travel_Rarely,163,163,-1.584811100792737,Sales,2,5,Marketing,2,Female,37,37,-1.4211495507407381,3,2,Sales Executive,4,Married,4051,4051,-0.5208058199050634,0,19658,19658,0.7509212226785652,2,2.0,-0.27749991186380857,No,14,3,1,1,14,14.0,0.3496317306705563,2,3,2.5,9,9,0.32511687874973727,0.6428571428571429,7,7.0,0.7647373736526294,6,6.0,1.1830340978496,7,7.0,0.8062670961106719
55,No,Travel_Rarely,1117,1117,0.7794478500427097,Sales,18,5,Life Sciences,1,Female,83,83,0.8415802027249334,3,4,Manager,2,Single,16835,16581,2.140645968475521,1,9873,9873,-0.6238039993742779,3,3.0,0.12281890107805317,No,23,4,4,0,37,28.5,2.2131977071571027,2,3,2.5,10,10,0.48834154121171225,0.2702702702702703,9,9.0,1.3167452005119897,7,7.0,1.493358887967425,7,7.0,0.8062670961106719
41,No,Non-Travel,267,267,-1.3270721795276568,Sales,10,2,Life Sciences,4,Male,56,56,-0.4865437830049173,3,2,Sales Executive,4,Single,6230,6230,-0.057972344495542734,0,13430,13430,-0.12406995595660156,7,7.0,1.7240941528455003,No,14,3,4,0,16,16.0,0.6066753136342179,3,3,3.75,14,14,1.1412401910596122,0.875,3,3.0,-0.339278280066091,1,1.0,-0.3685898527395261,10,10.0,1.6470421952400178
35,No,Travel_Rarely,619,619,-0.45472506139969326,Sales,1,3,Marketing,2,Male,85,85,0.9399597572234408,3,2,Sales Executive,3,Married,4717,4717,-0.3793431789584178,0,18659,18659,0.6105685914235023,9,8.5,2.324572372258293,No,11,3,3,0,15,15.0,0.4781535221523871,2,3,2.75,11,11,0.6515662036736872,0.7333333333333333,9,9.0,1.3167452005119897,6,6.0,1.1830340978496,9,9.0,1.3667838288635692
40,No,Travel_Rarely,302,302,-1.2403331194865241,Research & Development,6,3,Life Sciences,2,Female,75,75,0.4480619847309036,3,4,Manufacturing Director,3,Single,13237,13237,1.4303590745932646,0,20364,20364,0.8501093684904514,7,7.0,1.7240941528455003,No,15,3,3,0,22,22.0,1.3778060625252024,3,3,2.75,20,18,1.794138840907512,0.9090909090909091,6,6.0,0.48873346022294933,5,5.0,0.8727093077317748,13,13.0,2.4878172943693637
39,No,Travel_Frequently,443,443,-0.8908986204636751,Research & Development,8,1,Life Sciences,3,Female,48,48,-0.8800620009989472,3,1,Laboratory Technician,3,Married,3755,3755,-0.5836781047702392,0,17872,17872,0.5000005025368812,1,1.0,-0.6778187248056703,No,11,3,1,1,8,8.0,-0.42149901822042835,3,3,2.5,8,8,0.1618922162877623,1.0,3,3.0,-0.339278280066091,0,0.0,-0.6789146428573514,7,7.0,0.8062670961106719
31,No,Travel_Rarely,828,828,0.06323103998878506,Sales,2,1,Life Sciences,2,Male,77,77,0.5464415392294111,3,2,Sales Executive,4,Single,6582,6582,0.01679469696574743,0,8346,8346,-0.8383370003016862,4,4.0,0.5231377140199149,Yes,13,3,3,0,10,10.0,-0.16445543525676679,2,4,3.25,6,6,-0.1645571086361877,0.6,5,5.0,0.21272954679326922,0,0.0,-0.6789146428573514,5,5.0,0.2457503633577746
42,No,Travel_Rarely,319,319,-1.1982027188951168,Research & Development,24,3,Medical,4,Male,56,56,-0.4865437830049173,3,3,Manufacturing Director,1,Married,7406,7406,0.1918175440228585,0,6950,6950,-1.0344654019353878,1,1.0,-0.6778187248056703,Yes,21,4,4,1,10,10.0,-0.16445543525676679,5,2,2.75,10,10,0.48834154121171225,1.0,9,9.0,1.3167452005119897,5,5.0,0.8727093077317748,8,8.0,1.0865254624871206
45,No,Travel_Rarely,561,561,-0.5984640751821418,Sales,2,3,Other,4,Male,61,61,-0.24059489675864865,3,2,Sales Executive,2,Married,4805,4805,-0.36065141859309524,0,16177,16177,0.2618646567137265,0,0.0,-1.078137537747532,No,19,3,2,1,9,9.0,-0.29297722673859755,3,4,3.0,8,8,0.1618922162877623,0.8888888888888888,7,7.0,0.7647373736526294,3,3.0,0.2520597274961243,7,7.0,0.8062670961106719
26,Yes,Travel_Frequently,426,426,-0.9330290210550823,Human Resources,17,4,Life Sciences,2,Female,58,58,-0.38816422850640986,3,1,Human Resources,3,Divorced,2741,2741,-0.7990581617070239,0,22808,22808,1.1934745644738085,0,0.0,-1.078137537747532,Yes,11,3,2,1,8,8.0,-0.42149901822042835,2,2,2.25,7,7,-0.0013324461742127045,0.875,7,7.0,0.7647373736526294,1,1.0,-0.3685898527395261,0,0.0,-1.1555414685244687
29,No,Travel_Rarely,232,232,-1.4138112395687896,Research & Development,19,3,Technical Degree,4,Male,34,34,-1.5687188824884994,3,2,Manufacturing Director,4,Divorced,4262,4262,-0.47598807630184686,0,22645,22645,1.1705741851999594,4,4.0,0.5231377140199149,No,12,3,2,2,8,8.0,-0.42149901822042835,2,4,3.5,3,3,-0.6542310960221126,0.375,2,2.0,-0.6152821934957711,1,1.0,-0.3685898527395261,2,2.0,-0.5950247357715714
33,No,Travel_Rarely,922,922,0.2961873726706844,Research & Development,1,5,Medical,1,Female,95,95,1.4318575297159781,4,4,Research Director,3,Divorced,16184,16184,2.056320640463782,0,22578,22578,1.1611611458665367,4,4.0,0.5231377140199149,No,19,3,3,1,10,10.0,-0.16445543525676679,2,3,2.5,6,6,-0.1645571086361877,0.6,1,1.0,-0.8912861069254512,0,0.0,-0.6789146428573514,5,5.0,0.2457503633577746
31,No,Travel_Rarely,688,688,-0.2837252001757459,Sales,7,3,Life Sciences,3,Male,44,44,-1.0768211099959621,2,3,Manager,4,Divorced,11557,11557,1.0735163767098344,0,25291,25291,1.5423189923079637,9,8.5,2.324572372258293,No,21,4,3,1,10,10.0,-0.16445543525676679,3,2,3.0,5,5,-0.32778177109816264,0.5,4,4.0,-0.06327436663641088,0,0.0,-0.6789146428573514,1,1.0,-0.8752831021480201
18,Yes,Travel_Frequently,1306,1306,1.2478387742648265,Sales,5,3,Marketing,2,Male,69,69,0.1529233212353812,3,1,Sales Representative,2,Single,1878,1878,-0.9823648571078575,0,8059,8059,-0.8786585269985863,1,1.0,-0.6778187248056703,Yes,14,3,4,0,0,0.0,-1.4496733500750745,3,3,2.75,0,0,-1.1439050834080375,0.0,0,0.0,-1.1672900203551313,0,0.0,-0.6789146428573514,0,0.0,-1.1555414685244687
40,No,Non-Travel,1094,1094,0.7224478963013938,Sales,28,3,Other,3,Male,58,58,-0.38816422850640986,1,3,Sales Executive,1,Divorced,10932,10932,0.9407623968424867,0,11373,11373,-0.4130643128051144,3,3.0,0.12281890107805317,No,15,3,3,1,20,20.0,1.120762479561541,2,3,2.5,1,1,-0.9806804209460626,0.05,0,0.0,-1.1672900203551313,0,0.0,-0.6789146428573514,1,1.0,-0.8752831021480201
41,No,Non-Travel,509,509,-0.7273335358146819,Research & Development,2,4,Other,1,Female,62,62,-0.19140511950939493,2,2,Healthcare Representative,3,Single,6811,6811,0.06543575518914359,0,2112,2112,-1.7141711376831297,2,2.0,-0.27749991186380857,Yes,17,3,1,0,10,10.0,-0.16445543525676679,3,3,2.0,8,8,0.1618922162877623,0.8,7,7.0,0.7647373736526294,0,0.0,-0.6789146428573514,7,7.0,0.8062670961106719
26,No,Travel_Rarely,775,775,-0.06811667950207308,Sales,29,2,Medical,1,Male,45,45,-1.0276313327467084,3,2,Sales Executive,3,Divorced,4306,4306,-0.46664219611918556,0,4267,4267,-1.4114084546454315,5,5.0,0.9234565269617766,No,12,3,1,2,8,8.0,-0.42149901822042835,5,3,2.0,0,0,-1.1439050834080375,0.0,0,0.0,-1.1672900203551313,0,0.0,-0.6789146428573514,0,0.0,-1.1555414685244687
35,No,Travel_Rarely,195,195,-1.5055068173265584,Sales,1,3,Medical,1,Female,80,80,0.6940108709771722,3,2,Sales Executive,3,Single,4859,4859,-0.3491814747325564,0,6698,6698,-1.0698696692790073,1,1.0,-0.6778187248056703,No,16,3,4,0,5,5.0,-0.8070643926659207,3,3,2.75,5,5,-0.32778177109816264,1.0,4,4.0,-0.06327436663641088,0,0.0,-0.6789146428573514,3,3.0,-0.31476636939512276
34,No,Travel_Rarely,258,258,-1.3493765092525196,Sales,21,4,Life Sciences,4,Male,74,74,0.39887220748164987,4,2,Sales Executive,4,Single,5337,5337,-0.247651230930009,0,19921,19921,0.7878709143903585,1,1.0,-0.6778187248056703,No,12,3,4,0,10,10.0,-0.16445543525676679,3,3,3.75,10,10,0.48834154121171225,1.0,7,7.0,0.7647373736526294,5,5.0,0.8727093077317748,7,7.0,0.8062670961106719
26,Yes,Travel_Rarely,471,471,-0.8215073724307689,Research & Development,24,3,Technical Degree,3,Male,66,66,0.005353989487620002,1,1,Laboratory Technician,4,Single,2340,2340,-0.8842331151899142,0,23213,23213,1.2503742798474826,1,1.0,-0.6778187248056703,Yes,18,3,2,0,1,1.0,-1.3211515585932438,3,1,2.5,1,1,-0.9806804209460626,1.0,0,0.0,-1.1672900203551313,0,0.0,-0.6789146428573514,0,0.0,-1.1555414685244687
37,No,Travel_Rarely,799,799,-0.008638466902439206,Research & Development,1,3,Technical Degree,2,Female,59,59,-0.3389744512571561,3,3,Manufacturing Director,4,Single,7491,7491,0.20987208528481777,0,23848,23848,1.3395874138284285,4,4.0,0.5231377140199149,No,17,3,4,0,12,12.0,0.09258814770689477,3,4,3.5,6,6,-0.1645571086361877,0.5,5,5.0,0.21272954679326922,1,1.0,-0.3685898527395261,2,2.0,-0.5950247357715714
46,No,Travel_Frequently,1034,1034,0.5737523648023092,Research & Development,18,1,Medical,1,Female,86,86,0.9891495344726946,3,3,Healthcare Representative,3,Married,10527,10527,0.8547378178884455,0,8984,8984,-0.748702386947602,5,5.0,0.9234565269617766,No,11,3,4,0,28,28.0,2.1489368114161875,3,2,2.5,2,2,-0.8174557584840876,0.07142857142857142,2,2.0,-0.6152821934957711,1,1.0,-0.3685898527395261,2,2.0,-0.5950247357715714
41,No,Travel_Rarely,1276,1276,1.173491008515284,Sales,2,5,Life Sciences,2,Female,91,91,1.2350984207189633,3,4,Manager,1,Married,16595,16581,2.140645968475521,1,5626,5626,-1.2204782986137694,7,7.0,1.7240941528455003,No,16,3,2,1,22,22.0,1.3778060625252024,2,3,2.0,18,18,1.794138840907512,0.8181818181818182,16,14.5,2.8347667243752306,11,7.5,1.6485212830263376,8,8.0,1.0865254624871206
37,No,Non-Travel,142,142,-1.6368545368174165,Sales,9,4,Medical,1,Male,69,69,0.1529233212353812,3,3,Sales Executive,2,Divorced,8834,8834,0.4951338372237743,0,24666,24666,1.4545107895708123,1,1.0,-0.6778187248056703,No,13,3,4,1,9,9.0,-0.29297722673859755,6,3,2.5,9,9,0.32511687874973727,1.0,5,5.0,0.21272954679326922,7,7.0,1.493358887967425,7,7.0,0.8062670961106719
52,No,Travel_Rarely,956,956,0.38044817385349905,Research & Development,6,2,Technical Degree,4,Male,78,78,0.5956313164786647,3,2,Research Scientist,1,Divorced,5577,5577,-0.1966737026609475,0,22087,22087,1.0921790217962306,3,3.0,0.12281890107805317,Yes,12,3,2,2,18,18.0,0.8637188965978794,3,3,2.5,10,10,0.48834154121171225,0.5555555555555556,9,9.0,1.3167452005119897,6,6.0,1.1830340978496,9,9.0,1.3667838288635692
32,Yes,Non-Travel,1474,1474,1.6641862624622636,Sales,11,4,Other,4,Male,60,60,-0.28978467400790237,4,2,Sales Executive,3,Married,4707,4707,-0.38146724263629533,0,23914,23914,1.3488599600374716,8,8.0,2.124412965787362,No,12,3,4,0,6,6.0,-0.6785426011840899,2,3,3.5,4,4,-0.4910064335601377,0.6666666666666666,2,2.0,-0.6152821934957711,1,1.0,-0.3685898527395261,2,2.0,-0.5950247357715714
24,No,Travel_Frequently,535,535,-0.6628988054984118,Sales,24,3,Medical,4,Male,38,38,-1.3719597734914843,3,1,Sales Representative,4,Married,2400,2400,-0.8714887331226487,0,5530,5530,-1.2339656385541957,0,0.0,-1.078137537747532,No,13,3,3,2,3,3.0,-1.0641079756295821,3,3,3.5,2,2,-0.8174557584840876,0.6666666666666666,2,2.0,-0.6152821934957711,2,2.0,-0.058265062621700905,1,1.0,-0.8752831021480201
38,No,Travel_Rarely,1495,1495,1.7162296984869432,Research & Development,10,3,Medical,3,Female,76,76,0.4972517619801573,3,2,Healthcare Representative,3,Married,9824,9824,0.7054161413336528,0,22174,22174,1.104401923617242,3,3.0,0.12281890107805317,No,19,3,3,1,18,18.0,0.8637188965978794,4,3,3.0,1,1,-0.9806804209460626,0.05555555555555555,0,0.0,-1.1672900203551313,0,0.0,-0.6789146428573514,0,0.0,-1.1555414685244687
37,No,Travel_Rarely,446,446,-0.8834638438887208,Research & Development,1,4,Life Sciences,2,Female,65,65,-0.04383578776163373,3,2,Manufacturing Director,2,Married,6447,6447,-0.011880162685599648,0,15701,15701,0.19498992950911193,6,6.0,1.3237753399036383,No,12,3,2,1,8,8.0,-0.42149901822042835,2,2,2.0,6,6,-0.1645571086361877,0.75,5,5.0,0.21272954679326922,4,4.0,0.5623845176139496,3,3.0,-0.31476636939512276
49,No,Travel_Rarely,1245,1245,1.0966649839074236,Research & Development,18,4,Life Sciences,4,Male,58,58,-0.38816422850640986,2,5,Research Director,3,Divorced,19502,16581,2.140645968475521,1,2125,2125,-1.712344727066197,1,1.0,-0.6778187248056703,Yes,17,3,3,1,31,28.5,2.2131977071571027,5,3,3.25,31,18,1.794138840907512,1.0,9,9.0,1.3167452005119897,0,0.0,-0.6789146428573514,9,9.0,1.3667838288635692
24,No,Travel_Rarely,691,691,-0.27629042360079165,Research & Development,23,3,Medical,2,Male,89,89,1.1367188662204557,4,1,Research Scientist,4,Married,2725,2725,-0.802456663591628,0,21630,21630,1.0279736639548254,1,1.0,-0.6778187248056703,Yes,11,3,2,2,6,6.0,-0.6785426011840899,3,3,2.75,6,6,-0.1645571086361877,1.0,5,5.0,0.21272954679326922,1,1.0,-0.3685898527395261,4,4.0,-0.03450800301867408
26,No,Travel_Rarely,703,703,-0.2465513173009747,Sales,28,2,Marketing,1,Male,66,66,0.005353989487620002,3,2,Sales Executive,2,Married,6272,6272,-0.04905127704845697,0,7428,7428,-0.9673096884820144,1,1.0,-0.6778187248056703,No,20,4,4,2,6,6.0,-0.6785426011840899,5,4,2.75,5,5,-0.32778177109816264,0.8333333333333334,3,3.0,-0.339278280066091,1,1.0,-0.3685898527395261,4,4.0,-0.03450800301867408
24,No,Travel_Rarely,823,823,0.05083974569719467,Research & Development,17,2,Other,4,Male,94,94,1.3826677524667244,2,1,Laboratory Technician,2,Married,2127,2127,-0.9294756715287062,0,9100,9100,-0.7324051845195868,1,1.0,-0.6778187248056703,No,21,4,4,1,1,1.0,-1.3211515585932438,2,3,3.25,1,1,-0.9806804209460626,1.0,0,0.0,-1.1672900203551313,0,0.0,-0.6789146428573514,0,0.0,-1.1555414685244687
50,No,Travel_Frequently,1246,1246,1.0991432427657417,Human Resources,3,3,Medical,1,Male,99,99,1.628616638712993,3,5,Manager,2,Married,18200,16581,2.140645968475521,1,7999,7999,-0.8870881144613527,1,1.0,-0.6778187248056703,No,11,3,3,1,32,28.5,2.2131977071571027,2,3,2.25,32,18,1.794138840907512,1.0,5,5.0,0.21272954679326922,10,7.5,1.6485212830263376,7,7.0,0.8062670961106719
25,No,Travel_Rarely,622,622,-0.44729028482473904,Sales,13,1,Medical,2,Male,40,40,-1.273580218992977,3,1,Sales Representative,3,Married,2096,2096,-0.9360602689301266,0,26376,26376,1.6947540322596586,1,1.0,-0.6778187248056703,No,11,3,3,0,7,7.0,-0.5500208097022591,1,3,2.75,7,7,-0.0013324461742127045,1.0,4,4.0,-0.06327436663641088,0,0.0,-0.6789146428573514,6,6.0,0.5260087297342232
24,Yes,Travel_Frequently,1287,1287,1.200751855956783,Research & Development,7,3,Life Sciences,1,Female,55,55,-0.5357335602541711,3,1,Laboratory Technician,3,Married,2886,2886,-0.7682592383777993,0,14168,14168,-0.020386030164573136,1,1.0,-0.6778187248056703,Yes,16,3,4,1,6,6.0,-0.6785426011840899,4,3,2.75,6,6,-0.1645571086361877,1.0,3,3.0,-0.339278280066091,1,1.0,-0.3685898527395261,2,2.0,-0.5950247357715714
30,Yes,Travel_Frequently,448,448,-0.8785073261720847,Sales,12,4,Life Sciences,2,Male,74,74,0.39887220748164987,2,1,Sales Representative,1,Married,2033,2033,-0.9494418701007553,0,14470,14470,0.022042893398018442,1,1.0,-0.6778187248056703,No,18,3,3,1,1,1.0,-1.3211515585932438,2,4,2.5,1,1,-0.9806804209460626,1.0,0,0.0,-1.1672900203551313,0,0.0,-0.6789146428573514,0,0.0,-1.1555414685244687
34,No,Travel_Rarely,254,254,-1.3592895446857918,Research & Development,1,2,Life Sciences,2,Male,83,83,0.8415802027249334,2,1,Research Scientist,4,Married,3622,3622,-0.6119281516860108,0,22794,22794,1.1915076607324961,1,1.0,-0.6778187248056703,Yes,13,3,4,1,6,6.0,-0.6785426011840899,3,3,3.25,6,6,-0.1645571086361877,1.0,5,5.0,0.21272954679326922,1,1.0,-0.3685898527395261,3,3.0,-0.31476636939512276
31,Yes,Travel_Rarely,1365,1365,1.3940560469055931,Sales,13,4,Medical,2,Male,46,46,-0.9784415554974546,3,2,Sales Executive,1,Divorced,4233,4233,-0.48214786096769174,0,11512,11512,-0.3935357685163719,2,2.0,-0.27749991186380857,No,17,3,3,0,9,9.0,-0.29297722673859755,2,1,1.75,3,3,-0.6542310960221126,0.3333333333333333,1,1.0,-0.8912861069254512,1,1.0,-0.3685898527395261,2,2.0,-0.5950247357715714
35,No,Travel_Rarely,538,538,-0.6554640289234576,Research & Development,25,2,Other,1,Male,54,54,-0.5849233375034247,2,2,Laboratory Technician,4,Single,3681,3681,-0.5993961759865332,0,14004,14004,-0.04342690256280168,4,4.0,0.5231377140199149,No,14,3,4,0,9,9.0,-0.29297722673859755,3,3,3.0,3,3,-0.6542310960221126,0.3333333333333333,2,2.0,-0.6152821934957711,0,0.0,-0.6789146428573514,2,2.0,-0.5950247357715714
31,No,Travel_Rarely,525,525,-0.6876813940815927,Sales,6,4,Medical,1,Male,66,66,0.005353989487620002,4,2,Sales Executive,4,Divorced,5460,5460,-0.22152524769211496,0,6219,6219,-1.13716587585676,4,4.0,0.5231377140199149,No,22,4,4,2,13,13.0,0.22110993918872554,4,4,3.25,7,7,-0.0013324461742127045,0.5384615384615384,7,7.0,0.7647373736526294,5,5.0,0.8727093077317748,7,7.0,0.8062670961106719
27,No,Travel_Rarely,798,798,-0.011116725760757283,Research & Development,6,4,Medical,1,Female,66,66,0.005353989487620002,2,1,Research Scientist,3,Divorced,2187,2187,-0.9167312894614409,0,5013,5013,-1.3066005838583674,0,0.0,-1.078137537747532,No,12,3,3,2,6,6.0,-0.6785426011840899,5,2,2.25,5,5,-0.32778177109816264,0.8333333333333334,3,3.0,-0.339278280066091,0,0.0,-0.6789146428573514,3,3.0,-0.31476636939512276
37,No,Travel_Rarely,558,558,-0.605898851757096,Sales,2,3,Marketing,4,Male,75,75,0.4480619847309036,3,2,Sales Executive,3,Married,9602,9602,0.658261927684771,0,3010,3010,-1.5880083119903905,4,4.0,0.5231377140199149,Yes,11,3,3,1,17,17.0,0.7351971051160486,3,2,3.0,3,3,-0.6542310960221126,0.17647058823529413,0,0.0,-1.1672900203551313,1,1.0,-0.3685898527395261,0,0.0,-1.1555414685244687
20,No,Travel_Rarely,959,959,0.38788295042845333,Research & Development,1,3,Life Sciences,4,Female,83,83,0.8415802027249334,2,1,Research Scientist,2,Single,2836,2836,-0.7788795567671871,0,11757,11757,-0.35911495304340857,1,1.0,-0.6778187248056703,No,13,3,4,0,1,1.0,-1.3211515585932438,0,4,3.5,1,1,-0.9806804209460626,1.0,0,0.0,-1.1672900203551313,0,0.0,-0.6789146428573514,0,0.0,-1.1555414685244687
42,No,Travel_Rarely,622,622,-0.44729028482473904,Research & Development,2,4,Life Sciences,3,Female,81,81,0.743200648226426,3,2,Healthcare Representative,4,Married,4089,4089,-0.5127343779291287,0,5718,5718,-1.2075529311708606,1,1.0,-0.6778187248056703,No,13,3,2,2,10,10.0,-0.16445543525676679,4,3,3.0,10,10,0.48834154121171225,1.0,2,2.0,-0.6152821934957711,2,2.0,-0.058265062621700905,2,2.0,-0.5950247357715714
43,No,Travel_Rarely,782,782,-0.050768867493846535,Research & Development,6,4,Other,2,Male,50,50,-0.7816824465004397,2,4,Research Director,4,Divorced,16627,16581,2.140645968475521,1,2671,2671,-1.6356354811550213,4,4.0,0.5231377140199149,Yes,14,3,3,1,21,21.0,1.2492842710433718,3,2,2.75,1,1,-0.9806804209460626,0.047619047619047616,0,0.0,-1.1672900203551313,0,0.0,-0.6789146428573514,0,0.0,-1.1555414685244687
38,No,Travel_Rarely,362,362,-1.0916375879874394,Research & Development,1,1,Life Sciences,3,Female,43,43,-1.1260108872452157,3,1,Research Scientist,1,Single,2619,2619,-0.8249717385771302,0,14561,14561,0.03482776771654769,3,3.0,0.12281890107805317,No,17,3,4,0,8,8.0,-0.42149901822042835,3,2,2.5,0,0,-1.1439050834080375,0.0,0,0.0,-1.1672900203551313,0,0.0,-0.6789146428573514,0,0.0,-1.1555414685244687
43,No,Travel_Frequently,1001,1001,0.49196982247781257,Research & Development,9,5,Medical,4,Male,72,72,0.30049265298314237,3,2,Laboratory Technician,3,Divorced,5679,5679,-0.17500825314659638,0,19627,19627,0.7465659358228024,3,3.0,0.12281890107805317,Yes,13,3,2,1,10,10.0,-0.16445543525676679,3,3,3.0,8,8,0.1618922162877623,0.8,7,7.0,0.7647373736526294,4,4.0,0.5623845176139496,7,7.0,0.8062670961106719
48,No,Travel_Rarely,1236,1236,1.074360654182561,Research & Development,1,4,Life Sciences,4,Female,40,40,-1.273580218992977,2,4,Manager,1,Married,15402,15402,1.8902188608537565,0,17997,17997,0.5175621430843115,7,7.0,1.7240941528455003,No,11,3,1,1,21,21.0,1.2492842710433718,3,1,1.75,3,3,-0.6542310960221126,0.14285714285714285,2,2.0,-0.6152821934957711,0,0.0,-0.6789146428573514,2,2.0,-0.5950247357715714
44,No,Travel_Rarely,1112,1112,0.7670565557511193,Human Resources,1,4,Life Sciences,1,Female,50,50,-0.7816824465004397,2,2,Human Resources,3,Single,5985,5985,-0.11001190460354299,0,26894,26894,1.7675294706882096,4,4.0,0.5231377140199149,No,11,3,2,0,10,10.0,-0.16445543525676679,1,4,2.5,2,2,-0.8174557584840876,0.2,2,2.0,-0.6152821934957711,0,0.0,-0.6789146428573514,2,2.0,-0.5950247357715714
34,No,Travel_Rarely,204,204,-1.4832024876016958,Sales,14,3,Technical Degree,3,Female,31,31,-1.7162882142362605,3,1,Sales Representative,3,Divorced,2579,2579,-0.8334679932886404,0,2912,2912,-1.6017766381795757,1,1.0,-0.6778187248056703,Yes,18,3,4,2,8,8.0,-0.42149901822042835,3,3,3.25,8,8,0.1618922162877623,1.0,2,2.0,-0.6152821934957711,0,0.0,-0.6789146428573514,6,6.0,0.5260087297342232
27,Yes,Travel_Rarely,1420,1420,1.5303602841130874,Sales,2,1,Marketing,3,Male,85,85,0.9399597572234408,3,1,Sales Representative,1,Divorced,3041,3041,-0.7353362513706971,0,16346,16346,0.28560799473385223,0,0.0,-1.078137537747532,No,11,3,2,1,5,5.0,-0.8070643926659207,3,3,2.25,4,4,-0.4910064335601377,0.8,3,3.0,-0.339278280066091,0,0.0,-0.6789146428573514,2,2.0,-0.5950247357715714
21,No,Travel_Rarely,1343,1343,1.3395343520225953,Sales,22,1,Technical Degree,3,Male,49,49,-0.8308722237496934,3,1,Sales Representative,3,Single,3447,3447,-0.6490992660488681,0,24444,24444,1.423321315958576,1,1.0,-0.6778187248056703,No,11,3,3,0,3,3.0,-1.0641079756295821,2,3,3.0,3,3,-0.6542310960221126,1.0,2,2.0,-0.6152821934957711,1,1.0,-0.3685898527395261,2,2.0,-0.5950247357715714
44,No,Travel_Rarely,1315,1315,1.270143103989689,Research & Development,3,4,Other,4,Male,35,35,-1.5195291052392457,3,5,Manager,4,Married,19513,16581,2.140645968475521,1,9358,9358,-0.6961579584296906,4,4.0,0.5231377140199149,Yes,12,3,1,1,26,26.0,1.8918932284525256,2,4,3.25,2,2,-0.8174557584840876,0.07692307692307693,2,2.0,-0.6152821934957711,0,0.0,-0.6789146428573514,1,1.0,-0.8752831021480201
22,No,Travel_Rarely,604,604,-0.49189894427446446,Research & Development,6,1,Medical,1,Male,69,69,0.1529233212353812,3,1,Research Scientist,3,Married,2773,2773,-0.7922611579378157,0,12145,12145,-0.30460362078418496,0,0.0,-1.078137537747532,No,20,4,4,0,3,3.0,-1.0641079756295821,3,3,2.75,2,2,-0.8174557584840876,0.6666666666666666,2,2.0,-0.6152821934957711,2,2.0,-0.058265062621700905,2,2.0,-0.5950247357715714
33,No,Travel_Rarely,1216,1216,1.0247954770161993,Sales,8,4,Marketing,3,Male,39,39,-1.3227699962422308,3,2,Sales Executive,3,Divorced,7104,7104,0.12767082095095614,0,20431,20431,0.859522407823874,0,0.0,-1.078137537747532,No,12,3,4,0,6,6.0,-0.6785426011840899,3,3,3.25,5,5,-0.32778177109816264,0.8333333333333334,0,0.0,-1.1672900203551313,1,1.0,-0.3685898527395261,2,2.0,-0.5950247357715714
32,No,Travel_Rarely,646,646,-0.38781207222510516,Research & Development,9,4,Life Sciences,1,Female,92,92,1.284288197968217,3,2,Research Scientist,4,Married,6322,6322,-0.03843095865906917,0,18089,18089,0.5304875105272202,1,1.0,-0.6778187248056703,Yes,12,3,4,1,6,6.0,-0.6785426011840899,2,2,2.75,6,6,-0.1645571086361877,1.0,4,4.0,-0.06327436663641088,0,0.0,-0.6789146428573514,5,5.0,0.2457503633577746
30,No,Travel_Frequently,160,160,-1.592245877367691,Research & Development,3,3,Medical,3,Female,71,71,0.25130287573388865,3,1,Research Scientist,3,Divorced,2083,2083,-0.9388215517113675,0,22653,22653,1.171698130194995,1,1.0,-0.6778187248056703,No,20,4,3,1,1,1.0,-1.3211515585932438,2,3,3.0,1,1,-0.9806804209460626,1.0,0,0.0,-1.1672900203551313,0,0.0,-0.6789146428573514,0,0.0,-1.1555414685244687
53,No,Travel_Rarely,238,238,-1.398941686418881,Sales,1,1,Medical,4,Female,34,34,-1.5687188824884994,3,2,Sales Executive,1,Single,8381,8381,0.39891375261592077,0,7507,7507,-0.9562107316560384,7,7.0,1.7240941528455003,No,20,4,4,0,18,18.0,0.8637188965978794,2,4,3.25,14,14,1.1412401910596122,0.7777777777777778,7,7.0,0.7647373736526294,8,7.5,1.6485212830263376,10,10.0,1.6470421952400178
34,No,Travel_Rarely,1397,1397,1.4733603303717715,Research & Development,1,5,Life Sciences,2,Male,42,42,-1.1752006644944695,3,1,Research Scientist,4,Married,2691,2691,-0.8096784800964117,0,7660,7660,-0.9347152836259837,1,1.0,-0.6778187248056703,No,12,3,4,1,10,10.0,-0.16445543525676679,4,2,3.0,10,10,0.48834154121171225,1.0,9,9.0,1.3167452005119897,8,7.5,1.6485212830263376,8,8.0,1.0865254624871206
45,Yes,Travel_Frequently,306,306,-1.2304200840532518,Sales,26,4,Life Sciences,1,Female,100,100,1.6778064159622468,3,2,Sales Executive,1,Married,4286,4286,-0.4708903234749407,0,5630,5630,-1.2199163261162516,2,2.0,-0.27749991186380857,No,14,3,4,2,5,5.0,-0.8070643926659207,4,3,2.25,1,1,-0.9806804209460626,0.2,1,1.0,-0.8912861069254512,0,0.0,-0.6789146428573514,0,0.0,-1.1555414685244687
26,No,Travel_Rarely,991,991,0.4671872338946318,Research & Development,6,3,Life Sciences,3,Female,71,71,0.25130287573388865,3,1,Laboratory Technician,4,Married,2659,2659,-0.81647548386562,0,17759,17759,0.4841247794820042,1,1.0,-0.6778187248056703,Yes,13,3,3,1,3,3.0,-1.0641079756295821,2,3,3.25,3,3,-0.6542310960221126,1.0,2,2.0,-0.6152821934957711,0,0.0,-0.6789146428573514,2,2.0,-0.5950247357715714
37,No,Travel_Rarely,482,482,-0.79424652498927,Research & Development,3,3,Other,3,Male,36,36,-1.470339327989992,3,3,Manufacturing Director,3,Married,9434,9434,0.6225776578964279,0,9606,9606,-0.661315663583589,1,1.0,-0.6778187248056703,No,15,3,3,1,10,10.0,-0.16445543525676679,2,3,3.0,10,10,0.48834154121171225,1.0,7,7.0,0.7647373736526294,7,7.0,1.493358887967425,8,8.0,1.0865254624871206
29,No,Travel_Rarely,1176,1176,0.9256651226834762,Sales,3,2,Medical,2,Female,62,62,-0.19140511950939493,3,2,Sales Executive,3,Married,5561,5561,-0.2000722045455516,0,3487,3487,-1.5209930916613965,1,1.0,-0.6778187248056703,No,14,3,1,1,6,6.0,-0.6785426011840899,5,2,2.0,6,6,-0.1645571086361877,1.0,0,0.0,-1.1672900203551313,1,1.0,-0.3685898527395261,2,2.0,-0.5950247357715714
35,No,Travel_Rarely,1017,1017,0.5316219642109018,Research & Development,6,4,Life Sciences,2,Male,82,82,0.7923904254756797,1,2,Research Scientist,4,Single,6646,6646,0.030388704504163824,0,19368,19368,0.7101782166085269,1,1.0,-0.6778187248056703,No,13,3,2,0,17,17.0,0.7351971051160486,3,3,2.75,17,17,1.6309141784455372,1.0,11,11.0,1.8687530273713497,11,7.5,1.6485212830263376,8,8.0,1.0865254624871206
33,No,Travel_Frequently,1296,1296,1.2230561856816458,Research & Development,6,3,Life Sciences,3,Male,30,30,-1.7654779914855143,3,2,Healthcare Representative,4,Divorced,7725,7725,0.2595751753471527,0,5335,5335,-1.261361797808187,3,3.0,0.12281890107805317,No,23,4,3,1,15,15.0,0.4781535221523871,2,1,2.75,13,13,0.9780155285976372,0.8666666666666667,11,11.0,1.8687530273713497,4,4.0,0.5623845176139496,7,7.0,0.8062670961106719
54,No,Travel_Rarely,397,397,-1.0048985279463067,Human Resources,19,4,Medical,3,Male,88,88,1.0875290889712022,3,3,Human Resources,2,Married,10725,10725,0.8967942787104212,0,6729,6729,-1.0655143824232445,2,2.0,-0.27749991186380857,No,15,3,3,1,16,16.0,0.6066753136342179,1,4,3.0,9,9,0.32511687874973727,0.5625,7,7.0,0.7647373736526294,7,7.0,1.493358887967425,1,1.0,-0.8752831021480201
36,No,Travel_Rarely,913,913,0.2738830429458217,Research & Development,9,2,Medical,2,Male,48,48,-0.8800620009989472,2,2,Manufacturing Director,2,Divorced,8847,8847,0.4978951200050151,0,13934,13934,-0.05326142126936264,2,2.0,-0.27749991186380857,Yes,11,3,3,1,13,13.0,0.22110993918872554,2,3,2.5,3,3,-0.6542310960221126,0.23076923076923078,2,2.0,-0.6152821934957711,0,0.0,-0.6789146428573514,2,2.0,-0.5950247357715714
27,No,Travel_Rarely,1115,1115,0.7744913323260735,Research & Development,3,4,Medical,1,Male,54,54,-0.5849233375034247,2,1,Research Scientist,4,Single,2045,2045,-0.9468929936873022,0,15174,15174,0.12095005296114583,0,0.0,-1.078137537747532,No,13,3,4,0,5,5.0,-0.8070643926659207,0,3,3.0,4,4,-0.4910064335601377,0.8,2,2.0,-0.6152821934957711,1,1.0,-0.3685898527395261,1,1.0,-0.8752831021480201
20,Yes,Travel_Rarely,1362,1362,1.3866212703306389,Research & Development,10,1,Medical,4,Male,32,32,-1.6670984369870068,3,1,Research Scientist,3,Single,1009,1009,-1.1669459907154176,0,26999,26999,1.7822812487480513,1,1.0,-0.6778187248056703,Yes,11,3,4,0,1,1.0,-1.3211515585932438,5,3,3.5,1,1,-0.9806804209460626,1.0,0,0.0,-1.1672900203551313,1,1.0,-0.3685898527395261,1,1.0,-0.8752831021480201
33,Yes,Travel_Frequently,1076,1076,0.6778392368516685,Research & Development,3,3,Life Sciences,1,Male,70,70,0.20211309848463493,3,1,Research Scientist,1,Single,3348,3348,-0.6701274964598559,0,3164,3164,-1.5663723708359563,1,1.0,-0.6778187248056703,Yes,11,3,1,0,10,10.0,-0.16445543525676679,3,3,1.5,10,10,0.48834154121171225,1.0,8,8.0,1.0407412870823096,9,7.5,1.6485212830263376,7,7.0,0.8062670961106719
35,No,Non-Travel,727,727,-0.18707310470134084,Research & Development,3,3,Life Sciences,3,Male,41,41,-1.2243904417437232,2,1,Laboratory Technician,3,Married,1281,1281,-1.109171458677148,0,16900,16900,0.3634411856400633,1,1.0,-0.6778187248056703,No,18,3,3,2,1,1.0,-1.3211515585932438,3,3,3.0,1,1,-0.9806804209460626,1.0,0,0.0,-1.1672900203551313,0,0.0,-0.6789146428573514,0,0.0,-1.1555414685244687
23,No,Travel_Rarely,885,885,0.20449179491291553,Research & Development,4,3,Medical,1,Male,58,58,-0.38816422850640986,4,1,Research Scientist,1,Married,2819,2819,-0.782490465019579,0,8544,8544,-0.8105193616745567,2,2.0,-0.27749991186380857,No,16,3,1,1,5,5.0,-0.8070643926659207,3,4,1.75,3,3,-0.6542310960221126,0.6,2,2.0,-0.6152821934957711,0,0.0,-0.6789146428573514,2,2.0,-0.5950247357715714
25,No,Travel_Rarely,810,810,0.018622380539059655,Sales,8,3,Life Sciences,4,Male,57,57,-0.4373540057556636,4,2,Sales Executive,2,Married,4851,4851,-0.35088072567485845,0,15678,15678,0.19175858764838474,0,0.0,-1.078137537747532,No,22,4,3,1,4,4.0,-0.9355861841477514,4,3,3.0,3,3,-0.6542310960221126,0.75,2,2.0,-0.6152821934957711,1,1.0,-0.3685898527395261,2,2.0,-0.5950247357715714
38,No,Travel_Rarely,243,243,-1.3865503921272906,Sales,7,4,Marketing,4,Female,46,46,-0.9784415554974546,2,2,Sales Executive,4,Single,4028,4028,-0.5256911663641818,0,7791,7791,-0.9163106843322768,0,0.0,-1.078137537747532,No,20,4,1,0,8,8.0,-0.42149901822042835,2,3,3.0,7,7,-0.0013324461742127045,0.875,7,7.0,0.7647373736526294,0,0.0,-0.6789146428573514,5,5.0,0.2457503633577746
29,No,Travel_Frequently,806,806,0.008709345105787343,Research & Development,1,4,Life Sciences,2,Male,76,76,0.4972517619801573,1,1,Research Scientist,4,Divorced,2720,2720,-0.8035186954305669,0,18959,18959,0.652716528737335,1,1.0,-0.6778187248056703,No,18,3,4,1,10,10.0,-0.16445543525676679,5,3,3.25,10,10,0.48834154121171225,1.0,7,7.0,0.7647373736526294,2,2.0,-0.058265062621700905,8,8.0,1.0865254624871206
48,No,Travel_Rarely,817,817,0.0359701925472862,Sales,2,1,Marketing,2,Male,56,56,-0.4865437830049173,4,2,Sales Executive,2,Married,8120,8120,0.3434756906233164,0,18597,18597,0.6018580177119769,3,3.0,0.12281890107805317,No,12,3,4,0,12,12.0,0.09258814770689477,3,3,2.75,2,2,-0.8174557584840876,0.16666666666666666,2,2.0,-0.6152821934957711,2,2.0,-0.058265062621700905,2,2.0,-0.5950247357715714
27,No,Travel_Frequently,1410,1410,1.5055776955299065,Sales,3,1,Medical,4,Female,71,71,0.25130287573388865,4,2,Sales Executive,4,Divorced,4647,4647,-0.39421162470356075,0,16673,16673,0.33154924640592986,1,1.0,-0.6778187248056703,Yes,20,4,2,2,6,6.0,-0.6785426011840899,3,3,3.25,6,6,-0.1645571086361877,1.0,5,5.0,0.21272954679326922,0,0.0,-0.6789146428573514,4,4.0,-0.03450800301867408
37,No,Travel_Rarely,1225,1225,1.0470998067410622,Research & Development,10,2,Life Sciences,4,Male,80,80,0.6940108709771722,4,1,Research Scientist,4,Single,4680,4680,-0.3872022145665648,0,15232,15232,0.12909865417515348,3,3.0,0.12281890107805317,No,17,3,1,0,4,4.0,-0.9355861841477514,2,3,3.0,1,1,-0.9806804209460626,0.25,0,0.0,-1.1672900203551313,0,0.0,-0.6789146428573514,0,0.0,-1.1555414685244687
50,No,Travel_Rarely,1207,1207,1.0024911472913367,Research & Development,28,1,Medical,4,Male,74,74,0.39887220748164987,4,1,Laboratory Technician,3,Married,3221,3221,-0.697103105168901,0,3297,3297,-1.5476867852934906,1,1.0,-0.6778187248056703,Yes,11,3,3,3,20,20.0,1.120762479561541,3,3,3.25,20,18,1.794138840907512,1.0,8,8.0,1.0407412870823096,3,3.0,0.2520597274961243,8,8.0,1.0865254624871206
34,No,Travel_Rarely,1442,1442,1.584881978996085,Research & Development,9,3,Medical,4,Female,46,46,-0.9784415554974546,2,3,Healthcare Representative,2,Single,8621,8621,0.4498912808849822,0,17654,17654,0.46937300142216276,1,1.0,-0.6778187248056703,No,14,3,2,0,9,9.0,-0.29297722673859755,3,4,3.0,8,8,0.1618922162877623,0.8888888888888888,7,7.0,0.7647373736526294,7,7.0,1.493358887967425,7,7.0,0.8062670961106719
24,Yes,Travel_Rarely,693,693,-0.2713339058841555,Sales,3,2,Life Sciences,1,Female,65,65,-0.04383578776163373,3,2,Sales Executive,3,Single,4577,4577,-0.40908007044870365,0,24785,24785,1.4712294713719658,9,8.5,2.324572372258293,No,14,3,1,0,4,4.0,-0.9355861841477514,3,3,2.0,2,2,-0.8174557584840876,0.5,2,2.0,-0.6152821934957711,2,2.0,-0.058265062621700905,0,0.0,-1.1555414685244687
39,No,Travel_Rarely,408,408,-0.9776376805048078,Research & Development,2,4,Technical Degree,4,Female,80,80,0.6940108709771722,2,2,Healthcare Representative,3,Single,4553,4553,-0.4141778232756098,0,20978,20978,0.936372146859429,1,1.0,-0.6778187248056703,No,11,3,1,0,20,20.0,1.120762479561541,4,3,2.75,20,18,1.794138840907512,1.0,7,7.0,0.7647373736526294,11,7.5,1.6485212830263376,10,10.0,1.6470421952400178
32,No,Travel_Rarely,929,929,0.31353518467891095,Sales,10,3,Marketing,4,Male,55,55,-0.5357335602541711,3,2,Sales Executive,4,Single,5396,5396,-0.23511925523053137,0,21703,21703,1.0382296620345246,1,1.0,-0.6778187248056703,No,12,3,4,0,10,10.0,-0.16445543525676679,2,2,3.5,10,10,0.48834154121171225,1.0,7,7.0,0.7647373736526294,0,0.0,-0.6789146428573514,8,8.0,1.0865254624871206
50,Yes,Travel_Frequently,562,562,-0.5959858163238237,Sales,8,2,Technical Degree,2,Male,50,50,-0.7816824465004397,3,2,Sales Executive,3,Married,6796,6796,0.06224965967232725,0,23452,23452,1.2839521365741693,3,3.0,0.12281890107805317,Yes,14,3,1,1,18,18.0,0.8637188965978794,4,3,2.25,4,4,-0.4910064335601377,0.2222222222222222,3,3.0,-0.339278280066091,1,1.0,-0.3685898527395261,3,3.0,-0.31476636939512276
38,No,Travel_Rarely,827,827,0.06075278113046698,Research & Development,1,4,Life Sciences,2,Female,33,33,-1.617908659737753,4,2,Healthcare Representative,4,Single,7625,7625,0.2383345385683771,0,19383,19383,0.7122856134742185,0,0.0,-1.078137537747532,No,13,3,3,0,10,10.0,-0.16445543525676679,4,2,2.75,9,9,0.32511687874973727,0.9,7,7.0,0.7647373736526294,1,1.0,-0.3685898527395261,8,8.0,1.0865254624871206
27,No,Travel_Rarely,608,608,-0.48198590884119213,Research & Development,1,2,Life Sciences,3,Female,68,68,0.10373354398612747,3,3,Manufacturing Director,1,Married,7412,7412,0.19309198222958504,0,6009,6009,-1.166669431976443,1,1.0,-0.6778187248056703,No,11,3,4,0,9,9.0,-0.29297722673859755,3,3,2.75,9,9,0.32511687874973727,1.0,7,7.0,0.7647373736526294,0,0.0,-0.6789146428573514,7,7.0,0.8062670961106719
32,No,Travel_Rarely,1018,1018,0.5341002230692199,Research & Development,3,2,Life Sciences,3,Female,39,39,-1.3227699962422308,3,3,Research Director,4,Single,11159,11159,0.9889786423303073,0,19373,19373,0.7108806822304241,3,3.0,0.12281890107805317,No,15,3,4,0,10,10.0,-0.16445543525676679,6,3,3.5,7,7,-0.0013324461742127045,0.7,7,7.0,0.7647373736526294,7,7.0,1.493358887967425,7,7.0,0.8062670961106719
47,No,Travel_Rarely,703,703,-0.2465513173009747,Sales,14,4,Marketing,4,Male,42,42,-1.1752006644944695,3,2,Sales Executive,1,Single,4960,4960,-0.327728431585993,0,11825,11825,-0.34956142058560646,2,2.0,-0.27749991186380857,No,12,3,4,0,20,20.0,1.120762479561541,2,3,3.0,7,7,-0.0013324461742127045,0.35,7,7.0,0.7647373736526294,1,1.0,-0.3685898527395261,7,7.0,0.8062670961106719
40,No,Travel_Frequently,580,580,-0.5513771568740984,Sales,5,4,Life Sciences,4,Male,48,48,-0.8800620009989472,2,3,Sales Executive,1,Married,10475,10475,0.8436926867634821,0,23772,23772,1.3289099363755907,5,5.0,0.9234565269617766,Yes,21,4,3,1,20,20.0,1.120762479561541,2,3,2.75,18,18,1.794138840907512,0.9,13,13.0,2.42076085423071,1,1.0,-0.3685898527395261,12,12.0,2.207558927992915
53,No,Travel_Rarely,970,970,0.41514379786995215,Research & Development,7,3,Life Sciences,3,Male,59,59,-0.3389744512571561,4,4,Research Director,3,Married,14814,14814,1.7653239165945558,0,13514,13514,-0.11226853350872841,3,3.0,0.12281890107805317,No,19,3,3,0,32,28.5,2.2131977071571027,3,3,3.0,5,5,-0.32778177109816264,0.15625,1,1.0,-0.8912861069254512,1,1.0,-0.3685898527395261,3,3.0,-0.31476636939512276
41,No,Travel_Rarely,427,427,-0.9305507621967642,Human Resources,10,4,Human Resources,2,Male,73,73,0.3496824302323961,2,5,Manager,4,Divorced,19141,16581,2.140645968475521,1,8861,8861,-0.7659830412462735,3,3.0,0.12281890107805317,No,15,3,2,3,23,23.0,1.5063278540070333,2,2,2.5,21,18,1.794138840907512,0.9130434782608695,6,6.0,0.48873346022294933,12,7.5,1.6485212830263376,6,6.0,0.5260087297342232
60,No,Travel_Rarely,1179,1179,0.9330998992584305,Sales,16,4,Marketing,1,Male,84,84,0.8907699799741872,3,2,Sales Executive,1,Single,5405,5405,-0.23320759792044155,0,11924,11924,-0.33565260127204166,8,8.0,2.124412965787362,No,14,3,4,0,10,10.0,-0.16445543525676679,1,3,2.25,2,2,-0.8174557584840876,0.2,2,2.0,-0.6152821934957711,2,2.0,-0.058265062621700905,2,2.0,-0.5950247357715714
27,No,Travel_Frequently,294,294,-1.2601591903530687,Research & Development,10,2,Life Sciences,4,Male,32,32,-1.6670984369870068,3,3,Manufacturing Director,1,Divorced,8793,8793,0.4864251761444763,0,4809,4809,-1.3352611812317738,1,1.0,-0.6778187248056703,No,21,4,3,2,9,9.0,-0.29297722673859755,4,2,2.5,9,9,0.32511687874973727,1.0,7,7.0,0.7647373736526294,1,1.0,-0.3685898527395261,7,7.0,0.8062670961106719
41,No,Travel_Rarely,314,314,-1.2105940131867072,Human Resources,1,3,Human Resources,4,Male,59,59,-0.3389744512571561,2,5,Manager,3,Married,19189,16581,2.140645968475521,1,19562,19562,0.7374338827381387,1,1.0,-0.6778187248056703,No,12,3,2,1,22,22.0,1.3778060625252024,3,3,3.0,22,18,1.794138840907512,1.0,7,7.0,0.7647373736526294,2,2.0,-0.058265062621700905,10,10.0,1.6470421952400178
50,No,Travel_Rarely,316,316,-1.205637495470071,Sales,8,4,Marketing,4,Male,54,54,-0.5849233375034247,3,1,Sales Representative,2,Married,3875,3875,-0.5581893406357085,0,9983,9983,-0.6083497556925392,7,7.0,1.7240941528455003,No,15,3,4,1,4,4.0,-0.9355861841477514,2,3,3.25,2,2,-0.8174557584840876,0.5,2,2.0,-0.6152821934957711,2,2.0,-0.058265062621700905,2,2.0,-0.5950247357715714
28,Yes,Travel_Rarely,654,654,-0.3679860013585605,Research & Development,1,2,Life Sciences,1,Female,67,67,0.05454376673687373,1,1,Research Scientist,2,Single,2216,2216,-0.9105715047955959,0,3872,3872,-1.4669032387753111,7,7.0,1.7240941528455003,Yes,13,3,4,0,10,10.0,-0.16445543525676679,4,3,2.5,7,7,-0.0013324461742127045,0.7,7,7.0,0.7647373736526294,3,3.0,0.2520597274961243,7,7.0,0.8062670961106719
36,No,Non-Travel,427,427,-0.9305507621967642,Research & Development,8,3,Life Sciences,1,Female,63,63,-0.14221534226014118,4,3,Research Director,1,Married,11713,11713,1.1066517700847243,0,20335,20335,0.8460350678834476,9,8.5,2.324572372258293,No,14,3,1,1,10,10.0,-0.16445543525676679,2,3,1.5,8,8,0.1618922162877623,0.8,7,7.0,0.7647373736526294,0,0.0,-0.6789146428573514,5,5.0,0.2457503633577746
38,No,Travel_Rarely,168,168,-1.5724198065011465,Research & Development,1,3,Life Sciences,3,Female,81,81,0.743200648226426,3,3,Manufacturing Director,3,Single,7861,7861,0.28846244136628757,0,15397,15397,0.15228001969776148,4,4.0,0.5231377140199149,Yes,14,3,4,0,10,10.0,-0.16445543525676679,4,4,3.5,1,1,-0.9806804209460626,0.1,0,0.0,-1.1672900203551313,0,0.0,-0.6789146428573514,0,0.0,-1.1555414685244687
44,No,Non-Travel,381,381,-1.0445506696793958,Research & Development,24,3,Medical,1,Male,49,49,-0.8308722237496934,1,1,Laboratory Technician,3,Single,3708,3708,-0.5936612040562638,0,2104,2104,-1.7152950826781652,2,2.0,-0.27749991186380857,No,14,3,3,0,9,9.0,-0.29297722673859755,5,3,2.5,5,5,-0.32778177109816264,0.5555555555555556,2,2.0,-0.6152821934957711,1,1.0,-0.3685898527395261,4,4.0,-0.03450800301867408
47,No,Travel_Frequently,217,217,-1.4509851224435608,Sales,3,3,Medical,4,Female,49,49,-0.8308722237496934,3,4,Sales Executive,3,Divorced,13770,13770,1.5435716686241387,0,10225,10225,-0.5743504195927142,9,8.5,2.324572372258293,Yes,12,3,4,2,28,28.0,2.1489368114161875,2,2,3.25,22,18,1.794138840907512,0.7857142857142857,2,2.0,-0.6152821934957711,11,7.5,1.6485212830263376,13,13.0,2.4878172943693637
30,No,Travel_Rarely,501,501,-0.7471596066812265,Sales,27,5,Marketing,3,Male,99,99,1.628616638712993,3,2,Sales Executive,4,Divorced,5304,5304,-0.2546606410670049,0,25275,25275,1.5400711023178926,7,7.0,1.7240941528455003,No,23,4,4,1,10,10.0,-0.16445543525676679,2,2,3.25,8,8,0.1618922162877623,0.8,7,7.0,0.7647373736526294,7,7.0,1.493358887967425,7,7.0,0.8062670961106719
29,No,Travel_Rarely,1396,1396,1.4708820715134534,Sales,10,3,Life Sciences,3,Male,99,99,1.628616638712993,3,1,Sales Representative,3,Single,2642,2642,-0.8200863921180118,0,2755,2755,-1.6238340587071483,1,1.0,-0.6778187248056703,No,11,3,3,0,1,1.0,-1.3211515585932438,6,3,3.0,1,1,-0.9806804209460626,1.0,0,0.0,-1.1672900203551313,0,0.0,-0.6789146428573514,0,0.0,-1.1555414685244687
42,Yes,Travel_Frequently,933,933,0.32344822011218327,Research & Development,19,3,Medical,3,Male,57,57,-0.4373540057556636,4,1,Research Scientist,3,Divorced,2759,2759,-0.7952348470868443,0,20366,20366,0.8503903547392103,6,6.0,1.3237753399036383,Yes,12,3,4,0,7,7.0,-0.5500208097022591,2,3,3.25,2,2,-0.8174557584840876,0.2857142857142857,2,2.0,-0.6152821934957711,2,2.0,-0.058265062621700905,2,2.0,-0.5950247357715714
43,No,Travel_Frequently,775,775,-0.06811667950207308,Sales,15,3,Life Sciences,4,Male,47,47,-0.9292517782482008,2,2,Sales Executive,4,Married,6804,6804,0.0639489106146293,0,23683,23683,1.3164060483058204,3,3.0,0.12281890107805317,No,18,3,3,1,7,7.0,-0.5500208097022591,5,3,3.5,2,2,-0.8174557584840876,0.2857142857142857,2,2.0,-0.6152821934957711,2,2.0,-0.058265062621700905,2,2.0,-0.5950247357715714
34,No,Travel_Rarely,970,970,0.41514379786995215,Research & Development,8,2,Medical,2,Female,96,96,1.481047306965232,3,2,Healthcare Representative,3,Single,6142,6142,-0.07666410486086528,0,7360,7360,-0.9768632209398164,3,3.0,0.12281890107805317,No,11,3,4,0,10,10.0,-0.16445543525676679,2,3,3.0,5,5,-0.32778177109816264,0.5,1,1.0,-0.8912861069254512,4,4.0,0.5623845176139496,3,3.0,-0.31476636939512276
23,No,Travel_Rarely,650,650,-0.37789903679183284,Research & Development,9,1,Medical,2,Male,37,37,-1.4211495507407381,3,1,Laboratory Technician,1,Married,2500,2500,-0.8502480963438732,0,4344,4344,-1.4005904840682144,1,1.0,-0.6778187248056703,No,14,3,4,1,5,5.0,-0.8070643926659207,2,4,2.75,4,4,-0.4910064335601377,0.8,3,3.0,-0.339278280066091,0,0.0,-0.6789146428573514,2,2.0,-0.5950247357715714
39,No,Travel_Rarely,141,141,-1.6393327956757346,Human Resources,3,3,Human Resources,3,Female,44,44,-1.0768211099959621,4,2,Human Resources,2,Married,6389,6389,-0.024199732017289505,0,18767,18767,0.6257418488564821,9,8.5,2.324572372258293,No,15,3,3,1,12,12.0,0.09258814770689477,3,1,2.25,8,8,0.1618922162877623,0.6666666666666666,3,3.0,-0.339278280066091,3,3.0,0.2520597274961243,6,6.0,0.5260087297342232
56,No,Travel_Rarely,832,832,0.07314407542205738,Research & Development,9,3,Medical,3,Male,81,81,0.743200648226426,3,4,Healthcare Representative,4,Married,11103,11103,0.977083885734193,0,20420,20420,0.8579769834557002,7,7.0,1.7240941528455003,No,11,3,3,0,30,28.5,2.2131977071571027,1,2,3.0,10,10,0.48834154121171225,0.3333333333333333,7,7.0,0.7647373736526294,1,1.0,-0.3685898527395261,1,1.0,-0.8752831021480201
40,No,Travel_Rarely,804,804,0.003752827389151186,Research & Development,2,1,Medical,4,Female,86,86,0.9891495344726946,2,1,Research Scientist,4,Single,2342,2342,-0.8838083024543386,0,22929,22929,1.210474232523721,0,0.0,-1.078137537747532,Yes,20,4,4,0,5,5.0,-0.8070643926659207,2,2,3.5,4,4,-0.4910064335601377,0.8,2,2.0,-0.6152821934957711,2,2.0,-0.058265062621700905,3,3.0,-0.31476636939512276
27,No,Travel_Rarely,975,975,0.42753509216154256,Research & Development,7,3,Medical,4,Female,55,55,-0.5357335602541711,2,2,Healthcare Representative,1,Single,6811,6811,0.06543575518914359,0,23398,23398,1.2763655078576794,8,8.0,2.124412965787362,No,19,3,1,0,9,9.0,-0.29297722673859755,2,1,1.75,7,7,-0.0013324461742127045,0.7777777777777778,6,6.0,0.48873346022294933,0,0.0,-0.6789146428573514,7,7.0,0.8062670961106719
29,No,Travel_Rarely,1090,1090,0.7125348608681216,Sales,10,3,Marketing,4,Male,83,83,0.8415802027249334,3,1,Sales Representative,2,Divorced,2297,2297,-0.8933665890047877,0,17967,17967,0.5133473493529283,1,1.0,-0.6778187248056703,No,14,3,4,2,2,2.0,-1.192629767111413,2,3,3.25,2,2,-0.8174557584840876,1.0,2,2.0,-0.6152821934957711,2,2.0,-0.058265062621700905,2,2.0,-0.5950247357715714
53,No,Travel_Rarely,346,346,-1.1312897297205287,Research & Development,6,3,Life Sciences,4,Male,86,86,0.9891495344726946,3,2,Laboratory Technician,4,Single,2450,2450,-0.860868414733261,0,10919,10919,-0.4768481912733812,2,2.0,-0.27749991186380857,No,17,3,4,0,19,19.0,0.9922406880797102,4,3,3.75,2,2,-0.8174557584840876,0.10526315789473684,2,2.0,-0.6152821934957711,2,2.0,-0.058265062621700905,2,2.0,-0.5950247357715714
35,No,Non-Travel,1225,1225,1.0470998067410622,Research & Development,2,4,Life Sciences,4,Female,61,61,-0.24059489675864865,3,2,Healthcare Representative,1,Divorced,5093,5093,-0.2994783846702215,0,4761,4761,-1.3420048512019869,2,2.0,-0.27749991186380857,No,11,3,1,1,16,16.0,0.6066753136342179,2,4,2.5,1,1,-0.9806804209460626,0.0625,0,0.0,-1.1672900203551313,0,0.0,-0.6789146428573514,0,0.0,-1.1555414685244687
32,No,Travel_Frequently,430,430,-0.9231159856218101,Research & Development,24,4,Life Sciences,1,Male,80,80,0.6940108709771722,3,2,Laboratory Technician,4,Married,5309,5309,-0.25359860922806615,0,21146,21146,0.9599749917551753,1,1.0,-0.6778187248056703,No,15,3,4,2,10,10.0,-0.16445543525676679,2,3,3.0,10,10,0.48834154121171225,1.0,8,8.0,1.0407412870823096,4,4.0,0.5623845176139496,7,7.0,0.8062670961106719
38,No,Travel_Rarely,268,268,-1.3245939206693387,Research & Development,2,5,Medical,4,Male,92,92,1.284288197968217,3,1,Research Scientist,3,Married,3057,3057,-0.731937749486093,0,20471,20471,0.8651421327990517,6,6.0,1.3237753399036383,Yes,13,3,2,1,6,6.0,-0.6785426011840899,0,1,2.5,1,1,-0.9806804209460626,0.16666666666666666,0,0.0,-1.1672900203551313,0,0.0,-0.6789146428573514,1,1.0,-0.8752831021480201
34,No,Travel_Rarely,167,167,-1.5748980653594646,Research & Development,8,5,Life Sciences,2,Female,32,32,-1.6670984369870068,3,2,Manufacturing Director,1,Divorced,5121,5121,-0.2935310063721643,0,4187,4187,-1.422647904595787,3,3.0,0.12281890107805317,No,14,3,3,1,7,7.0,-0.5500208097022591,3,3,2.25,0,0,-1.1439050834080375,0.0,0,0.0,-1.1672900203551313,0,0.0,-0.6789146428573514,0,0.0,-1.1555414685244687
52,No,Travel_Rarely,621,621,-0.44976854368305713,Sales,3,4,Marketing,3,Male,31,31,-1.7162882142362605,2,4,Manager,1,Married,16856,16581,2.140645968475521,1,10084,10084,-0.5941599501302155,1,1.0,-0.6778187248056703,No,11,3,1,0,34,28.5,2.2131977071571027,3,4,2.25,34,18,1.794138840907512,1.0,6,6.0,0.48873346022294933,1,1.0,-0.3685898527395261,16,14.5,2.908204843934037
33,Yes,Travel_Rarely,527,527,-0.6827248763649565,Research & Development,1,4,Other,4,Male,63,63,-0.14221534226014118,3,1,Research Scientist,4,Single,2686,2686,-0.8107405119353506,0,5207,5207,-1.2793449177287557,1,1.0,-0.6778187248056703,Yes,13,3,3,0,10,10.0,-0.16445543525676679,2,2,3.25,10,10,0.48834154121171225,1.0,9,9.0,1.3167452005119897,7,7.0,1.493358887967425,8,8.0,1.0865254624871206
25,No,Travel_Rarely,883,883,0.19953527719627936,Sales,26,1,Medical,3,Female,32,32,-1.6670984369870068,3,2,Sales Executive,4,Single,6180,6180,-0.06859266288493054,0,22807,22807,1.193334071349429,1,1.0,-0.6778187248056703,No,23,4,2,0,6,6.0,-0.6785426011840899,5,2,2.75,6,6,-0.1645571086361877,1.0,5,5.0,0.21272954679326922,1,1.0,-0.3685898527395261,4,4.0,-0.03450800301867408
45,No,Travel_Rarely,954,954,0.3754916561368629,Sales,2,2,Technical Degree,2,Male,46,46,-0.9784415554974546,1,2,Sales Representative,3,Single,6632,6632,0.027415015355135238,0,12388,12388,-0.27046379155998046,0,0.0,-1.078137537747532,No,13,3,1,0,9,9.0,-0.29297722673859755,3,3,2.25,8,8,0.1618922162877623,0.8888888888888888,7,7.0,0.7647373736526294,3,3.0,0.2520597274961243,1,1.0,-0.8752831021480201
23,No,Travel_Rarely,310,310,-1.2205070486199794,Research & Development,10,1,Medical,1,Male,79,79,0.6448210937279185,4,1,Research Scientist,3,Single,3505,3505,-0.6367796967171783,0,19630,19630,0.7469874151959408,1,1.0,-0.6778187248056703,No,18,3,4,0,2,2.0,-1.192629767111413,3,3,2.75,2,2,-0.8174557584840876,1.0,2,2.0,-0.6152821934957711,0,0.0,-0.6789146428573514,2,2.0,-0.5950247357715714
47,Yes,Travel_Frequently,719,719,-0.20689917556788545,Sales,27,2,Life Sciences,2,Female,77,77,0.5464415392294111,4,2,Sales Executive,3,Single,6397,6397,-0.022500481074987456,0,10339,10339,-0.5583342034134577,4,4.0,0.5231377140199149,Yes,12,3,4,0,8,8.0,-0.42149901822042835,2,3,3.0,5,5,-0.32778177109816264,0.625,4,4.0,-0.06327436663641088,1,1.0,-0.3685898527395261,3,3.0,-0.31476636939512276
34,No,Travel_Rarely,304,304,-1.235376601769888,Sales,2,3,Other,4,Male,60,60,-0.28978467400790237,3,2,Sales Executive,4,Single,6274,6274,-0.048626464312881465,0,18686,18686,0.6143619057817472,1,1.0,-0.6778187248056703,No,22,4,3,0,6,6.0,-0.6785426011840899,5,3,3.5,6,6,-0.1645571086361877,1.0,5,5.0,0.21272954679326922,1,1.0,-0.3685898527395261,4,4.0,-0.03450800301867408
55,Yes,Travel_Rarely,725,725,-0.192029622417977,Research & Development,2,3,Medical,4,Male,78,78,0.5956313164786647,3,5,Manager,1,Married,19859,16581,2.140645968475521,1,21199,21199,0.9674211273472858,5,5.0,0.9234565269617766,Yes,13,3,4,1,24,24.0,1.6348496454888641,2,3,3.0,5,5,-0.32778177109816264,0.20833333333333334,2,2.0,-0.6152821934957711,1,1.0,-0.3685898527395261,4,4.0,-0.03450800301867408
36,No,Non-Travel,1434,1434,1.5650559081295405,Sales,8,4,Life Sciences,1,Male,76,76,0.4972517619801573,2,3,Sales Executive,1,Single,7587,7587,0.23026309659244237,0,14229,14229,-0.011815949577427156,1,1.0,-0.6778187248056703,No,15,3,2,0,10,10.0,-0.16445543525676679,1,3,1.75,10,10,0.48834154121171225,1.0,7,7.0,0.7647373736526294,0,0.0,-0.6789146428573514,9,9.0,1.3667838288635692
52,No,Non-Travel,715,715,-0.21681221100115777,Research & Development,19,4,Medical,4,Male,41,41,-1.2243904417437232,3,1,Research Scientist,4,Married,4258,4258,-0.4768377017729979,0,26589,26589,1.72467906775248,0,0.0,-1.078137537747532,No,18,3,1,1,5,5.0,-0.8070643926659207,3,3,3.0,4,4,-0.4910064335601377,0.8,3,3.0,-0.339278280066091,1,1.0,-0.3685898527395261,2,2.0,-0.5950247357715714
26,No,Travel_Frequently,575,575,-0.5637684511656887,Research & Development,1,2,Life Sciences,1,Female,71,71,0.25130287573388865,1,1,Laboratory Technician,4,Divorced,4364,4364,-0.4543226267874957,0,5288,5288,-1.267964974654021,3,3.0,0.12281890107805317,No,14,3,1,1,5,5.0,-0.8070643926659207,2,3,2.25,2,2,-0.8174557584840876,0.4,2,2.0,-0.6152821934957711,2,2.0,-0.058265062621700905,0,0.0,-1.1555414685244687
29,No,Travel_Rarely,657,657,-0.3605512247836063,Research & Development,27,3,Medical,2,Female,66,66,0.005353989487620002,3,2,Healthcare Representative,3,Married,4335,4335,-0.4604824114533406,0,25549,25549,1.5785662183978597,4,4.0,0.5231377140199149,No,12,3,1,1,11,11.0,-0.035933643774936005,3,2,2.0,8,8,0.1618922162877623,0.7272727272727273,7,7.0,0.7647373736526294,1,1.0,-0.3685898527395261,1,1.0,-0.8752831021480201
26,Yes,Travel_Rarely,1146,1146,0.851317356933934,Sales,8,3,Technical Degree,4,Male,38,38,-1.3719597734914843,2,2,Sales Executive,1,Single,5326,5326,-0.2499877009756743,0,3064,3064,-1.5804216832739006,6,6.0,1.3237753399036383,No,17,3,3,0,6,6.0,-0.6785426011840899,2,2,2.5,4,4,-0.4910064335601377,0.6666666666666666,3,3.0,-0.339278280066091,1,1.0,-0.3685898527395261,2,2.0,-0.5950247357715714
34,No,Travel_Rarely,182,182,-1.5377241824846934,Research & Development,1,4,Life Sciences,2,Female,72,72,0.30049265298314237,4,1,Research Scientist,4,Single,3280,3280,-0.6845711294694233,0,13551,13551,-0.10707028790668904,2,2.0,-0.27749991186380857,No,16,3,3,0,10,10.0,-0.16445543525676679,2,3,3.0,4,4,-0.4910064335601377,0.4,2,2.0,-0.6152821934957711,1,1.0,-0.3685898527395261,3,3.0,-0.31476636939512276
54,No,Travel_Rarely,376,376,-1.0569419639709863,Research & Development,19,4,Medical,4,Female,95,95,1.4318575297159781,3,2,Manufacturing Director,1,Divorced,5485,5485,-0.21621508849742108,0,22670,22670,1.1740865133094454,9,8.5,2.324572372258293,Yes,11,3,2,2,9,9.0,-0.29297722673859755,4,3,2.5,5,5,-0.32778177109816264,0.5555555555555556,3,3.0,-0.339278280066091,1,1.0,-0.3685898527395261,4,4.0,-0.03450800301867408
27,No,Travel_Frequently,829,829,0.06570929884710314,Sales,8,1,Marketing,3,Male,84,84,0.8907699799741872,3,2,Sales Executive,4,Married,4342,4342,-0.45899556687882637,0,24008,24008,1.362066313729139,0,0.0,-1.078137537747532,No,19,3,2,1,5,5.0,-0.8070643926659207,3,3,3.0,4,4,-0.4910064335601377,0.8,2,2.0,-0.6152821934957711,1,1.0,-0.3685898527395261,1,1.0,-0.8752831021480201
37,No,Travel_Rarely,571,571,-0.573681486598961,Research & Development,10,1,Life Sciences,4,Female,82,82,0.7923904254756797,3,1,Research Scientist,1,Divorced,2782,2782,-0.7903495006277259,0,19905,19905,0.7856230244002874,0,0.0,-1.078137537747532,Yes,13,3,2,2,6,6.0,-0.6785426011840899,3,2,2.25,5,5,-0.32778177109816264,0.8333333333333334,3,3.0,-0.339278280066091,4,4.0,0.5623845176139496,3,3.0,-0.31476636939512276
38,No,Travel_Frequently,240,240,-1.3939851687022449,Research & Development,2,4,Life Sciences,1,Female,75,75,0.4480619847309036,4,2,Manufacturing Director,1,Single,5980,5980,-0.11107393644248177,0,26085,26085,1.653870533065241,6,6.0,1.3237753399036383,Yes,12,3,4,0,17,17.0,0.7351971051160486,2,3,2.25,15,15,1.3044648535215873,0.8823529411764706,7,7.0,0.7647373736526294,4,4.0,0.5623845176139496,12,12.0,2.207558927992915
34,No,Travel_Rarely,121,121,-1.6888979728420963,Research & Development,2,4,Medical,3,Female,86,86,0.9891495344726946,2,1,Research Scientist,1,Single,4381,4381,-0.45071171853510383,0,7530,7530,-0.9529793897953112,1,1.0,-0.6778187248056703,No,11,3,3,0,6,6.0,-0.6785426011840899,3,3,2.5,6,6,-0.1645571086361877,1.0,5,5.0,0.21272954679326922,1,1.0,-0.3685898527395261,3,3.0,-0.31476636939512276
35,No,Travel_Rarely,384,384,-1.0371158931044417,Sales,8,4,Life Sciences,1,Female,72,72,0.30049265298314237,3,1,Sales Representative,4,Married,2572,2572,-0.8349548378631547,0,20317,20317,0.8435061916446176,1,1.0,-0.6778187248056703,No,16,3,2,1,3,3.0,-1.0641079756295821,1,2,2.25,3,3,-0.6542310960221126,1.0,2,2.0,-0.6152821934957711,0,0.0,-0.6789146428573514,2,2.0,-0.5950247357715714
30,No,Travel_Rarely,921,921,0.29370911381236636,Research & Development,1,3,Life Sciences,4,Male,38,38,-1.3719597734914843,1,1,Laboratory Technician,3,Married,3833,3833,-0.5671104080827942,0,24375,24375,1.4136272903763945,3,3.0,0.12281890107805317,No,21,4,3,2,7,7.0,-0.5500208097022591,2,3,3.25,2,2,-0.8174557584840876,0.2857142857142857,2,2.0,-0.6152821934957711,0,0.0,-0.6789146428573514,2,2.0,-0.5950247357715714
40,No,Travel_Frequently,791,791,-0.02846453776898383,Research & Development,2,2,Medical,3,Female,38,38,-1.3719597734914843,4,2,Healthcare Representative,2,Married,4244,4244,-0.47981139092202646,0,9931,9931,-0.6156553981602703,1,1.0,-0.6778187248056703,No,24,4,4,1,8,8.0,-0.42149901822042835,2,3,3.0,8,8,0.1618922162877623,1.0,7,7.0,0.7647373736526294,3,3.0,0.2520597274961243,7,7.0,0.8062670961106719
34,No,Travel_Rarely,1111,1111,0.7645782968928012,Sales,8,2,Life Sciences,3,Female,93,93,1.3334779752174708,3,2,Sales Executive,1,Married,6500,6500,-6.226251928485722E-4,0,13305,13305,-0.14163159650403184,5,5.0,0.9234565269617766,No,17,3,2,1,6,6.0,-0.6785426011840899,1,3,2.25,3,3,-0.6542310960221126,0.5,2,2.0,-0.6152821934957711,1,1.0,-0.3685898527395261,2,2.0,-0.5950247357715714
42,No,Travel_Frequently,570,570,-0.5761597454572791,Research & Development,8,3,Life Sciences,2,Male,66,66,0.005353989487620002,3,5,Manager,4,Divorced,18430,16581,2.140645968475521,1,16225,16225,0.2686083266839397,1,1.0,-0.6778187248056703,No,13,3,2,1,24,24.0,1.6348496454888641,4,2,2.5,24,18,1.794138840907512,1.0,7,7.0,0.7647373736526294,14,7.5,1.6485212830263376,9,9.0,1.3667838288635692
23,Yes,Travel_Rarely,1243,1243,1.0917084661907874,Research & Development,6,3,Life Sciences,3,Male,63,63,-0.14221534226014118,4,1,Laboratory Technician,1,Married,1601,1601,-1.041201420985066,0,3445,3445,-1.5268938028853332,1,1.0,-0.6778187248056703,Yes,21,4,3,2,1,1.0,-1.3211515585932438,2,3,2.5,0,0,-1.1439050834080375,0.0,0,0.0,-1.1672900203551313,0,0.0,-0.6789146428573514,0,0.0,-1.1555414685244687
24,No,Non-Travel,1092,1092,0.7174913785847578,Research & Development,9,3,Life Sciences,3,Male,60,60,-0.28978467400790237,2,1,Laboratory Technician,2,Divorced,2694,2694,-0.8090412609930485,0,26551,26551,1.719340329026061,1,1.0,-0.6778187248056703,No,11,3,3,3,1,1.0,-1.3211515585932438,4,3,2.75,1,1,-0.9806804209460626,1.0,0,0.0,-1.1672900203551313,0,0.0,-0.6789146428573514,0,0.0,-1.1555414685244687
52,No,Travel_Rarely,1325,1325,1.2949256925728698,Research & Development,11,4,Life Sciences,4,Female,82,82,0.7923904254756797,3,2,Laboratory Technician,3,Married,3149,3149,-0.7123963636496194,0,21821,21821,1.0548078507112988,8,8.0,2.124412965787362,No,20,4,2,1,9,9.0,-0.29297722673859755,3,3,3.0,5,5,-0.32778177109816264,0.5555555555555556,2,2.0,-0.6152821934957711,1,1.0,-0.3685898527395261,4,4.0,-0.03450800301867408
50,No,Travel_Rarely,691,691,-0.27629042360079165,Research & Development,2,3,Medical,3,Male,64,64,-0.09302556501088746,3,4,Research Director,3,Married,17639,16581,2.140645968475521,1,6881,6881,-1.0441594275175692,5,5.0,0.9234565269617766,No,16,3,4,0,30,28.5,2.2131977071571027,3,3,3.25,4,4,-0.4910064335601377,0.13333333333333333,3,3.0,-0.339278280066091,0,0.0,-0.6789146428573514,3,3.0,-0.31476636939512276
29,Yes,Travel_Rarely,805,805,0.006231086247469264,Research & Development,1,2,Life Sciences,2,Female,36,36,-1.470339327989992,2,1,Laboratory Technician,1,Married,2319,2319,-0.888693648913457,0,6689,6689,-1.0711341073984222,1,1.0,-0.6778187248056703,Yes,11,3,4,1,1,1.0,-1.3211515585932438,1,3,2.5,1,1,-0.9806804209460626,1.0,0,0.0,-1.1672900203551313,0,0.0,-0.6789146428573514,0,0.0,-1.1555414685244687
33,No,Travel_Rarely,213,213,-1.460898157876833,Research & Development,7,3,Medical,3,Male,49,49,-0.8308722237496934,3,3,Research Director,3,Married,11691,11691,1.1019788299933937,0,25995,25995,1.641226151871091,0,0.0,-1.078137537747532,No,11,3,4,0,14,14.0,0.3496317306705563,3,4,3.5,13,13,0.9780155285976372,0.9285714285714286,9,9.0,1.3167452005119897,3,3.0,0.2520597274961243,7,7.0,0.8062670961106719
33,Yes,Travel_Rarely,118,118,-1.6963327494170504,Sales,16,3,Marketing,1,Female,69,69,0.1529233212353812,3,2,Sales Executive,1,Single,5324,5324,-0.2504125137112498,0,26507,26507,1.7131586315533656,5,5.0,0.9234565269617766,No,15,3,3,0,6,6.0,-0.6785426011840899,3,3,2.0,3,3,-0.6542310960221126,0.5,2,2.0,-0.6152821934957711,0,0.0,-0.6789146428573514,2,2.0,-0.5950247357715714
47,No,Travel_Rarely,202,202,-1.488159005318332,Research & Development,2,2,Other,3,Female,33,33,-1.617908659737753,3,4,Manager,4,Married,16752,16581,2.140645968475521,1,12982,12982,-0.18701087567859173,1,1.0,-0.6778187248056703,Yes,11,3,3,1,26,26.0,1.8918932284525256,3,2,3.0,26,18,1.794138840907512,1.0,14,14.0,2.6967647676603903,3,3.0,0.2520597274961243,0,0.0,-1.1555414685244687
36,No,Travel_Rarely,676,676,-0.31346430647556284,Research & Development,1,3,Other,3,Female,35,35,-1.5195291052392457,3,2,Manufacturing Director,2,Married,5228,5228,-0.2708035250188744,0,23361,23361,1.27116726225564,0,0.0,-1.078137537747532,No,15,3,1,1,10,10.0,-0.16445543525676679,2,3,2.25,9,9,0.32511687874973727,0.9,7,7.0,0.7647373736526294,0,0.0,-0.6789146428573514,5,5.0,0.2457503633577746
29,No,Travel_Rarely,1252,1252,1.1140127959156503,Research & Development,23,2,Life Sciences,3,Male,81,81,0.743200648226426,4,1,Research Scientist,3,Married,2700,2700,-0.807766822786322,0,23779,23779,1.329893388246247,1,1.0,-0.6778187248056703,No,24,4,3,1,10,10.0,-0.16445543525676679,3,3,3.0,10,10,0.48834154121171225,1.0,7,7.0,0.7647373736526294,0,0.0,-0.6789146428573514,7,7.0,0.8062670961106719
58,Yes,Travel_Rarely,286,286,-1.2799852612196134,Research & Development,2,4,Life Sciences,4,Male,31,31,-1.7162882142362605,3,5,Research Director,2,Single,19246,16581,2.140645968475521,1,25761,25761,1.6083507607663017,7,7.0,1.7240941528455003,Yes,12,3,4,0,40,28.5,2.2131977071571027,2,3,3.25,31,18,1.794138840907512,0.775,15,14.5,2.8347667243752306,13,7.5,1.6485212830263376,8,8.0,1.0865254624871206
35,No,Travel_Rarely,1258,1258,1.1288823490655586,Research & Development,1,4,Life Sciences,4,Female,40,40,-1.273580218992977,4,1,Research Scientist,3,Single,2506,2506,-0.8489736581371466,0,13301,13301,-0.1421935690015496,3,3.0,0.12281890107805317,No,13,3,3,0,7,7.0,-0.5500208097022591,0,3,3.25,2,2,-0.8174557584840876,0.2857142857142857,2,2.0,-0.6152821934957711,2,2.0,-0.058265062621700905,2,2.0,-0.5950247357715714
42,No,Travel_Rarely,932,932,0.3209699612538652,Research & Development,1,2,Life Sciences,4,Female,43,43,-1.1260108872452157,2,2,Manufacturing Director,4,Married,6062,6062,-0.09365661428388576,0,4051,4051,-1.441754969511391,9,8.5,2.324572372258293,Yes,13,3,4,1,8,8.0,-0.42149901822042835,4,3,3.75,4,4,-0.4910064335601377,0.5,3,3.0,-0.339278280066091,0,0.0,-0.6789146428573514,2,2.0,-0.5950247357715714
28,Yes,Travel_Rarely,890,890,0.2168830892045059,Research & Development,2,4,Medical,3,Male,46,46,-0.9784415554974546,3,1,Research Scientist,3,Single,4382,4382,-0.4504993121673161,0,16374,16374,0.28954180221647663,6,6.0,1.3237753399036383,No,17,3,4,0,5,5.0,-0.8070643926659207,3,2,3.0,2,2,-0.8174557584840876,0.4,2,2.0,-0.6152821934957711,2,2.0,-0.058265062621700905,1,1.0,-0.8752831021480201
36,No,Travel_Rarely,1041,1041,0.5911001768105357,Human Resources,13,3,Human Resources,3,Male,36,36,-1.470339327989992,3,1,Human Resources,2,Married,2143,2143,-0.9260771696441021,0,25527,25527,1.575475369661512,4,4.0,0.5231377140199149,No,13,3,2,1,8,8.0,-0.42149901822042835,2,3,2.5,5,5,-0.32778177109816264,0.625,2,2.0,-0.6152821934957711,0,0.0,-0.6789146428573514,4,4.0,-0.03450800301867408
32,No,Travel_Rarely,859,859,0.1400570645966455,Research & Development,4,3,Life Sciences,3,Female,98,98,1.5794268614637395,2,2,Manufacturing Director,3,Married,6162,6162,-0.07241597750511015,0,19124,19124,0.675897894259943,1,1.0,-0.6778187248056703,No,12,3,3,1,14,14.0,0.3496317306705563,3,3,3.0,14,14,1.1412401910596122,1.0,13,13.0,2.42076085423071,6,6.0,1.1830340978496,8,8.0,1.0865254624871206
40,No,Travel_Frequently,720,720,-0.20442091670956739,Research & Development,16,4,Medical,1,Male,51,51,-0.732492669251186,2,2,Laboratory Technician,3,Single,5094,5094,-0.29926597830243373,0,11983,11983,-0.32736350693365457,6,6.0,1.3237753399036383,No,14,3,4,0,10,10.0,-0.16445543525676679,6,3,2.75,1,1,-0.9806804209460626,0.1,0,0.0,-1.1672900203551313,0,0.0,-0.6789146428573514,0,0.0,-1.1555414685244687
30,No,Travel_Rarely,946,946,0.3556655852703183,Research & Development,2,3,Medical,3,Female,52,52,-0.6833028920019322,2,2,Manufacturing Director,4,Single,6877,6877,0.0794545754631355,0,20234,20234,0.8318452623211239,5,5.0,0.9234565269617766,Yes,24,4,2,0,12,12.0,0.09258814770689477,4,2,2.75,0,0,-1.1439050834080375,0.0,0,0.0,-1.1672900203551313,0,0.0,-0.6789146428573514,0,0.0,-1.1555414685244687
45,No,Travel_Rarely,252,252,-1.364246062402428,Research & Development,2,3,Life Sciences,2,Female,95,95,1.4318575297159781,2,1,Research Scientist,3,Single,2274,2274,-0.898251935463906,0,6153,6153,-1.1464384220658033,1,1.0,-0.6778187248056703,No,14,3,4,0,1,1.0,-1.3211515585932438,3,3,3.0,1,1,-0.9806804209460626,1.0,0,0.0,-1.1672900203551313,0,0.0,-0.6789146428573514,0,0.0,-1.1555414685244687
42,No,Travel_Rarely,933,933,0.32344822011218327,Research & Development,29,3,Life Sciences,2,Male,98,98,1.5794268614637395,3,2,Manufacturing Director,2,Married,4434,4434,-0.4394541810423528,0,11806,11806,-0.3522307899488159,1,1.0,-0.6778187248056703,No,13,3,4,1,10,10.0,-0.16445543525676679,3,2,2.5,9,9,0.32511687874973727,0.9,8,8.0,1.0407412870823096,7,7.0,1.493358887967425,8,8.0,1.0865254624871206
38,No,Travel_Frequently,471,471,-0.8215073724307689,Research & Development,12,3,Life Sciences,1,Male,45,45,-1.0276313327467084,2,2,Healthcare Representative,1,Divorced,6288,6288,-0.045652775163852875,0,4284,4284,-1.4090200715309809,2,2.0,-0.27749991186380857,No,15,3,3,1,13,13.0,0.22110993918872554,3,2,1.75,4,4,-0.4910064335601377,0.3076923076923077,3,3.0,-0.339278280066091,1,1.0,-0.3685898527395261,2,2.0,-0.5950247357715714
34,No,Travel_Frequently,702,702,-0.2490295761592928,Research & Development,16,4,Life Sciences,3,Female,100,100,1.6778064159622468,2,1,Research Scientist,4,Single,2553,2553,-0.8389905588511221,0,8306,8306,-0.8439567252768639,1,1.0,-0.6778187248056703,No,16,3,3,0,6,6.0,-0.6785426011840899,3,3,3.25,5,5,-0.32778177109816264,0.8333333333333334,2,2.0,-0.6152821934957711,1,1.0,-0.3685898527395261,3,3.0,-0.31476636939512276
49,Yes,Travel_Rarely,1184,1184,0.9454911935500209,Sales,11,3,Marketing,3,Female,43,43,-1.1260108872452157,3,3,Sales Executive,4,Married,7654,7654,0.24449432323422202,0,5860,5860,-1.1876029075089798,1,1.0,-0.6778187248056703,No,18,3,1,2,9,9.0,-0.29297722673859755,3,4,3.0,9,9,0.32511687874973727,1.0,8,8.0,1.0407412870823096,7,7.0,1.493358887967425,7,7.0,0.8062670961106719
55,Yes,Travel_Rarely,436,436,-0.9082464324719016,Sales,2,1,Medical,3,Male,37,37,-1.4211495507407381,3,2,Sales Executive,4,Single,5160,5160,-0.2852471580284418,0,21519,21519,1.0123789271487074,4,4.0,0.5231377140199149,No,16,3,3,0,12,12.0,0.09258814770689477,3,2,3.0,9,9,0.32511687874973727,0.75,7,7.0,0.7647373736526294,7,7.0,1.493358887967425,3,3.0,-0.31476636939512276
43,No,Travel_Rarely,589,589,-0.5290728271492356,Research & Development,14,2,Life Sciences,2,Male,94,94,1.3826677524667244,3,4,Research Director,1,Married,17159,16581,2.140645968475521,1,5200,5200,-1.2803283695994119,6,6.0,1.3237753399036383,No,24,4,3,1,22,22.0,1.3778060625252024,3,3,2.25,4,4,-0.4910064335601377,0.18181818181818182,1,1.0,-0.8912861069254512,1,1.0,-0.3685898527395261,0,0.0,-1.1555414685244687
27,No,Travel_Rarely,269,269,-1.3221156618110206,Research & Development,5,1,Technical Degree,3,Male,42,42,-1.1752006644944695,2,3,Research Director,4,Divorced,12808,12808,1.3392367428123173,0,8842,8842,-0.7686524106094829,1,1.0,-0.6778187248056703,Yes,16,3,2,1,9,9.0,-0.29297722673859755,3,3,3.0,9,9,0.32511687874973727,1.0,8,8.0,1.0407412870823096,0,0.0,-0.6789146428573514,8,8.0,1.0865254624871206
35,No,Travel_Rarely,950,950,0.3655786207035906,Research & Development,7,3,Other,3,Male,59,59,-0.3389744512571561,3,3,Manufacturing Director,3,Single,10221,10221,0.789741469345392,0,18869,18869,0.6400721475431852,3,3.0,0.12281890107805317,No,21,4,2,0,17,17.0,0.7351971051160486,3,4,3.0,8,8,0.1618922162877623,0.47058823529411764,5,5.0,0.21272954679326922,1,1.0,-0.3685898527395261,6,6.0,0.5260087297342232
28,No,Travel_Rarely,760,760,-0.10529056237684425,Sales,2,4,Marketing,2,Female,81,81,0.743200648226426,3,2,Sales Executive,2,Married,4779,4779,-0.3661739841555769,0,3698,3698,-1.4913490424173341,1,1.0,-0.6778187248056703,Yes,20,4,1,0,8,8.0,-0.42149901822042835,2,3,2.0,8,8,0.1618922162877623,1.0,7,7.0,0.7647373736526294,7,7.0,1.493358887967425,5,5.0,0.2457503633577746
34,No,Travel_Rarely,829,829,0.06570929884710314,Human Resources,3,2,Human Resources,3,Male,88,88,1.0875290889712022,3,1,Human Resources,4,Married,3737,3737,-0.5875014193904188,0,2243,2243,-1.6957665383894227,0,0.0,-1.078137537747532,No,19,3,3,1,4,4.0,-0.9355861841477514,1,1,2.75,3,3,-0.6542310960221126,0.75,2,2.0,-0.6152821934957711,0,0.0,-0.6789146428573514,2,2.0,-0.5950247357715714
26,Yes,Travel_Frequently,887,887,0.2094483126295517,Research & Development,5,2,Medical,3,Female,88,88,1.0875290889712022,2,1,Research Scientist,3,Married,2366,2366,-0.8787105496274326,0,20898,20898,0.9251326969090736,1,1.0,-0.6778187248056703,Yes,14,3,1,1,8,8.0,-0.42149901822042835,2,3,2.5,8,8,0.1618922162877623,1.0,7,7.0,0.7647373736526294,1,1.0,-0.3685898527395261,7,7.0,0.8062670961106719
27,No,Non-Travel,443,443,-0.8908986204636751,Research & Development,3,3,Medical,4,Male,50,50,-0.7816824465004397,3,1,Research Scientist,4,Married,1706,1706,-1.0188987523673516,0,16571,16571,0.31721894771922676,1,1.0,-0.6778187248056703,No,11,3,3,3,0,0.0,-1.4496733500750745,6,2,3.25,0,0,-1.1439050834080375,0.0,0,0.0,-1.1672900203551313,0,0.0,-0.6789146428573514,0,0.0,-1.1555414685244687
51,No,Travel_Rarely,1318,1318,1.2775778805646434,Sales,26,4,Marketing,1,Female,66,66,0.005353989487620002,3,4,Manager,3,Married,16307,16307,2.0824466237016757,0,5594,5594,-1.2249740785939116,2,2.0,-0.27749991186380857,No,14,3,3,1,29,28.5,2.2131977071571027,2,2,2.25,20,18,1.794138840907512,0.6896551724137931,6,6.0,0.48873346022294933,4,4.0,0.5623845176139496,17,14.5,2.908204843934037
44,No,Travel_Rarely,625,625,-0.4398555082497848,Research & Development,4,3,Medical,4,Male,50,50,-0.7816824465004397,3,2,Healthcare Representative,2,Single,5933,5933,-0.1210570357285063,0,5197,5197,-1.2807498489725502,9,8.5,2.324572372258293,No,12,3,4,0,10,10.0,-0.16445543525676679,2,2,3.0,5,5,-0.32778177109816264,0.5,2,2.0,-0.6152821934957711,2,2.0,-0.058265062621700905,3,3.0,-0.31476636939512276
25,No,Travel_Rarely,180,180,-1.5426807002013296,Research & Development,2,1,Medical,1,Male,65,65,-0.04383578776163373,4,1,Research Scientist,1,Single,3424,3424,-0.6539846125079865,0,21632,21632,1.0282546502035843,7,7.0,1.7240941528455003,No,13,3,3,0,6,6.0,-0.6785426011840899,3,2,1.75,4,4,-0.4910064335601377,0.6666666666666666,3,3.0,-0.339278280066091,0,0.0,-0.6789146428573514,1,1.0,-0.8752831021480201
33,No,Travel_Rarely,586,586,-0.5365076037241898,Sales,1,3,Medical,1,Male,48,48,-0.8800620009989472,4,2,Sales Executive,1,Divorced,4037,4037,-0.523779509054092,0,21816,21816,1.0541053850894018,1,1.0,-0.6778187248056703,No,22,4,1,1,9,9.0,-0.29297722673859755,5,3,1.5,9,9,0.32511687874973727,1.0,8,8.0,1.0407412870823096,0,0.0,-0.6789146428573514,8,8.0,1.0865254624871206
35,No,Travel_Rarely,1343,1343,1.3395343520225953,Research & Development,27,1,Medical,3,Female,53,53,-0.6341131147526785,2,1,Research Scientist,1,Single,2559,2559,-0.8377161206443956,0,17852,17852,0.49719064004929236,1,1.0,-0.6778187248056703,No,11,3,4,0,6,6.0,-0.6785426011840899,3,2,2.5,6,6,-0.1645571086361877,1.0,5,5.0,0.21272954679326922,1,1.0,-0.3685898527395261,1,1.0,-0.8752831021480201
36,No,Travel_Rarely,928,928,0.3110569258205929,Sales,1,2,Life Sciences,2,Male,56,56,-0.4865437830049173,3,2,Sales Executive,4,Married,6201,6201,-0.06413212916138766,0,2823,2823,-1.6142805262493463,1,1.0,-0.6778187248056703,Yes,14,3,4,1,18,18.0,0.8637188965978794,1,2,3.0,18,18,1.794138840907512,1.0,14,14.0,2.6967647676603903,4,4.0,0.5623845176139496,11,11.0,1.9273005616164665
32,No,Travel_Rarely,117,117,-1.6988110082753685,Sales,13,4,Life Sciences,2,Male,73,73,0.3496824302323961,3,2,Sales Executive,4,Divorced,4403,4403,-0.4460387784437732,0,9250,9250,-0.7113312158626705,2,2.0,-0.27749991186380857,No,11,3,3,1,8,8.0,-0.42149901822042835,3,2,2.75,5,5,-0.32778177109816264,0.625,2,2.0,-0.6152821934957711,0,0.0,-0.6789146428573514,3,3.0,-0.31476636939512276
30,No,Travel_Frequently,1012,1012,0.5192306699193114,Research & Development,5,4,Life Sciences,2,Male,75,75,0.4480619847309036,2,1,Research Scientist,4,Divorced,3761,3761,-0.5824036665635127,0,2373,2373,-1.6775024322200953,9,8.5,2.324572372258293,No,12,3,2,1,10,10.0,-0.16445543525676679,3,2,2.5,5,5,-0.32778177109816264,0.5,4,4.0,-0.06327436663641088,0,0.0,-0.6789146428573514,3,3.0,-0.31476636939512276
53,No,Travel_Rarely,661,661,-0.350638189350334,Sales,7,2,Marketing,1,Female,78,78,0.5956313164786647,2,3,Sales Executive,4,Married,10934,10934,0.9411872095780622,0,20715,20715,0.8994224551476356,7,7.0,1.7240941528455003,Yes,18,3,4,1,35,28.5,2.2131977071571027,3,3,3.0,5,5,-0.32778177109816264,0.14285714285714285,2,2.0,-0.6152821934957711,0,0.0,-0.6789146428573514,4,4.0,-0.03450800301867408
45,No,Travel_Rarely,930,930,0.31601344353722904,Sales,9,3,Marketing,4,Male,74,74,0.39887220748164987,3,3,Sales Executive,1,Divorced,10761,10761,0.9044409079507804,0,19239,19239,0.6920546035635788,4,4.0,0.5231377140199149,Yes,12,3,3,1,18,18.0,0.8637188965978794,2,3,2.75,5,5,-0.32778177109816264,0.2777777777777778,4,4.0,-0.06327436663641088,0,0.0,-0.6789146428573514,2,2.0,-0.5950247357715714
32,No,Travel_Rarely,638,638,-0.4076381430916498,Research & Development,8,2,Medical,3,Female,91,91,1.2350984207189633,4,2,Research Scientist,3,Married,5175,5175,-0.2820610625116255,0,22162,22162,1.1027160061246888,5,5.0,0.9234565269617766,No,12,3,3,1,9,9.0,-0.29297722673859755,3,2,2.75,5,5,-0.32778177109816264,0.5555555555555556,3,3.0,-0.339278280066091,1,1.0,-0.3685898527395261,3,3.0,-0.31476636939512276
52,No,Travel_Frequently,890,890,0.2168830892045059,Research & Development,25,4,Medical,3,Female,81,81,0.743200648226426,2,4,Manufacturing Director,4,Married,13826,13826,1.555466425220253,0,19028,19028,0.6624105543195165,3,3.0,0.12281890107805317,No,22,4,3,0,31,28.5,2.2131977071571027,3,3,3.25,9,9,0.32511687874973727,0.2903225806451613,8,8.0,1.0407412870823096,0,0.0,-0.6789146428573514,0,0.0,-1.1555414685244687
37,No,Travel_Rarely,342,342,-1.141202765153801,Sales,16,4,Marketing,4,Male,66,66,0.005353989487620002,2,2,Sales Executive,3,Divorced,6334,6334,-0.03588208224561609,0,24558,24558,1.4393375321378326,4,4.0,0.5231377140199149,No,19,3,4,2,9,9.0,-0.29297722673859755,2,3,3.5,1,1,-0.9806804209460626,0.1111111111111111,0,0.0,-1.1672900203551313,0,0.0,-0.6789146428573514,0,0.0,-1.1555414685244687
28,No,Travel_Rarely,1169,1169,0.9083173106752497,Human Resources,8,2,Medical,2,Male,63,63,-0.14221534226014118,2,1,Human Resources,4,Divorced,4936,4936,-0.3328261844128992,0,23965,23965,1.356025109380823,1,1.0,-0.6778187248056703,No,13,3,4,1,6,6.0,-0.6785426011840899,6,3,3.25,5,5,-0.32778177109816264,0.8333333333333334,1,1.0,-0.8912861069254512,0,0.0,-0.6789146428573514,4,4.0,-0.03450800301867408
22,No,Travel_Rarely,1230,1230,1.0594911010326524,Research & Development,1,2,Life Sciences,4,Male,33,33,-1.617908659737753,2,2,Manufacturing Director,4,Married,4775,4775,-0.3670236096267279,0,19146,19146,0.6789887429962906,6,6.0,1.3237753399036383,No,22,4,1,2,4,4.0,-0.9355861841477514,2,1,2.5,2,2,-0.8174557584840876,0.5,2,2.0,-0.6152821934957711,2,2.0,-0.058265062621700905,2,2.0,-0.5950247357715714
44,No,Travel_Rarely,986,986,0.45479593960304143,Research & Development,8,4,Life Sciences,1,Male,62,62,-0.19140511950939493,4,1,Laboratory Technician,4,Married,2818,2818,-0.7827028713873667,0,5044,5044,-1.3022452970026048,2,2.0,-0.27749991186380857,Yes,24,4,3,1,10,10.0,-0.16445543525676679,2,2,2.5,3,3,-0.6542310960221126,0.3,2,2.0,-0.6152821934957711,0,0.0,-0.6789146428573514,2,2.0,-0.5950247357715714
42,No,Travel_Frequently,1271,1271,1.1610997142236936,Research & Development,2,1,Medical,2,Male,35,35,-1.5195291052392457,3,1,Research Scientist,4,Single,2515,2515,-0.8470620008270568,0,9068,9068,-0.736900964499729,5,5.0,0.9234565269617766,Yes,14,3,4,0,8,8.0,-0.42149901822042835,2,3,3.25,2,2,-0.8174557584840876,0.25,1,1.0,-0.8912861069254512,2,2.0,-0.058265062621700905,2,2.0,-0.5950247357715714
36,No,Travel_Rarely,1278,1278,1.1784475262319203,Human Resources,8,3,Life Sciences,1,Male,77,77,0.5464415392294111,2,1,Human Resources,1,Married,2342,2342,-0.8838083024543386,0,8635,8635,-0.7977344873560275,0,0.0,-1.078137537747532,No,21,4,3,0,6,6.0,-0.6785426011840899,3,3,2.0,5,5,-0.32778177109816264,0.8333333333333334,4,4.0,-0.06327436663641088,0,0.0,-0.6789146428573514,3,3.0,-0.31476636939512276
25,No,Travel_Rarely,141,141,-1.6393327956757346,Sales,3,1,Other,3,Male,98,98,1.5794268614637395,3,2,Sales Executive,1,Married,4194,4194,-0.4904317093114143,0,14363,14363,0.007010129089418114,1,1.0,-0.6778187248056703,Yes,18,3,4,0,5,5.0,-0.8070643926659207,3,3,2.75,5,5,-0.32778177109816264,1.0,3,3.0,-0.339278280066091,0,0.0,-0.6789146428573514,3,3.0,-0.31476636939512276
35,No,Travel_Rarely,607,607,-0.48446416769951023,Research & Development,9,3,Life Sciences,4,Female,66,66,0.005353989487620002,2,3,Manufacturing Director,3,Married,10685,10685,0.8882980239989109,0,23457,23457,1.2846546021960665,1,1.0,-0.6778187248056703,Yes,20,4,2,1,17,17.0,0.7351971051160486,2,3,3.0,17,17,1.6309141784455372,1.0,14,14.0,2.6967647676603903,5,5.0,0.8727093077317748,15,14.5,2.908204843934037
35,Yes,Travel_Frequently,130,130,-1.6665936431172335,Research & Development,25,4,Life Sciences,4,Female,96,96,1.481047306965232,3,1,Research Scientist,2,Divorced,2022,2022,-0.9517783401464206,0,16612,16612,0.3229791658187839,1,1.0,-0.6778187248056703,Yes,19,3,1,1,10,10.0,-0.16445543525676679,3,2,2.25,10,10,0.48834154121171225,1.0,2,2.0,-0.6152821934957711,7,7.0,1.493358887967425,8,8.0,1.0865254624871206
32,No,Non-Travel,300,300,-1.2452896372031603,Research & Development,1,3,Life Sciences,4,Male,61,61,-0.24059489675864865,3,1,Laboratory Technician,4,Divorced,2314,2314,-0.8897556807523959,0,9148,9148,-0.7256615145493736,0,0.0,-1.078137537747532,No,12,3,2,1,4,4.0,-0.9355861841477514,2,3,3.25,3,3,-0.6542310960221126,0.75,0,0.0,-1.1672900203551313,0,0.0,-0.6789146428573514,2,2.0,-0.5950247357715714
25,No,Travel_Rarely,583,583,-0.5439423802991441,Sales,4,1,Marketing,3,Male,87,87,1.0383393117219484,2,2,Sales Executive,1,Married,4256,4256,-0.4772625145085734,0,18154,18154,0.5396195636118839,1,1.0,-0.6778187248056703,No,12,3,1,0,5,5.0,-0.8070643926659207,1,4,2.25,5,5,-0.32778177109816264,1.0,2,2.0,-0.6152821934957711,0,0.0,-0.6789146428573514,3,3.0,-0.31476636939512276
49,No,Travel_Rarely,1418,1418,1.5254037663964513,Research & Development,1,3,Technical Degree,3,Female,36,36,-1.470339327989992,3,1,Research Scientist,1,Married,3580,3580,-0.6208492191330965,0,10554,10554,-0.5281281816718777,2,2.0,-0.27749991186380857,No,16,3,2,1,7,7.0,-0.5500208097022591,2,3,2.25,4,4,-0.4910064335601377,0.5714285714285714,2,2.0,-0.6152821934957711,0,0.0,-0.6789146428573514,2,2.0,-0.5950247357715714
24,No,Non-Travel,1269,1269,1.1561431965070577,Research & Development,4,1,Life Sciences,1,Male,46,46,-0.9784415554974546,2,1,Laboratory Technician,4,Married,3162,3162,-0.7096350808683786,0,10778,10778,-0.4966577218108826,0,0.0,-1.078137537747532,No,17,3,4,0,6,6.0,-0.6785426011840899,2,2,2.75,5,5,-0.32778177109816264,0.8333333333333334,2,2.0,-0.6152821934957711,3,3.0,0.2520597274961243,4,4.0,-0.03450800301867408
32,No,Travel_Frequently,379,379,-1.049507187396032,Sales,5,2,Life Sciences,2,Male,48,48,-0.8800620009989472,3,2,Sales Executive,2,Married,6524,6524,0.004475127634057575,0,8891,8891,-0.7617682475148903,1,1.0,-0.6778187248056703,No,14,3,4,1,10,10.0,-0.16445543525676679,3,3,2.75,10,10,0.48834154121171225,1.0,8,8.0,1.0407412870823096,5,5.0,0.8727093077317748,3,3.0,-0.31476636939512276
38,No,Travel_Rarely,395,395,-1.0098550456629427,Sales,9,3,Marketing,2,Male,98,98,1.5794268614637395,2,1,Sales Representative,2,Married,2899,2899,-0.7654979555965584,0,12102,12102,-0.31064482513250097,0,0.0,-1.078137537747532,No,19,3,4,1,3,3.0,-1.0641079756295821,3,3,2.75,2,2,-0.8174557584840876,0.6666666666666666,2,2.0,-0.6152821934957711,1,1.0,-0.3685898527395261,2,2.0,-0.5950247357715714
42,No,Travel_Rarely,1265,1265,1.1462301610737853,Research & Development,3,3,Life Sciences,3,Female,95,95,1.4318575297159781,4,2,Laboratory Technician,4,Married,5231,5231,-0.2701663059155111,0,23726,23726,1.3224472526541364,2,2.0,-0.27749991186380857,Yes,13,3,2,1,17,17.0,0.7351971051160486,1,2,2.75,5,5,-0.32778177109816264,0.29411764705882354,3,3.0,-0.339278280066091,1,1.0,-0.3685898527395261,3,3.0,-0.31476636939512276
31,No,Travel_Rarely,1222,1222,1.039665030166108,Research & Development,11,4,Life Sciences,4,Male,48,48,-0.8800620009989472,3,1,Research Scientist,4,Married,2356,2356,-0.8808346133053101,0,14871,14871,0.07838063627417481,3,3.0,0.12281890107805317,Yes,19,3,2,1,8,8.0,-0.42149901822042835,2,3,3.25,6,6,-0.1645571086361877,0.75,4,4.0,-0.06327436663641088,0,0.0,-0.6789146428573514,2,2.0,-0.5950247357715714
29,Yes,Travel_Rarely,341,341,-1.1436810240121191,Sales,1,3,Medical,2,Female,48,48,-0.8800620009989472,2,1,Sales Representative,3,Divorced,2800,2800,-0.7865261860075463,0,23522,23522,1.2937866552807302,6,6.0,1.3237753399036383,Yes,19,3,3,3,5,5.0,-0.8070643926659207,3,3,2.75,3,3,-0.6542310960221126,0.6,2,2.0,-0.6152821934957711,0,0.0,-0.6789146428573514,2,2.0,-0.5950247357715714
53,No,Travel_Rarely,868,868,0.1623613943215082,Sales,8,3,Marketing,1,Male,73,73,0.3496824302323961,3,4,Sales Executive,4,Married,11836,11836,1.1327777533226182,0,22789,22789,1.1908051951105991,5,5.0,0.9234565269617766,No,14,3,3,1,28,28.0,2.1489368114161875,3,3,2.75,2,2,-0.8174557584840876,0.07142857142857142,0,0.0,-1.1672900203551313,2,2.0,-0.058265062621700905,2,2.0,-0.5950247357715714
35,No,Travel_Rarely,672,672,-0.32337734190883516,Research & Development,25,3,Technical Degree,4,Male,78,78,0.5956313164786647,2,3,Manufacturing Director,2,Married,10903,10903,0.9346026121766418,0,9129,9129,-0.7283308839125829,3,3.0,0.12281890107805317,No,16,3,1,0,16,16.0,0.6066753136342179,2,3,2.5,13,13,0.9780155285976372,0.8125,10,10.0,1.5927491139416698,4,4.0,0.5623845176139496,8,8.0,1.0865254624871206
37,No,Travel_Frequently,1231,1231,1.0619693598909705,Sales,21,2,Medical,3,Female,54,54,-0.5849233375034247,3,1,Sales Representative,4,Married,2973,2973,-0.7497798843802645,0,21222,21222,0.970652469208013,5,5.0,0.9234565269617766,No,15,3,2,1,10,10.0,-0.16445543525676679,3,3,3.0,5,5,-0.32778177109816264,0.5,4,4.0,-0.06327436663641088,0,0.0,-0.6789146428573514,0,0.0,-1.1555414685244687
53,No,Travel_Rarely,102,102,-1.7359848911501397,Research & Development,23,4,Life Sciences,4,Female,72,72,0.30049265298314237,3,4,Research Director,4,Single,14275,14275,1.6508368843569554,0,20206,20206,0.8279114548384996,6,6.0,1.3237753399036383,No,18,3,3,0,33,28.5,2.2131977071571027,0,3,3.5,12,12,0.8147908661356622,0.36363636363636365,9,9.0,1.3167452005119897,3,3.0,0.2520597274961243,8,8.0,1.0865254624871206
43,No,Travel_Frequently,422,422,-0.9429420564883547,Research & Development,1,3,Life Sciences,4,Female,33,33,-1.617908659737753,3,2,Healthcare Representative,4,Married,5562,5562,-0.19985979817776384,0,21782,21782,1.0493286188605007,4,4.0,0.5231377140199149,No,13,3,2,1,12,12.0,0.09258814770689477,2,2,3.0,5,5,-0.32778177109816264,0.4166666666666667,2,2.0,-0.6152821934957711,2,2.0,-0.058265062621700905,2,2.0,-0.5950247357715714
47,No,Travel_Rarely,249,249,-1.3716808389773822,Sales,2,2,Marketing,3,Female,35,35,-1.5195291052392457,3,2,Sales Executive,4,Married,4537,4537,-0.4175763251602139,0,17783,17783,0.48749661446711084,0,0.0,-1.078137537747532,Yes,22,4,1,1,8,8.0,-0.42149901822042835,2,3,2.75,7,7,-0.0013324461742127045,0.875,6,6.0,0.48873346022294933,7,7.0,1.493358887967425,7,7.0,0.8062670961106719
37,No,Non-Travel,1252,1252,1.1140127959156503,Sales,19,2,Medical,1,Male,32,32,-1.6670984369870068,3,3,Sales Executive,2,Single,7642,7642,0.24194544682076896,0,4814,4814,-1.3345587156098766,1,1.0,-0.6778187248056703,Yes,13,3,4,0,10,10.0,-0.16445543525676679,2,3,2.5,10,10,0.48834154121171225,1.0,0,0.0,-1.1672900203551313,0,0.0,-0.6789146428573514,9,9.0,1.3667838288635692
50,No,Non-Travel,881,881,0.1945787594796432,Research & Development,2,4,Life Sciences,1,Male,98,98,1.5794268614637395,3,4,Manager,1,Divorced,17924,16581,2.140645968475521,1,4544,4544,-1.3724918591923259,1,1.0,-0.6778187248056703,No,11,3,4,1,31,28.5,2.2131977071571027,3,3,2.25,31,18,1.794138840907512,1.0,6,6.0,0.48873346022294933,14,7.5,1.6485212830263376,7,7.0,0.8062670961106719
39,No,Travel_Rarely,1383,1383,1.4386647063553184,Human Resources,2,3,Life Sciences,4,Female,42,42,-1.1752006644944695,2,2,Human Resources,4,Married,5204,5204,-0.27590127784578056,0,7790,7790,-0.9164511774566562,8,8.0,2.124412965787362,No,11,3,3,2,13,13.0,0.22110993918872554,2,3,3.5,5,5,-0.32778177109816264,0.38461538461538464,4,4.0,-0.06327436663641088,0,0.0,-0.6789146428573514,4,4.0,-0.03450800301867408
33,No,Travel_Rarely,1075,1075,0.6753609779933504,Human Resources,3,2,Human Resources,4,Male,57,57,-0.4373540057556636,3,1,Human Resources,2,Divorced,2277,2277,-0.8976147163605428,0,22650,22650,1.1712766508218566,3,3.0,0.12281890107805317,Yes,11,3,3,1,7,7.0,-0.5500208097022591,4,4,3.25,4,4,-0.4910064335601377,0.5714285714285714,3,3.0,-0.339278280066091,0,0.0,-0.6789146428573514,3,3.0,-0.31476636939512276
32,Yes,Travel_Rarely,374,374,-1.0618984816876225,Research & Development,25,4,Life Sciences,1,Male,87,87,1.0383393117219484,3,1,Laboratory Technician,4,Single,2795,2795,-0.7875882178464851,0,18016,18016,0.5202315124475209,1,1.0,-0.6778187248056703,Yes,24,4,3,0,1,1.0,-1.3211515585932438,2,1,2.25,1,1,-0.9806804209460626,1.0,0,0.0,-1.1672900203551313,0,0.0,-0.6789146428573514,1,1.0,-0.8752831021480201
29,No,Travel_Rarely,1086,1086,0.7026218254348492,Research & Development,7,1,Medical,1,Female,62,62,-0.19140511950939493,2,1,Laboratory Technician,4,Divorced,2532,2532,-0.843451092574665,0,6054,6054,-1.160347241379368,6,6.0,1.3237753399036383,No,14,3,3,3,8,8.0,-0.42149901822042835,5,3,2.75,4,4,-0.4910064335601377,0.5,3,3.0,-0.339278280066091,0,0.0,-0.6789146428573514,3,3.0,-0.31476636939512276
44,No,Travel_Rarely,661,661,-0.350638189350334,Research & Development,9,2,Life Sciences,2,Male,61,61,-0.24059489675864865,3,1,Research Scientist,1,Married,2559,2559,-0.8377161206443956,0,7508,7508,-0.956070238531659,1,1.0,-0.6778187248056703,Yes,13,3,4,0,8,8.0,-0.42149901822042835,0,3,2.5,8,8,0.1618922162877623,1.0,7,7.0,0.7647373736526294,7,7.0,1.493358887967425,1,1.0,-0.8752831021480201
28,No,Travel_Rarely,821,821,0.045883227980558515,Sales,5,4,Medical,1,Male,98,98,1.5794268614637395,3,2,Sales Executive,4,Single,4908,4908,-0.3387735627109564,0,24252,24252,1.3963466360777232,1,1.0,-0.6778187248056703,No,14,3,2,0,4,4.0,-0.9355861841477514,3,3,2.5,4,4,-0.4910064335601377,1.0,2,2.0,-0.6152821934957711,0,0.0,-0.6789146428573514,2,2.0,-0.5950247357715714
58,Yes,Travel_Frequently,781,781,-0.053247126352164616,Research & Development,2,1,Life Sciences,4,Male,57,57,-0.4373540057556636,2,1,Laboratory Technician,4,Divorced,2380,2380,-0.8757368604784039,0,13384,13384,-0.13053263967805592,9,8.5,2.324572372258293,Yes,14,3,4,1,3,3.0,-1.0641079756295821,3,2,3.5,1,1,-0.9806804209460626,0.3333333333333333,0,0.0,-1.1672900203551313,0,0.0,-0.6789146428573514,0,0.0,-1.1555414685244687
43,No,Travel_Rarely,177,177,-1.550115476776284,Research & Development,8,3,Life Sciences,1,Female,55,55,-0.5357335602541711,3,2,Manufacturing Director,2,Divorced,4765,4765,-0.3691476733046055,0,23814,23814,1.3348106475995274,4,4.0,0.5231377140199149,No,21,4,3,1,4,4.0,-0.9355861841477514,2,4,2.5,1,1,-0.9806804209460626,0.25,0,0.0,-1.1672900203551313,0,0.0,-0.6789146428573514,0,0.0,-1.1555414685244687
20,Yes,Travel_Rarely,500,500,-0.7496378655395446,Sales,2,3,Medical,3,Female,49,49,-0.8308722237496934,2,1,Sales Representative,3,Single,2044,2044,-0.94710540005509,0,22052,22052,1.0872617624429501,1,1.0,-0.6778187248056703,No,13,3,4,0,2,2.0,-1.192629767111413,3,2,3.0,2,2,-0.8174557584840876,1.0,2,2.0,-0.6152821934957711,0,0.0,-0.6789146428573514,2,2.0,-0.5950247357715714
21,Yes,Travel_Rarely,1427,1427,1.5477080961213139,Research & Development,18,1,Other,4,Female,65,65,-0.04383578776163373,3,1,Research Scientist,4,Single,2693,2693,-0.8092536673608363,0,8870,8870,-0.7647186031268585,1,1.0,-0.6778187248056703,No,19,3,1,0,1,1.0,-1.3211515585932438,3,2,2.75,1,1,-0.9806804209460626,1.0,0,0.0,-1.1672900203551313,0,0.0,-0.6789146428573514,0,0.0,-1.1555414685244687
36,No,Travel_Rarely,1425,1425,1.5427515784046777,Research & Development,14,1,Life Sciences,3,Male,68,68,0.10373354398612747,3,2,Healthcare Representative,4,Married,6586,6586,0.017644322436898455,0,4821,4821,-1.3335752637392204,0,0.0,-1.078137537747532,Yes,17,3,1,1,17,17.0,0.7351971051160486,2,2,2.5,16,16,1.4676895159835621,0.9411764705882353,8,8.0,1.0407412870823096,4,4.0,0.5623845176139496,11,11.0,1.9273005616164665
47,No,Travel_Rarely,1454,1454,1.614621085295902,Sales,2,4,Life Sciences,4,Female,65,65,-0.04383578776163373,2,1,Sales Representative,4,Single,3294,3294,-0.6815974403203948,0,13137,13137,-0.16523444139977816,1,1.0,-0.6778187248056703,Yes,18,3,1,0,3,3.0,-1.0641079756295821,3,2,2.75,3,3,-0.6542310960221126,1.0,2,2.0,-0.6152821934957711,1,1.0,-0.3685898527395261,2,2.0,-0.5950247357715714
22,Yes,Travel_Rarely,617,617,-0.45968157911632945,Research & Development,3,1,Life Sciences,2,Female,34,34,-1.5687188824884994,3,2,Manufacturing Director,3,Married,4171,4171,-0.49531705577053264,0,10022,10022,-0.602870523841741,0,0.0,-1.078137537747532,Yes,19,3,1,1,4,4.0,-0.9355861841477514,3,4,2.5,3,3,-0.6542310960221126,0.75,2,2.0,-0.6152821934957711,0,0.0,-0.6789146428573514,2,2.0,-0.5950247357715714
41,Yes,Travel_Rarely,1085,1085,0.7001435665765312,Research & Development,2,4,Life Sciences,2,Female,57,57,-0.4373540057556636,1,1,Laboratory Technician,4,Divorced,2778,2778,-0.791199126098877,0,17725,17725,0.47934801325310317,4,4.0,0.5231377140199149,Yes,13,3,3,1,10,10.0,-0.16445543525676679,1,2,2.75,7,7,-0.0013324461742127045,0.7,7,7.0,0.7647373736526294,1,1.0,-0.3685898527395261,0,0.0,-1.1555414685244687
28,No,Travel_Rarely,995,995,0.4771002693279041,Research & Development,9,3,Medical,3,Female,77,77,0.5464415392294111,3,1,Research Scientist,3,Divorced,2377,2377,-0.8763740795817672,0,9834,9834,-0.6292832312250761,5,5.0,0.9234565269617766,No,18,3,2,1,6,6.0,-0.6785426011840899,2,3,2.75,2,2,-0.8174557584840876,0.3333333333333333,2,2.0,-0.6152821934957711,2,2.0,-0.058265062621700905,2,2.0,-0.5950247357715714
39,Yes,Travel_Rarely,1122,1122,0.7918391443343,Research & Development,6,3,Medical,4,Male,70,70,0.20211309848463493,3,1,Laboratory Technician,1,Married,2404,2404,-0.8706391076514978,0,4303,4303,-1.4063507021677715,7,7.0,1.7240941528455003,Yes,21,4,4,0,8,8.0,-0.42149901822042835,2,1,2.5,2,2,-0.8174557584840876,0.25,2,2.0,-0.6152821934957711,2,2.0,-0.058265062621700905,2,2.0,-0.5950247357715714
27,No,Travel_Rarely,618,618,-0.45720332025801136,Research & Development,4,3,Life Sciences,2,Female,76,76,0.4972517619801573,3,1,Research Scientist,3,Single,2318,2318,-0.8889060552812448,0,17808,17808,0.4910089425765969,1,1.0,-0.6778187248056703,No,19,3,3,0,1,1.0,-1.3211515585932438,2,3,2.75,1,1,-0.9806804209460626,1.0,1,1.0,-0.8912861069254512,0,0.0,-0.6789146428573514,0,0.0,-1.1555414685244687
34,No,Travel_Rarely,546,546,-0.635637958056913,Research & Development,10,3,Life Sciences,2,Male,83,83,0.8415802027249334,3,1,Laboratory Technician,2,Divorced,2008,2008,-0.9547520292954492,0,6896,6896,-1.0420520306518777,1,1.0,-0.6778187248056703,No,14,3,2,2,1,1.0,-1.3211515585932438,3,3,2.25,1,1,-0.9806804209460626,1.0,0,0.0,-1.1672900203551313,1,1.0,-0.3685898527395261,0,0.0,-1.1555414685244687
42,No,Travel_Rarely,462,462,-0.8438117021556316,Sales,14,2,Medical,3,Female,68,68,0.10373354398612747,2,2,Sales Executive,3,Single,6244,6244,-0.054998655346514144,0,7824,7824,-0.9116744112277552,7,7.0,1.7240941528455003,No,17,3,1,0,10,10.0,-0.16445543525676679,6,3,2.5,5,5,-0.32778177109816264,0.5,4,4.0,-0.06327436663641088,0,0.0,-0.6789146428573514,3,3.0,-0.31476636939512276
33,No,Travel_Rarely,1198,1198,0.980186817566474,Research & Development,1,4,Other,3,Male,100,100,1.6778064159622468,2,1,Research Scientist,1,Single,2799,2799,-0.7867385923753341,0,3339,3339,-1.541786074069554,3,3.0,0.12281890107805317,Yes,11,3,2,0,6,6.0,-0.6785426011840899,1,3,2.25,3,3,-0.6542310960221126,0.5,2,2.0,-0.6152821934957711,0,0.0,-0.6789146428573514,2,2.0,-0.5950247357715714
58,No,Travel_Rarely,1272,1272,1.1635779730820117,Research & Development,5,3,Technical Degree,3,Female,37,37,-1.4211495507407381,2,3,Healthcare Representative,2,Divorced,10552,10552,0.8600479770831394,0,9255,9255,-0.7106287502407732,2,2.0,-0.27749991186380857,Yes,13,3,4,1,24,24.0,1.6348496454888641,3,3,3.0,6,6,-0.1645571086361877,0.25,0,0.0,-1.1672900203551313,0,0.0,-0.6789146428573514,4,4.0,-0.03450800301867408
31,No,Travel_Rarely,154,154,-1.6071154305175996,Sales,7,4,Life Sciences,2,Male,41,41,-1.2243904417437232,2,1,Sales Representative,3,Married,2329,2329,-0.8865695852355795,0,11737,11737,-0.3619248155309974,3,3.0,0.12281890107805317,No,15,3,2,0,13,13.0,0.22110993918872554,2,4,2.75,7,7,-0.0013324461742127045,0.5384615384615384,7,7.0,0.7647373736526294,5,5.0,0.8727093077317748,2,2.0,-0.5950247357715714
35,No,Travel_Rarely,1137,1137,0.8290130272090712,Research & Development,21,1,Life Sciences,4,Female,51,51,-0.732492669251186,3,2,Healthcare Representative,4,Married,4014,4014,-0.5286648555132104,0,19170,19170,0.6823605779813973,1,1.0,-0.6778187248056703,Yes,25,4,4,1,10,10.0,-0.16445543525676679,2,1,3.25,10,10,0.48834154121171225,1.0,6,6.0,0.48873346022294933,0,0.0,-0.6789146428573514,7,7.0,0.8062670961106719
49,No,Travel_Rarely,527,527,-0.6827248763649565,Research & Development,8,2,Other,1,Female,51,51,-0.732492669251186,3,3,Laboratory Technician,2,Married,7403,7403,0.19118032491949524,0,22477,22477,1.146971340304213,4,4.0,0.5231377140199149,No,11,3,3,1,29,28.5,2.2131977071571027,3,2,2.0,26,18,1.794138840907512,0.896551724137931,9,9.0,1.3167452005119897,1,1.0,-0.3685898527395261,7,7.0,0.8062670961106719
48,No,Travel_Rarely,1469,1469,1.6517949681706732,Research & Development,20,4,Medical,4,Male,51,51,-0.732492669251186,3,1,Research Scientist,3,Married,2259,2259,-0.9014380309807224,0,5543,5543,-1.2321392279372632,4,4.0,0.5231377140199149,No,17,3,1,2,13,13.0,0.22110993918872554,2,2,2.5,0,0,-1.1439050834080375,0.0,0,0.0,-1.1672900203551313,0,0.0,-0.6789146428573514,0,0.0,-1.1555414685244687
31,No,Non-Travel,1188,1188,0.9554042289832932,Sales,20,2,Marketing,4,Female,45,45,-1.0276313327467084,3,2,Sales Executive,3,Married,6932,6932,0.09113692569146209,0,24406,24406,1.4179825772321573,1,1.0,-0.6778187248056703,No,13,3,4,1,9,9.0,-0.29297722673859755,2,2,3.25,9,9,0.32511687874973727,1.0,8,8.0,1.0407412870823096,0,0.0,-0.6789146428573514,0,0.0,-1.1555414685244687
36,No,Travel_Rarely,188,188,-1.5228546293347849,Research & Development,7,4,Other,2,Male,65,65,-0.04383578776163373,3,1,Research Scientist,4,Single,4678,4678,-0.38762702730214027,0,23293,23293,1.261613729797838,2,2.0,-0.27749991186380857,No,18,3,3,0,8,8.0,-0.42149901822042835,6,3,3.0,6,6,-0.1645571086361877,0.75,2,2.0,-0.6152821934957711,0,0.0,-0.6789146428573514,1,1.0,-0.8752831021480201
38,No,Travel_Rarely,1333,1333,1.3147517634394146,Research & Development,1,3,Technical Degree,4,Female,80,80,0.6940108709771722,3,3,Research Director,1,Married,13582,13582,1.5036392714800404,0,16292,16292,0.2780213660173623,1,1.0,-0.6778187248056703,No,13,3,2,1,15,15.0,0.4781535221523871,3,3,2.5,15,15,1.3044648535215873,1.0,12,12.0,2.14475694080103,5,5.0,0.8727093077317748,11,11.0,1.9273005616164665
32,No,Non-Travel,1184,1184,0.9454911935500209,Research & Development,1,3,Life Sciences,3,Female,70,70,0.20211309848463493,2,1,Laboratory Technician,2,Married,2332,2332,-0.8859323661322163,0,3974,3974,-1.452572940088608,6,6.0,1.3237753399036383,No,20,4,3,0,5,5.0,-0.8070643926659207,3,3,2.75,3,3,-0.6542310960221126,0.6,0,0.0,-1.1672900203551313,0,0.0,-0.6789146428573514,2,2.0,-0.5950247357715714
25,Yes,Travel_Rarely,867,867,0.1598831354631901,Sales,19,2,Marketing,3,Male,36,36,-1.470339327989992,2,1,Sales Representative,2,Married,2413,2413,-0.868727450341408,0,18798,18798,0.6300971357122448,1,1.0,-0.6778187248056703,Yes,18,3,3,3,1,1.0,-1.3211515585932438,2,3,2.75,1,1,-0.9806804209460626,1.0,0,0.0,-1.1672900203551313,0,0.0,-0.6789146428573514,0,0.0,-1.1555414685244687
40,No,Travel_Rarely,658,658,-0.35807296592528826,Sales,10,4,Marketing,1,Male,67,67,0.05454376673687373,2,3,Sales Executive,2,Divorced,9705,9705,0.6801397835669099,0,20652,20652,0.8905713883117308,2,2.0,-0.27749991186380857,No,12,3,2,1,11,11.0,-0.035933643774936005,2,2,1.75,1,1,-0.9806804209460626,0.09090909090909091,0,0.0,-1.1672900203551313,0,0.0,-0.6789146428573514,0,0.0,-1.1555414685244687
26,No,Travel_Frequently,1283,1283,1.1908388205235108,Sales,1,3,Medical,3,Male,52,52,-0.6833028920019322,2,2,Sales Executive,1,Single,4294,4294,-0.46919107253263864,0,11148,11148,-0.44467526579048894,1,1.0,-0.6778187248056703,No,12,3,2,0,7,7.0,-0.5500208097022591,2,3,2.25,7,7,-0.0013324461742127045,1.0,7,7.0,0.7647373736526294,0,0.0,-0.6789146428573514,7,7.0,0.8062670961106719
41,No,Travel_Rarely,263,263,-1.3369852149609291,Research & Development,6,3,Medical,4,Male,59,59,-0.3389744512571561,3,1,Laboratory Technician,1,Single,4721,4721,-0.37849355348726677,0,3119,3119,-1.5726945614330312,2,2.0,-0.27749991186380857,Yes,13,3,3,0,20,20.0,1.120762479561541,3,3,2.75,18,18,1.794138840907512,0.9,13,13.0,2.42076085423071,2,2.0,-0.058265062621700905,17,14.5,2.908204843934037
36,No,Travel_Rarely,938,938,0.3358395144037737,Research & Development,2,4,Medical,3,Male,79,79,0.6448210937279185,3,1,Laboratory Technician,3,Single,2519,2519,-0.8462123753559058,0,12287,12287,-0.28465359712230415,4,4.0,0.5231377140199149,No,21,4,3,0,16,16.0,0.6066753136342179,6,3,3.0,11,11,0.6515662036736872,0.6875,8,8.0,1.0407412870823096,3,3.0,0.2520597274961243,9,9.0,1.3667838288635692
19,Yes,Travel_Rarely,419,419,-0.9503768330633089,Sales,21,3,Other,4,Male,37,37,-1.4211495507407381,2,1,Sales Representative,2,Single,2121,2121,-0.9307501097354327,0,9947,9947,-0.6134075081701992,1,1.0,-0.6778187248056703,Yes,13,3,2,0,1,1.0,-1.3211515585932438,3,4,3.0,1,1,-0.9806804209460626,1.0,0,0.0,-1.1672900203551313,0,0.0,-0.6789146428573514,0,0.0,-1.1555414685244687
20,Yes,Travel_Rarely,129,129,-1.6690719019755516,Research & Development,4,3,Technical Degree,1,Male,84,84,0.8907699799741872,3,1,Laboratory Technician,1,Single,2973,2973,-0.7497798843802645,0,13008,13008,-0.18335805444472622,1,1.0,-0.6778187248056703,No,19,3,2,0,1,1.0,-1.3211515585932438,2,3,1.75,1,1,-0.9806804209460626,1.0,0,0.0,-1.1672900203551313,0,0.0,-0.6789146428573514,0,0.0,-1.1555414685244687
31,No,Travel_Rarely,616,616,-0.4621598379746475,Research & Development,12,3,Medical,4,Female,41,41,-1.2243904417437232,3,2,Healthcare Representative,4,Married,5855,5855,-0.1376247324159513,0,17369,17369,0.4293324609740217,0,0.0,-1.078137537747532,Yes,11,3,3,2,10,10.0,-0.16445543525676679,2,1,3.0,9,9,0.32511687874973727,0.9,7,7.0,0.7647373736526294,8,7.5,1.6485212830263376,5,5.0,0.2457503633577746
40,No,Travel_Frequently,1469,1469,1.6517949681706732,Research & Development,9,4,Medical,4,Male,35,35,-1.5195291052392457,3,1,Research Scientist,2,Divorced,3617,3617,-0.6129901835249496,0,25063,25063,1.5102865599494508,8,8.0,2.124412965787362,Yes,14,3,4,1,3,3.0,-1.0641079756295821,2,3,3.25,1,1,-0.9806804209460626,0.3333333333333333,1,1.0,-0.8912861069254512,0,0.0,-0.6789146428573514,0,0.0,-1.1555414685244687
32,No,Travel_Rarely,498,498,-0.7545943832561808,Research & Development,3,4,Medical,3,Female,93,93,1.3334779752174708,3,2,Manufacturing Director,1,Married,6725,6725,0.047168807559396564,0,13554,13554,-0.10664880853355072,1,1.0,-0.6778187248056703,No,12,3,3,1,8,8.0,-0.42149901822042835,2,4,2.75,8,8,0.1618922162877623,1.0,7,7.0,0.7647373736526294,6,6.0,1.1830340978496,3,3.0,-0.31476636939512276
36,Yes,Travel_Rarely,530,530,-0.6752900997900022,Sales,3,1,Life Sciences,3,Male,51,51,-0.732492669251186,2,3,Sales Executive,4,Married,10325,10325,0.8118317315953187,0,5518,5518,-1.2356515560467491,1,1.0,-0.6778187248056703,Yes,11,3,1,1,16,16.0,0.6066753136342179,6,3,2.75,16,16,1.4676895159835621,1.0,7,7.0,0.7647373736526294,3,3.0,0.2520597274961243,7,7.0,0.8062670961106719
33,No,Travel_Rarely,1069,1069,0.6604914248434419,Research & Development,1,3,Life Sciences,2,Female,42,42,-1.1752006644944695,2,2,Healthcare Representative,4,Single,6949,6949,0.09474783394385394,0,12291,12291,-0.2840916246247864,0,0.0,-1.078137537747532,No,14,3,1,0,6,6.0,-0.6785426011840899,3,3,2.5,5,5,-0.32778177109816264,0.8333333333333334,0,0.0,-1.1672900203551313,1,1.0,-0.3685898527395261,4,4.0,-0.03450800301867408
37,Yes,Travel_Rarely,625,625,-0.4398555082497848,Sales,1,4,Life Sciences,1,Male,46,46,-0.9784415554974546,2,3,Sales Executive,3,Married,10609,10609,0.8721551400470414,0,14922,14922,0.08554578561752636,5,5.0,0.9234565269617766,No,11,3,3,0,17,17.0,0.7351971051160486,2,1,2.0,14,14,1.1412401910596122,0.8235294117647058,1,1.0,-0.8912861069254512,11,7.5,1.6485212830263376,7,7.0,0.8062670961106719
45,No,Non-Travel,805,805,0.006231086247469264,Research & Development,4,2,Life Sciences,3,Male,57,57,-0.4373540057556636,3,2,Laboratory Technician,2,Married,4447,4447,-0.43669289826111196,0,23163,23163,1.2433496236285104,1,1.0,-0.6778187248056703,No,12,3,2,0,9,9.0,-0.29297722673859755,5,2,2.25,9,9,0.32511687874973727,1.0,7,7.0,0.7647373736526294,0,0.0,-0.6789146428573514,8,8.0,1.0865254624871206
29,No,Travel_Frequently,1404,1404,1.4907081423799982,Sales,20,3,Technical Degree,3,Female,84,84,0.8907699799741872,3,1,Sales Representative,4,Married,2157,2157,-0.9231034804950735,0,18203,18203,0.5465037267064766,1,1.0,-0.6778187248056703,No,15,3,2,1,3,3.0,-1.0641079756295821,5,3,3.0,3,3,-0.6542310960221126,1.0,1,1.0,-0.8912861069254512,0,0.0,-0.6789146428573514,2,2.0,-0.5950247357715714
35,No,Travel_Rarely,1219,1219,1.0322302535911536,Sales,18,3,Medical,3,Female,86,86,0.9891495344726946,3,2,Sales Executive,3,Married,4601,4601,-0.4039823176217975,0,6179,6179,-1.1427856008319377,1,1.0,-0.6778187248056703,No,16,3,2,0,5,5.0,-0.8070643926659207,3,3,2.75,5,5,-0.32778177109816264,1.0,2,2.0,-0.6152821934957711,1,1.0,-0.3685898527395261,0,0.0,-1.1555414685244687
52,No,Travel_Rarely,1053,1053,0.6208392831103526,Research & Development,1,2,Life Sciences,4,Male,70,70,0.20211309848463493,3,4,Manager,4,Married,17099,16581,2.140645968475521,1,13829,13829,-0.06801319932920408,2,2.0,-0.27749991186380857,No,15,3,2,1,26,26.0,1.8918932284525256,2,2,3.0,9,9,0.32511687874973727,0.34615384615384615,8,8.0,1.0407412870823096,7,7.0,1.493358887967425,8,8.0,1.0865254624871206
58,Yes,Travel_Rarely,289,289,-1.2725504846446591,Research & Development,2,3,Technical Degree,4,Male,51,51,-0.732492669251186,3,1,Research Scientist,3,Single,2479,2479,-0.854708630067416,0,26227,26227,1.6738205567271216,4,4.0,0.5231377140199149,No,24,4,1,0,7,7.0,-0.5500208097022591,4,3,2.75,1,1,-0.9806804209460626,0.14285714285714285,0,0.0,-1.1672900203551313,0,0.0,-0.6789146428573514,0,0.0,-1.1555414685244687
53,No,Travel_Rarely,1376,1376,1.421316894347092,Sales,2,2,Medical,3,Male,45,45,-1.0276313327467084,3,4,Manager,3,Divorced,14852,14852,1.7733953585704907,0,13938,13938,-0.05269944877184487,6,6.0,1.3237753399036383,No,13,3,3,1,22,22.0,1.3778060625252024,3,4,3.25,17,17,1.6309141784455372,0.7727272727272727,13,13.0,2.42076085423071,15,7.5,1.6485212830263376,2,2.0,-0.5950247357715714
30,No,Travel_Rarely,231,231,-1.4162894984271077,Sales,8,2,Other,3,Male,62,62,-0.19140511950939493,3,3,Sales Executive,3,Divorced,7264,7264,0.16165583979699713,0,9977,9977,-0.6091927144388158,5,5.0,0.9234565269617766,No,11,3,1,1,10,10.0,-0.16445543525676679,2,4,2.75,8,8,0.1618922162877623,0.8,4,4.0,-0.06327436663641088,7,7.0,1.493358887967425,7,7.0,0.8062670961106719
38,No,Non-Travel,152,152,-1.6120719482342358,Sales,10,3,Technical Degree,3,Female,85,85,0.9399597572234408,3,2,Sales Executive,4,Single,5666,5666,-0.1777695359278372,0,19899,19899,0.7847800656540107,1,1.0,-0.6778187248056703,Yes,13,3,2,0,6,6.0,-0.6785426011840899,1,3,3.0,5,5,-0.32778177109816264,0.8333333333333334,3,3.0,-0.339278280066091,1,1.0,-0.3685898527395261,3,3.0,-0.31476636939512276
35,No,Travel_Rarely,882,882,0.1970570183379613,Sales,3,4,Life Sciences,4,Male,92,92,1.284288197968217,3,3,Sales Executive,4,Divorced,7823,7823,0.28039099939035284,0,6812,6812,-1.0538534530997508,6,6.0,1.3237753399036383,No,13,3,2,1,12,12.0,0.09258814770689477,2,3,3.25,10,10,0.48834154121171225,0.8333333333333334,9,9.0,1.3167452005119897,0,0.0,-0.6789146428573514,8,8.0,1.0865254624871206
39,No,Travel_Rarely,903,903,0.24910045436264092,Sales,2,5,Life Sciences,1,Male,41,41,-1.2243904417437232,4,3,Sales Executive,3,Single,7880,7880,0.2924981623542549,0,2560,2560,-1.6512302179611396,0,0.0,-1.078137537747532,No,18,3,4,0,9,9.0,-0.29297722673859755,3,3,2.75,8,8,0.1618922162877623,0.8888888888888888,7,7.0,0.7647373736526294,0,0.0,-0.6789146428573514,7,7.0,0.8062670961106719
40,Yes,Non-Travel,1479,1479,1.676577556753854,Sales,24,3,Life Sciences,2,Female,100,100,1.6778064159622468,4,4,Sales Executive,2,Single,13194,13194,1.4212256007783912,0,17071,17071,0.3874655099089479,4,4.0,0.5231377140199149,Yes,16,3,4,0,22,22.0,1.3778060625252024,2,2,2.5,1,1,-0.9806804209460626,0.045454545454545456,0,0.0,-1.1672900203551313,0,0.0,-0.6789146428573514,0,0.0,-1.1555414685244687
47,No,Travel_Frequently,1379,1379,1.4287516709220462,Research & Development,16,4,Medical,3,Male,64,64,-0.09302556501088746,4,2,Manufacturing Director,3,Divorced,5067,5067,-0.3050009502327031,0,6759,6759,-1.0612995886918613,1,1.0,-0.6778187248056703,Yes,19,3,3,0,20,20.0,1.120762479561541,3,4,3.25,19,18,1.794138840907512,0.95,10,10.0,1.5927491139416698,2,2.0,-0.058265062621700905,7,7.0,0.8062670961106719
36,No,Non-Travel,1229,1229,1.0570128421743343,Sales,8,4,Technical Degree,1,Male,84,84,0.8907699799741872,3,2,Sales Executive,4,Divorced,5079,5079,-0.30245207381925004,0,25952,25952,1.635184947522775,4,4.0,0.5231377140199149,No,13,3,4,2,12,12.0,0.09258814770689477,3,3,3.0,7,7,-0.0013324461742127045,0.5833333333333334,7,7.0,0.7647373736526294,0,0.0,-0.6789146428573514,7,7.0,0.8062670961106719
31,Yes,Non-Travel,335,335,-1.1585505771620275,Research & Development,9,2,Medical,3,Male,46,46,-0.9784415554974546,2,1,Research Scientist,1,Single,2321,2321,-0.8882688361778815,0,10322,10322,-0.5607225865279083,0,0.0,-1.078137537747532,Yes,22,4,1,0,4,4.0,-0.9355861841477514,0,3,2.0,3,3,-0.6542310960221126,0.75,2,2.0,-0.6152821934957711,1,1.0,-0.3685898527395261,2,2.0,-0.5950247357715714
33,No,Non-Travel,722,722,-0.19946439899293122,Sales,17,3,Life Sciences,4,Male,38,38,-1.3719597734914843,3,4,Manager,3,Single,17444,16581,2.140645968475521,1,20489,20489,0.8676710090378817,1,1.0,-0.6778187248056703,No,11,3,4,0,10,10.0,-0.16445543525676679,2,3,3.5,10,10,0.48834154121171225,1.0,8,8.0,1.0407412870823096,6,6.0,1.1830340978496,0,0.0,-1.1555414685244687
29,Yes,Travel_Rarely,906,906,0.25653523093759517,Research & Development,10,3,Life Sciences,4,Female,92,92,1.284288197968217,2,1,Research Scientist,1,Single,2404,2404,-0.8706391076514978,0,11479,11479,-0.39817204162089354,6,6.0,1.3237753399036383,Yes,20,4,3,0,3,3.0,-1.0641079756295821,5,3,2.75,0,0,-1.1439050834080375,0.0,0,0.0,-1.1672900203551313,0,0.0,-0.6789146428573514,0,0.0,-1.1555414685244687
33,No,Travel_Rarely,461,461,-0.8462899610139496,Research & Development,13,1,Life Sciences,2,Female,53,53,-0.6341131147526785,3,1,Research Scientist,4,Single,3452,3452,-0.6480372342099293,0,17241,17241,0.4113493410534531,3,3.0,0.12281890107805317,No,18,3,1,0,5,5.0,-0.8070643926659207,4,3,2.5,3,3,-0.6542310960221126,0.6,2,2.0,-0.6152821934957711,0,0.0,-0.6789146428573514,2,2.0,-0.5950247357715714
45,No,Travel_Rarely,974,974,0.42505683330322447,Research & Development,1,4,Medical,4,Female,91,91,1.2350984207189633,3,1,Laboratory Technician,4,Divorced,2270,2270,-0.8991015609350571,0,11005,11005,-0.46476578257674916,3,3.0,0.12281890107805317,No,14,3,4,2,8,8.0,-0.42149901822042835,2,3,3.75,5,5,-0.32778177109816264,0.625,3,3.0,-0.339278280066091,0,0.0,-0.6789146428573514,2,2.0,-0.5950247357715714
50,No,Travel_Rarely,1126,1126,0.8017521797675724,Research & Development,1,2,Medical,4,Male,66,66,0.005353989487620002,3,4,Research Director,4,Divorced,17399,16581,2.140645968475521,1,6615,6615,-1.081530598602501,9,8.5,2.324572372258293,No,22,4,3,1,32,28.5,2.2131977071571027,1,2,3.25,5,5,-0.32778177109816264,0.15625,4,4.0,-0.06327436663641088,1,1.0,-0.3685898527395261,3,3.0,-0.31476636939512276
33,No,Travel_Frequently,827,827,0.06075278113046698,Research & Development,1,4,Other,3,Female,84,84,0.8907699799741872,4,2,Healthcare Representative,2,Married,5488,5488,-0.2155778693940578,0,20161,20161,0.8215892642414246,1,1.0,-0.6778187248056703,Yes,13,3,1,1,6,6.0,-0.6785426011840899,2,3,2.25,6,6,-0.1645571086361877,1.0,5,5.0,0.21272954679326922,1,1.0,-0.3685898527395261,2,2.0,-0.5950247357715714
41,No,Travel_Frequently,840,840,0.092970146288602,Research & Development,9,3,Medical,1,Male,64,64,-0.09302556501088746,3,5,Research Director,3,Divorced,19419,16581,2.140645968475521,1,3735,3735,-1.4861507968152947,2,2.0,-0.27749991186380857,No,17,3,2,1,21,21.0,1.2492842710433718,2,4,2.5,18,18,1.794138840907512,0.8571428571428571,16,14.5,2.8347667243752306,0,0.0,-0.6789146428573514,11,11.0,1.9273005616164665
27,No,Travel_Rarely,1134,1134,0.821578250634117,Research & Development,16,4,Technical Degree,3,Female,37,37,-1.4211495507407381,3,1,Laboratory Technician,2,Married,2811,2811,-0.784189715961881,0,12086,12086,-0.31289271512257205,9,8.5,2.324572372258293,No,14,3,2,1,4,4.0,-0.9355861841477514,2,3,2.5,2,2,-0.8174557584840876,0.5,2,2.0,-0.6152821934957711,2,2.0,-0.058265062621700905,2,2.0,-0.5950247357715714
45,No,Non-Travel,248,248,-1.3741590978357003,Research & Development,23,2,Life Sciences,4,Male,42,42,-1.1752006644944695,3,2,Laboratory Technician,1,Married,3633,3633,-0.6095916816403455,0,14039,14039,-0.038509643209521195,1,1.0,-0.6778187248056703,Yes,15,3,3,1,9,9.0,-0.29297722673859755,2,3,2.75,9,9,0.32511687874973727,1.0,8,8.0,1.0407412870823096,0,0.0,-0.6789146428573514,8,8.0,1.0865254624871206
47,No,Travel_Rarely,955,955,0.377969914995181,Sales,4,2,Life Sciences,4,Female,83,83,0.8415802027249334,3,2,Sales Executive,4,Single,4163,4163,-0.4970163067128347,0,8571,8571,-0.8067260473163118,1,1.0,-0.6778187248056703,Yes,17,3,3,0,9,9.0,-0.29297722673859755,0,3,3.5,9,9,0.32511687874973727,1.0,0,0.0,-1.1672900203551313,0,0.0,-0.6789146428573514,7,7.0,0.8062670961106719
30,Yes,Travel_Rarely,138,138,-1.646767572250689,Research & Development,22,3,Life Sciences,1,Female,48,48,-0.8800620009989472,3,1,Research Scientist,3,Married,2132,2132,-0.9284136396897674,0,11539,11539,-0.38974245415812697,4,4.0,0.5231377140199149,Yes,11,3,2,0,7,7.0,-0.5500208097022591,2,3,2.25,5,5,-0.32778177109816264,0.7142857142857143,2,2.0,-0.6152821934957711,0,0.0,-0.6789146428573514,1,1.0,-0.8752831021480201
50,No,Travel_Rarely,939,939,0.3383177732620917,Research & Development,24,3,Life Sciences,4,Male,95,95,1.4318575297159781,3,4,Manufacturing Director,3,Married,13973,13973,1.5866901612850532,0,4161,4161,-1.4263007258296523,3,3.0,0.12281890107805317,Yes,18,3,4,1,22,22.0,1.3778060625252024,2,3,3.5,12,12,0.8147908661356622,0.5454545454545454,11,11.0,1.8687530273713497,1,1.0,-0.3685898527395261,5,5.0,0.2457503633577746
38,No,Travel_Frequently,1391,1391,1.4584907772218632,Research & Development,10,1,Medical,3,Male,66,66,0.005353989487620002,3,1,Research Scientist,3,Married,2684,2684,-0.8111653246709261,0,12127,12127,-0.30713249702301487,0,0.0,-1.078137537747532,No,17,3,2,1,3,3.0,-1.0641079756295821,0,2,2.5,2,2,-0.8174557584840876,0.6666666666666666,1,1.0,-0.8912861069254512,0,0.0,-0.6789146428573514,2,2.0,-0.5950247357715714
46,No,Travel_Rarely,566,566,-0.5860727808905515,Research & Development,7,2,Medical,4,Male,75,75,0.4480619847309036,3,3,Manufacturing Director,3,Divorced,10845,10845,0.9222830428449519,0,24208,24208,1.3901649386050277,6,6.0,1.3237753399036383,No,13,3,2,1,13,13.0,0.22110993918872554,3,3,3.0,8,8,0.1618922162877623,0.6153846153846154,7,7.0,0.7647373736526294,0,0.0,-0.6789146428573514,7,7.0,0.8062670961106719
24,No,Travel_Rarely,1206,1206,1.0000128884330186,Research & Development,17,1,Medical,4,Female,41,41,-1.2243904417437232,2,2,Manufacturing Director,3,Divorced,4377,4377,-0.45156134400625486,0,24117,24117,1.3773800642864984,1,1.0,-0.6778187248056703,No,15,3,2,2,5,5.0,-0.8070643926659207,6,3,3.0,4,4,-0.4910064335601377,0.8,2,2.0,-0.6152821934957711,3,3.0,0.2520597274961243,2,2.0,-0.5950247357715714
35,Yes,Travel_Rarely,622,622,-0.44729028482473904,Research & Development,14,4,Other,3,Male,39,39,-1.3227699962422308,2,1,Laboratory Technician,2,Divorced,3743,3743,-0.5862269811836923,0,10074,10074,-0.59556488137401,1,1.0,-0.6778187248056703,Yes,24,4,4,1,5,5.0,-0.8070643926659207,2,1,2.5,4,4,-0.4910064335601377,0.8,2,2.0,-0.6152821934957711,0,0.0,-0.6789146428573514,2,2.0,-0.5950247357715714
31,No,Travel_Frequently,853,853,0.125187511446737,Research & Development,1,1,Life Sciences,3,Female,96,96,1.481047306965232,3,2,Manufacturing Director,1,Married,4148,4148,-0.5002024022296511,0,11275,11275,-0.42683263899429974,1,1.0,-0.6778187248056703,No,12,3,3,1,4,4.0,-0.9355861841477514,1,3,2.5,4,4,-0.4910064335601377,1.0,3,3.0,-0.339278280066091,0,0.0,-0.6789146428573514,3,3.0,-0.31476636939512276
18,No,Non-Travel,287,287,-1.2775070023612953,Research & Development,5,2,Life Sciences,2,Male,73,73,0.3496824302323961,3,1,Research Scientist,4,Single,1051,1051,-1.158024923268332,0,13493,13493,-0.1152188891206967,1,1.0,-0.6778187248056703,No,15,3,4,0,0,0.0,-1.4496733500750745,2,3,3.25,0,0,-1.1439050834080375,0.0,0,0.0,-1.1672900203551313,0,0.0,-0.6789146428573514,0,0.0,-1.1555414685244687
54,No,Travel_Rarely,1441,1441,1.582403720137767,Research & Development,17,3,Technical Degree,3,Female,56,56,-0.4865437830049173,3,3,Manufacturing Director,3,Married,10739,10739,0.8997679678594498,0,13943,13943,-0.051996983149947655,8,8.0,2.124412965787362,No,11,3,3,1,22,22.0,1.3778060625252024,2,3,3.0,10,10,0.48834154121171225,0.45454545454545453,7,7.0,0.7647373736526294,0,0.0,-0.6789146428573514,8,8.0,1.0865254624871206
35,No,Travel_Rarely,583,583,-0.5439423802991441,Research & Development,25,4,Medical,3,Female,57,57,-0.4373540057556636,3,3,Healthcare Representative,3,Divorced,10388,10388,0.8252133327659473,0,6975,6975,-1.0309530738259016,1,1.0,-0.6778187248056703,Yes,11,3,3,1,16,16.0,0.6066753136342179,3,2,2.75,16,16,1.4676895159835621,1.0,10,10.0,1.5927491139416698,10,7.5,1.6485212830263376,1,1.0,-0.8752831021480201
30,No,Travel_Rarely,153,153,-1.6095936893759177,Research & Development,8,2,Life Sciences,2,Female,73,73,0.3496824302323961,4,3,Research Director,1,Married,11416,11416,1.0435670788517606,0,17802,17802,0.49016598383032023,0,0.0,-1.078137537747532,Yes,12,3,3,3,9,9.0,-0.29297722673859755,4,2,2.0,8,8,0.1618922162877623,0.8888888888888888,7,7.0,0.7647373736526294,1,1.0,-0.3685898527395261,7,7.0,0.8062670961106719
20,Yes,Travel_Rarely,1097,1097,0.7298826728763481,Research & Development,11,3,Medical,4,Female,98,98,1.5794268614637395,2,1,Research Scientist,1,Single,2600,2600,-0.8290074595650976,0,18275,18275,0.5566192316617964,1,1.0,-0.6778187248056703,Yes,15,3,1,0,1,1.0,-1.3211515585932438,2,3,2.25,1,1,-0.9806804209460626,1.0,0,0.0,-1.1672900203551313,0,0.0,-0.6789146428573514,0,0.0,-1.1555414685244687
30,Yes,Travel_Frequently,109,109,-1.7186370791419132,Research & Development,5,3,Medical,2,Female,60,60,-0.28978467400790237,3,1,Laboratory Technician,2,Single,2422,2422,-0.8668157930313182,0,25725,25725,1.6032930082886416,0,0.0,-1.078137537747532,No,17,3,1,0,4,4.0,-0.9355861841477514,3,3,2.0,3,3,-0.6542310960221126,0.75,2,2.0,-0.6152821934957711,1,1.0,-0.3685898527395261,2,2.0,-0.5950247357715714
26,No,Travel_Rarely,1066,1066,0.6530566482684876,Research & Development,2,2,Medical,4,Male,32,32,-1.6670984369870068,4,2,Manufacturing Director,4,Married,5472,5472,-0.2189763712786619,0,3334,3334,-1.5424885396914512,1,1.0,-0.6778187248056703,No,12,3,2,0,8,8.0,-0.42149901822042835,2,3,3.25,8,8,0.1618922162877623,1.0,7,7.0,0.7647373736526294,1,1.0,-0.3685898527395261,3,3.0,-0.31476636939512276
22,No,Travel_Rarely,217,217,-1.4509851224435608,Research & Development,8,1,Life Sciences,2,Male,94,94,1.3826677524667244,1,1,Laboratory Technician,1,Married,2451,2451,-0.8606560083654732,0,6881,6881,-1.0441594275175692,1,1.0,-0.6778187248056703,No,15,3,1,1,4,4.0,-0.9355861841477514,3,2,1.5,4,4,-0.4910064335601377,1.0,3,3.0,-0.339278280066091,1,1.0,-0.3685898527395261,1,1.0,-0.8752831021480201
48,No,Travel_Rarely,277,277,-1.302289590944476,Research & Development,6,3,Life Sciences,1,Male,97,97,1.5302370842144857,2,2,Healthcare Representative,3,Single,4240,4240,-0.4806610163931775,0,13119,13119,-0.16776331763860813,2,2.0,-0.27749991186380857,No,13,3,4,0,19,19.0,0.9922406880797102,0,3,2.75,2,2,-0.8174557584840876,0.10526315789473684,2,2.0,-0.6152821934957711,2,2.0,-0.058265062621700905,2,2.0,-0.5950247357715714
48,No,Travel_Rarely,1355,1355,1.3692734583224122,Research & Development,4,4,Life Sciences,3,Male,78,78,0.5956313164786647,2,3,Healthcare Representative,3,Single,10999,10999,0.9549936234842663,0,22245,22245,1.1143769354481825,7,7.0,1.7240941528455003,No,14,3,2,0,27,27.0,2.0204150199343562,3,3,2.75,15,15,1.3044648535215873,0.5555555555555556,11,11.0,1.8687530273713497,4,4.0,0.5623845176139496,8,8.0,1.0865254624871206
41,No,Travel_Rarely,549,549,-0.6282031814819588,Research & Development,7,2,Medical,4,Female,42,42,-1.1752006644944695,3,2,Manufacturing Director,3,Single,5003,5003,-0.3185949577711195,0,23371,23371,1.2725721934994345,6,6.0,1.3237753399036383,No,14,3,2,0,8,8.0,-0.42149901822042835,6,3,3.0,2,2,-0.8174557584840876,0.25,2,2.0,-0.6152821934957711,2,2.0,-0.058265062621700905,1,1.0,-0.8752831021480201
39,No,Travel_Rarely,466,466,-0.8338986667223592,Research & Development,1,1,Life Sciences,4,Female,65,65,-0.04383578776163373,2,4,Manufacturing Director,4,Married,12742,12742,1.3252179225383254,0,7060,7060,-1.0190111582536492,1,1.0,-0.6778187248056703,No,16,3,3,1,21,21.0,1.2492842710433718,3,3,3.5,21,18,1.794138840907512,1.0,6,6.0,0.48873346022294933,11,7.5,1.6485212830263376,8,8.0,1.0865254624871206
27,No,Travel_Rarely,1055,1055,0.6257958008269888,Research & Development,2,4,Life Sciences,1,Female,47,47,-0.9292517782482008,3,2,Manufacturing Director,4,Married,4227,4227,-0.4834222991744183,0,4658,4658,-1.3564756430130696,0,0.0,-1.078137537747532,No,18,3,2,1,4,4.0,-0.9355861841477514,2,3,2.5,3,3,-0.6542310960221126,0.75,2,2.0,-0.6152821934957711,2,2.0,-0.058265062621700905,2,2.0,-0.5950247357715714
35,No,Travel_Rarely,802,802,-0.0012036903274849707,Research & Development,10,3,Other,2,Male,45,45,-1.0276313327467084,3,1,Laboratory Technician,4,Divorced,3917,3917,-0.5492682731886227,0,9541,9541,-0.6704477166682528,1,1.0,-0.6778187248056703,No,20,4,1,1,3,3.0,-1.0641079756295821,4,2,2.25,3,3,-0.6542310960221126,1.0,2,2.0,-0.6152821934957711,1,1.0,-0.3685898527395261,2,2.0,-0.5950247357715714
42,No,Travel_Rarely,265,265,-1.332028697244293,Sales,5,2,Marketing,4,Male,90,90,1.1859086434697095,3,5,Manager,3,Married,18303,16581,2.140645968475521,1,7770,7770,-0.919261039944245,6,6.0,1.3237753399036383,No,13,3,2,0,21,21.0,1.2492842710433718,3,4,3.25,1,1,-0.9806804209460626,0.047619047619047616,0,0.0,-1.1672900203551313,0,0.0,-0.6789146428573514,0,0.0,-1.1555414685244687
50,No,Travel_Rarely,804,804,0.003752827389151186,Research & Development,9,3,Life Sciences,1,Male,64,64,-0.09302556501088746,3,1,Laboratory Technician,4,Married,2380,2380,-0.8757368604784039,0,20165,20165,0.8221512367389424,4,4.0,0.5231377140199149,No,18,3,2,0,8,8.0,-0.42149901822042835,5,3,2.5,1,1,-0.9806804209460626,0.125,0,0.0,-1.1672900203551313,0,0.0,-0.6789146428573514,0,0.0,-1.1555414685244687
59,No,Travel_Rarely,715,715,-0.21681221100115777,Research & Development,2,3,Life Sciences,3,Female,69,69,0.1529233212353812,2,4,Manufacturing Director,4,Single,13726,13726,1.5342257884414774,0,21829,21829,1.0559317957063343,3,3.0,0.12281890107805317,Yes,13,3,1,0,30,28.5,2.2131977071571027,4,3,2.75,5,5,-0.32778177109816264,0.16666666666666666,3,3.0,-0.339278280066091,4,4.0,0.5623845176139496,3,3.0,-0.31476636939512276
37,Yes,Travel_Rarely,1141,1141,0.8389260626423436,Research & Development,11,2,Medical,1,Female,61,61,-0.24059489675864865,1,2,Healthcare Representative,2,Married,4777,4777,-0.36659879689115243,0,14382,14382,0.009679498452627519,5,5.0,0.9234565269617766,No,15,3,1,0,15,15.0,0.4781535221523871,2,1,1.25,1,1,-0.9806804209460626,0.06666666666666667,0,0.0,-1.1672900203551313,0,0.0,-0.6789146428573514,0,0.0,-1.1555414685244687
55,No,Travel_Frequently,135,135,-1.6542023488256432,Research & Development,18,4,Medical,3,Male,62,62,-0.19140511950939493,3,2,Healthcare Representative,2,Married,6385,6385,-0.02504935748844053,0,12992,12992,-0.1856059444347973,3,3.0,0.12281890107805317,Yes,14,3,4,2,17,17.0,0.7351971051160486,3,3,3.0,8,8,0.1618922162877623,0.47058823529411764,7,7.0,0.7647373736526294,6,6.0,1.1830340978496,7,7.0,0.8062670961106719
41,No,Non-Travel,247,247,-1.3766373566940184,Research & Development,7,1,Life Sciences,2,Female,55,55,-0.5357335602541711,1,5,Research Director,3,Divorced,19973,16581,2.140645968475521,1,20284,20284,0.8388699185400961,1,1.0,-0.6778187248056703,No,22,4,2,2,21,21.0,1.2492842710433718,3,3,2.5,21,18,1.794138840907512,1.0,16,14.5,2.8347667243752306,5,5.0,0.8727093077317748,10,10.0,1.6470421952400178
38,No,Travel_Rarely,1035,1035,0.5762306236606273,Sales,3,4,Life Sciences,2,Male,42,42,-1.1752006644944695,3,2,Sales Executive,4,Single,6861,6861,0.0760560735785314,0,4981,4981,-1.3110963638385096,8,8.0,2.124412965787362,Yes,12,3,3,0,19,19.0,0.9922406880797102,1,3,3.0,1,1,-0.9806804209460626,0.05263157894736842,0,0.0,-1.1672900203551313,0,0.0,-0.6789146428573514,0,0.0,-1.1555414685244687
26,Yes,Non-Travel,265,265,-1.332028697244293,Sales,29,2,Medical,2,Male,79,79,0.6448210937279185,1,2,Sales Executive,1,Single,4969,4969,-0.3258167742759032,0,21813,21813,1.0536839057162632,8,8.0,2.124412965787362,No,18,3,4,0,7,7.0,-0.5500208097022591,6,3,2.5,2,2,-0.8174557584840876,0.2857142857142857,2,2.0,-0.6152821934957711,2,2.0,-0.058265062621700905,2,2.0,-0.5950247357715714
52,Yes,Travel_Rarely,266,266,-1.3295504383859749,Sales,2,1,Marketing,1,Female,57,57,-0.4373540057556636,1,5,Manager,4,Married,19845,16581,2.140645968475521,1,25846,25846,1.6202926763385541,1,1.0,-0.6778187248056703,No,15,3,4,1,33,28.5,2.2131977071571027,3,3,3.0,32,18,1.794138840907512,0.9696969696969697,14,14.0,2.6967647676603903,6,6.0,1.1830340978496,9,9.0,1.3667838288635692
44,No,Travel_Rarely,1448,1448,1.5997515321459936,Sales,28,3,Medical,4,Female,53,53,-0.6341131147526785,4,4,Sales Executive,4,Married,13320,13320,1.4479888031196484,0,11737,11737,-0.3619248155309974,3,3.0,0.12281890107805317,Yes,18,3,3,1,23,23.0,1.5063278540070333,2,3,3.5,12,12,0.8147908661356622,0.5217391304347826,11,11.0,1.8687530273713497,11,7.5,1.6485212830263376,11,11.0,1.9273005616164665
50,No,Non-Travel,145,145,-1.6294197602424623,Sales,1,3,Life Sciences,4,Female,95,95,1.4318575297159781,3,2,Sales Executive,3,Married,6347,6347,-0.03312079946437527,0,24920,24920,1.4901960431631907,0,0.0,-1.078137537747532,No,12,3,1,1,19,19.0,0.9922406880797102,3,3,2.75,18,18,1.794138840907512,0.9473684210526315,7,7.0,0.7647373736526294,0,0.0,-0.6789146428573514,13,13.0,2.4878172943693637
36,Yes,Travel_Rarely,885,885,0.20449179491291553,Research & Development,16,4,Life Sciences,3,Female,43,43,-1.1260108872452157,4,1,Laboratory Technician,1,Single,2743,2743,-0.7986333489714484,0,8269,8269,-0.8491549708789033,1,1.0,-0.6778187248056703,No,16,3,3,0,18,18.0,0.8637188965978794,1,3,2.5,17,17,1.6309141784455372,0.9444444444444444,13,13.0,2.42076085423071,15,7.5,1.6485212830263376,14,14.0,2.7680756607458123
39,No,Travel_Frequently,945,945,0.35318732641200024,Research & Development,22,3,Medical,4,Female,82,82,0.7923904254756797,3,3,Manufacturing Director,1,Single,10880,10880,0.9297172657175233,0,5083,5083,-1.2967660651518065,1,1.0,-0.6778187248056703,Yes,13,3,3,0,21,21.0,1.2492842710433718,2,3,2.75,21,18,1.794138840907512,1.0,6,6.0,0.48873346022294933,2,2.0,-0.058265062621700905,8,8.0,1.0865254624871206
33,No,Non-Travel,1038,1038,0.5836654002355814,Sales,8,1,Life Sciences,2,Female,88,88,1.0875290889712022,2,1,Sales Representative,4,Single,2342,2342,-0.8838083024543386,0,21437,21437,1.000858490949593,0,0.0,-1.078137537747532,No,19,3,4,0,3,3.0,-1.0641079756295821,2,2,3.0,2,2,-0.8174557584840876,0.6666666666666666,2,2.0,-0.6152821934957711,2,2.0,-0.058265062621700905,2,2.0,-0.5950247357715714
45,No,Travel_Rarely,1234,1234,1.0694041364659248,Sales,11,2,Life Sciences,4,Female,90,90,1.1859086434697095,3,4,Manager,4,Married,17650,16581,2.140645968475521,1,5404,5404,-1.2516677722260057,3,3.0,0.12281890107805317,No,13,3,2,1,26,26.0,1.8918932284525256,4,4,3.5,9,9,0.32511687874973727,0.34615384615384615,3,3.0,-0.339278280066091,1,1.0,-0.3685898527395261,1,1.0,-0.8752831021480201
32,No,Non-Travel,1109,1109,0.759621779176165,Research & Development,29,4,Medical,4,Female,69,69,0.1529233212353812,3,1,Laboratory Technician,3,Single,4025,4025,-0.526328385467545,0,11135,11135,-0.44650167640742167,9,8.5,2.324572372258293,No,12,3,2,0,10,10.0,-0.16445543525676679,2,3,3.0,8,8,0.1618922162877623,0.8,7,7.0,0.7647373736526294,7,7.0,1.493358887967425,7,7.0,0.8062670961106719
34,No,Travel_Rarely,216,216,-1.453463381301879,Sales,1,4,Marketing,2,Male,75,75,0.4480619847309036,4,2,Sales Executive,4,Divorced,9725,9725,0.684387910922665,0,12278,12278,-0.2859180352417191,0,0.0,-1.078137537747532,No,11,3,4,1,16,16.0,0.6066753136342179,2,2,3.0,15,15,1.3044648535215873,0.9375,1,1.0,-0.8912861069254512,0,0.0,-0.6789146428573514,9,9.0,1.3667838288635692
59,No,Travel_Rarely,1089,1089,0.7100566020098035,Sales,1,2,Technical Degree,2,Male,66,66,0.005353989487620002,3,3,Manager,4,Married,11904,11904,1.1472213863321856,0,11038,11038,-0.4601295094722276,3,3.0,0.12281890107805317,Yes,14,3,3,1,14,14.0,0.3496317306705563,1,1,2.5,6,6,-0.1645571086361877,0.42857142857142855,4,4.0,-0.06327436663641088,0,0.0,-0.6789146428573514,4,4.0,-0.03450800301867408
45,No,Travel_Rarely,788,788,-0.03589931434393807,Human Resources,24,4,Medical,2,Male,36,36,-1.470339327989992,3,1,Human Resources,2,Single,2177,2177,-0.9188553531393184,0,8318,8318,-0.8422708077843106,1,1.0,-0.6778187248056703,No,16,3,1,0,6,6.0,-0.6785426011840899,3,3,2.0,6,6,-0.1645571086361877,1.0,3,3.0,-0.339278280066091,0,0.0,-0.6789146428573514,4,4.0,-0.03450800301867408
53,No,Travel_Frequently,124,124,-1.681463196267142,Sales,2,3,Marketing,3,Female,38,38,-1.3719597734914843,2,3,Sales Executive,2,Married,7525,7525,0.21709390178960147,0,23537,23537,1.295894052146422,2,2.0,-0.27749991186380857,No,12,3,1,1,30,28.5,2.2131977071571027,2,3,2.25,15,15,1.3044648535215873,0.5,7,7.0,0.7647373736526294,6,6.0,1.1830340978496,12,12.0,2.207558927992915
36,Yes,Travel_Rarely,660,660,-0.35311644820865207,Research & Development,15,3,Other,1,Male,81,81,0.743200648226426,3,2,Laboratory Technician,3,Divorced,4834,4834,-0.3544916339272503,0,7858,7858,-0.9068976449988542,7,7.0,1.7240941528455003,No,14,3,2,1,9,9.0,-0.29297722673859755,3,2,2.0,1,1,-0.9806804209460626,0.1111111111111111,0,0.0,-1.1672900203551313,0,0.0,-0.6789146428573514,0,0.0,-1.1555414685244687
26,Yes,Travel_Frequently,342,342,-1.141202765153801,Research & Development,2,3,Life Sciences,1,Male,57,57,-0.4373540057556636,3,1,Research Scientist,1,Married,2042,2042,-0.9475302127906655,0,15346,15346,0.1451148703544099,6,6.0,1.3237753399036383,Yes,14,3,2,1,6,6.0,-0.6785426011840899,2,3,1.75,3,3,-0.6542310960221126,0.5,2,2.0,-0.6152821934957711,1,1.0,-0.3685898527395261,2,2.0,-0.5950247357715714
34,No,Travel_Rarely,1333,1333,1.3147517634394146,Sales,10,4,Life Sciences,3,Female,87,87,1.0383393117219484,3,1,Sales Representative,3,Married,2220,2220,-0.9097218793244449,0,18410,18410,0.5755858034530211,1,1.0,-0.6778187248056703,Yes,19,3,4,1,1,1.0,-1.3211515585932438,2,3,3.25,1,1,-0.9806804209460626,1.0,1,1.0,-0.8912861069254512,0,0.0,-0.6789146428573514,0,0.0,-1.1555414685244687
28,No,Travel_Rarely,1144,1144,0.8463608392172978,Sales,10,1,Medical,4,Male,74,74,0.39887220748164987,3,1,Sales Representative,2,Married,1052,1052,-1.157812516900544,0,23384,23384,1.2743986041163673,1,1.0,-0.6778187248056703,No,22,4,2,0,1,1.0,-1.3211515585932438,5,3,2.75,1,1,-0.9806804209460626,1.0,0,0.0,-1.1672900203551313,0,0.0,-0.6789146428573514,0,0.0,-1.1555414685244687
38,No,Travel_Frequently,1186,1186,0.9504477112666571,Research & Development,3,4,Other,3,Male,44,44,-1.0768211099959621,3,1,Research Scientist,3,Married,2821,2821,-0.7820656522840035,0,2997,2997,-1.5898347226073233,3,3.0,0.12281890107805317,No,16,3,1,1,8,8.0,-0.42149901822042835,2,3,2.5,2,2,-0.8174557584840876,0.25,2,2.0,-0.6152821934957711,2,2.0,-0.058265062621700905,2,2.0,-0.5950247357715714
50,No,Travel_Rarely,1464,1464,1.6394036738790827,Research & Development,2,4,Medical,2,Male,62,62,-0.19140511950939493,3,5,Research Director,3,Married,19237,16581,2.140645968475521,1,12853,12853,-0.2051344887235398,2,2.0,-0.27749991186380857,Yes,11,3,4,1,29,28.5,2.2131977071571027,2,2,2.75,8,8,0.1618922162877623,0.27586206896551724,1,1.0,-0.8912861069254512,7,7.0,1.493358887967425,7,7.0,0.8062670961106719
37,No,Travel_Rarely,124,124,-1.681463196267142,Research & Development,3,3,Other,4,Female,35,35,-1.5195291052392457,3,2,Healthcare Representative,2,Single,4107,4107,-0.5089110633089491,0,13848,13848,-0.06534382996599468,3,3.0,0.12281890107805317,No,15,3,1,0,8,8.0,-0.42149901822042835,3,2,2.25,4,4,-0.4910064335601377,0.5,3,3.0,-0.339278280066091,0,0.0,-0.6789146428573514,1,1.0,-0.8752831021480201
40,No,Travel_Rarely,300,300,-1.2452896372031603,Sales,26,3,Marketing,3,Male,74,74,0.39887220748164987,3,2,Sales Executive,1,Married,8396,8396,0.4020998481327371,0,22217,22217,1.110443127965558,1,1.0,-0.6778187248056703,No,14,3,2,1,8,8.0,-0.42149901822042835,3,2,2.0,7,7,-0.0013324461742127045,0.875,7,7.0,0.7647373736526294,7,7.0,1.493358887967425,5,5.0,0.2457503633577746
26,No,Travel_Frequently,921,921,0.29370911381236636,Research & Development,1,1,Medical,1,Female,66,66,0.005353989487620002,2,1,Research Scientist,3,Divorced,2007,2007,-0.954964435663237,0,25265,25265,1.5386661710740983,1,1.0,-0.6778187248056703,No,13,3,3,2,5,5.0,-0.8070643926659207,5,3,2.5,5,5,-0.32778177109816264,1.0,3,3.0,-0.339278280066091,1,1.0,-0.3685898527395261,3,3.0,-0.31476636939512276
46,No,Travel_Rarely,430,430,-0.9231159856218101,Research & Development,1,4,Medical,4,Male,40,40,-1.273580218992977,3,5,Research Director,4,Divorced,19627,16581,2.140645968475521,1,21445,21445,1.0019824359446285,9,8.5,2.324572372258293,No,17,3,4,2,23,23.0,1.5063278540070333,0,3,3.75,2,2,-0.8174557584840876,0.08695652173913043,2,2.0,-0.6152821934957711,2,2.0,-0.058265062621700905,2,2.0,-0.5950247357715714
54,No,Travel_Rarely,1082,1082,0.6927087900015769,Sales,2,4,Life Sciences,3,Female,41,41,-1.2243904417437232,2,3,Sales Executive,3,Married,10686,10686,0.8885104303666986,0,8392,8392,-0.8318743165802319,6,6.0,1.3237753399036383,No,11,3,2,1,13,13.0,0.22110993918872554,4,3,2.75,9,9,0.32511687874973727,0.6923076923076923,4,4.0,-0.06327436663641088,7,7.0,1.493358887967425,0,0.0,-1.1555414685244687
56,No,Travel_Frequently,1240,1240,1.0842736896158334,Research & Development,9,3,Medical,1,Female,63,63,-0.14221534226014118,3,1,Research Scientist,3,Married,2942,2942,-0.7563644817816849,0,12154,12154,-0.30333918266476995,2,2.0,-0.27749991186380857,No,19,3,2,1,18,18.0,0.8637188965978794,4,3,2.25,5,5,-0.32778177109816264,0.2777777777777778,4,4.0,-0.06327436663641088,0,0.0,-0.6789146428573514,3,3.0,-0.31476636939512276
36,No,Travel_Rarely,796,796,-0.016073243477393438,Research & Development,12,5,Medical,4,Female,51,51,-0.732492669251186,2,3,Manufacturing Director,4,Single,8858,8858,0.5002315900506804,0,15669,15669,0.1904941495289698,0,0.0,-1.078137537747532,No,11,3,2,0,15,15.0,0.4781535221523871,2,2,3.0,14,14,1.1412401910596122,0.9333333333333333,8,8.0,1.0407412870823096,7,7.0,1.493358887967425,8,8.0,1.0865254624871206
55,No,Non-Travel,444,444,-0.888420361605357,Research & Development,2,1,Medical,3,Male,40,40,-1.273580218992977,2,4,Manager,1,Single,16756,16581,2.140645968475521,1,17323,17323,0.42286977725256736,7,7.0,1.7240941528455003,No,15,3,2,0,31,28.5,2.2131977071571027,3,4,2.5,9,9,0.32511687874973727,0.2903225806451613,7,7.0,0.7647373736526294,6,6.0,1.1830340978496,2,2.0,-0.5950247357715714
43,No,Travel_Rarely,415,415,-0.9602898684965813,Sales,25,3,Medical,3,Male,79,79,0.6448210937279185,2,3,Sales Executive,4,Divorced,10798,10798,0.9122999435589274,0,5268,5268,-1.2707748371416097,5,5.0,0.9234565269617766,No,13,3,3,1,18,18.0,0.8637188965978794,5,3,3.25,1,1,-0.9806804209460626,0.05555555555555555,0,0.0,-1.1672900203551313,0,0.0,-0.6789146428573514,0,0.0,-1.1555414685244687
20,Yes,Travel_Frequently,769,769,-0.08298623265198155,Sales,9,3,Marketing,4,Female,54,54,-0.5849233375034247,3,1,Sales Representative,4,Single,2323,2323,-0.8878440234423061,0,17205,17205,0.40629158857579317,1,1.0,-0.6778187248056703,Yes,14,3,2,0,2,2.0,-1.192629767111413,3,3,3.25,2,2,-0.8174557584840876,1.0,2,2.0,-0.6152821934957711,0,0.0,-0.6789146428573514,2,2.0,-0.5950247357715714
21,Yes,Travel_Rarely,1334,1334,1.3172300222977327,Research & Development,10,3,Life Sciences,3,Female,36,36,-1.470339327989992,2,1,Laboratory Technician,1,Single,1416,1416,-1.0804965990258009,0,17258,17258,0.4137377241679036,1,1.0,-0.6778187248056703,No,13,3,1,0,1,1.0,-1.3211515585932438,6,2,1.75,1,1,-0.9806804209460626,1.0,0,0.0,-1.1672900203551313,1,1.0,-0.3685898527395261,0,0.0,-1.1555414685244687
46,No,Travel_Rarely,1003,1003,0.49692634019444876,Research & Development,8,4,Life Sciences,4,Female,74,74,0.39887220748164987,2,2,Research Scientist,1,Divorced,4615,4615,-0.4010086284727689,0,21029,21029,0.9435372962027806,8,8.0,2.124412965787362,Yes,23,4,1,3,19,19.0,0.9922406880797102,2,3,2.25,16,16,1.4676895159835621,0.8421052631578947,13,13.0,2.42076085423071,1,1.0,-0.3685898527395261,7,7.0,0.8062670961106719
51,Yes,Travel_Rarely,1323,1323,1.2899691748562339,Research & Development,4,4,Life Sciences,1,Male,34,34,-1.5687188824884994,3,1,Research Scientist,3,Married,2461,2461,-0.8585319446875956,0,10332,10332,-0.5593176552841138,9,8.5,2.324572372258293,Yes,12,3,3,3,18,18.0,0.8637188965978794,2,4,2.75,10,10,0.48834154121171225,0.5555555555555556,0,0.0,-1.1672900203551313,2,2.0,-0.058265062621700905,7,7.0,0.8062670961106719
28,Yes,Non-Travel,1366,1366,1.3965343057639112,Research & Development,24,2,Technical Degree,2,Male,72,72,0.30049265298314237,2,3,Healthcare Representative,1,Single,8722,8722,0.4713443240315456,0,12355,12355,-0.27510006466450204,1,1.0,-0.6778187248056703,No,12,3,1,0,10,10.0,-0.16445543525676679,2,2,1.5,10,10,0.48834154121171225,1.0,7,7.0,0.7647373736526294,1,1.0,-0.3685898527395261,9,9.0,1.3667838288635692
26,No,Travel_Rarely,192,192,-1.5129415939015127,Research & Development,1,2,Medical,1,Male,59,59,-0.3389744512571561,2,1,Laboratory Technician,1,Married,3955,3955,-0.541196831212688,0,11141,11141,-0.445658717661145,1,1.0,-0.6778187248056703,No,16,3,1,2,6,6.0,-0.6785426011840899,2,3,1.5,5,5,-0.32778177109816264,0.8333333333333334,3,3.0,-0.339278280066091,1,1.0,-0.3685898527395261,3,3.0,-0.31476636939512276
30,No,Travel_Rarely,1176,1176,0.9256651226834762,Research & Development,20,3,Other,3,Male,85,85,0.9399597572234408,3,2,Manufacturing Director,1,Married,9957,9957,0.7336661882494244,0,9096,9096,-0.7329671570171046,0,0.0,-1.078137537747532,No,15,3,3,1,7,7.0,-0.5500208097022591,1,2,2.25,6,6,-0.1645571086361877,0.8571428571428571,2,2.0,-0.6152821934957711,0,0.0,-0.6789146428573514,2,2.0,-0.5950247357715714
41,No,Travel_Rarely,509,509,-0.7273335358146819,Research & Development,7,2,Technical Degree,2,Female,43,43,-1.1260108872452157,4,1,Research Scientist,3,Married,3376,3376,-0.6641801181617988,0,18863,18863,0.6392291887969085,1,1.0,-0.6778187248056703,No,13,3,3,0,10,10.0,-0.16445543525676679,3,3,2.75,10,10,0.48834154121171225,1.0,6,6.0,0.48873346022294933,0,0.0,-0.6789146428573514,8,8.0,1.0865254624871206
38,No,Travel_Rarely,330,330,-1.170941871453618,Research & Development,17,1,Life Sciences,3,Female,65,65,-0.04383578776163373,2,3,Healthcare Representative,3,Married,8823,8823,0.49279736717810896,0,24608,24608,1.4463621883568045,0,0.0,-1.078137537747532,No,18,3,1,1,20,20.0,1.120762479561541,4,2,2.25,19,18,1.794138840907512,0.95,9,9.0,1.3167452005119897,1,1.0,-0.3685898527395261,9,9.0,1.3667838288635692
40,No,Travel_Rarely,1492,1492,1.708794921911989,Research & Development,20,4,Technical Degree,1,Male,61,61,-0.24059489675864865,3,3,Healthcare Representative,4,Married,10322,10322,0.8111945124919554,0,26542,26542,1.718075890906646,4,4.0,0.5231377140199149,No,20,4,4,1,14,14.0,0.3496317306705563,6,3,3.0,11,11,0.6515662036736872,0.7857142857142857,10,10.0,1.5927491139416698,11,7.5,1.6485212830263376,1,1.0,-0.8752831021480201
27,No,Non-Travel,1277,1277,1.1759692673736022,Research & Development,8,5,Life Sciences,1,Male,87,87,1.0383393117219484,1,1,Laboratory Technician,3,Married,4621,4621,-0.3997341902660424,0,5869,5869,-1.1863384693895649,1,1.0,-0.6778187248056703,No,19,3,4,3,3,3.0,-1.0641079756295821,4,3,2.75,3,3,-0.6542310960221126,1.0,2,2.0,-0.6152821934957711,1,1.0,-0.3685898527395261,2,2.0,-0.5950247357715714
55,No,Travel_Frequently,1091,1091,0.7150131197264397,Research & Development,2,1,Life Sciences,4,Male,65,65,-0.04383578776163373,3,3,Manufacturing Director,2,Married,10976,10976,0.950108277025148,0,15813,15813,0.21072515943960946,3,3.0,0.12281890107805317,No,18,3,2,1,23,23.0,1.5063278540070333,4,3,2.75,3,3,-0.6542310960221126,0.13043478260869565,2,2.0,-0.6152821934957711,1,1.0,-0.3685898527395261,2,2.0,-0.5950247357715714
28,No,Travel_Rarely,857,857,0.13510054688000933,Research & Development,10,3,Other,3,Female,59,59,-0.3389744512571561,3,2,Research Scientist,3,Single,3660,3660,-0.603856709710076,0,7909,7909,-0.8997324956555026,3,3.0,0.12281890107805317,No,13,3,4,0,10,10.0,-0.16445543525676679,4,4,3.5,8,8,0.1618922162877623,0.8,7,7.0,0.7647373736526294,1,1.0,-0.3685898527395261,7,7.0,0.8062670961106719
44,Yes,Travel_Rarely,1376,1376,1.421316894347092,Human Resources,1,2,Medical,2,Male,91,91,1.2350984207189633,2,3,Human Resources,1,Married,10482,10482,0.8451795313379964,0,2326,2326,-1.684105609065929,9,8.5,2.324572372258293,No,14,3,4,1,24,24.0,1.6348496454888641,1,3,2.5,20,18,1.794138840907512,0.8333333333333334,6,6.0,0.48873346022294933,3,3.0,0.2520597274961243,6,6.0,0.5260087297342232
33,No,Travel_Rarely,654,654,-0.3679860013585605,Research & Development,5,3,Life Sciences,4,Male,34,34,-1.5687188824884994,2,3,Healthcare Representative,4,Divorced,7119,7119,0.13085691646777248,0,21214,21214,0.9695285242129774,4,4.0,0.5231377140199149,No,15,3,3,1,9,9.0,-0.29297722673859755,2,3,3.5,3,3,-0.6542310960221126,0.3333333333333333,2,2.0,-0.6152821934957711,1,1.0,-0.3685898527395261,2,2.0,-0.5950247357715714
35,Yes,Travel_Rarely,1204,1204,0.9950563707163824,Sales,4,3,Technical Degree,4,Male,86,86,0.9891495344726946,3,3,Sales Executive,1,Single,9582,9582,0.6540138003290159,0,10333,10333,-0.5591771621597345,0,0.0,-1.078137537747532,Yes,22,4,1,0,9,9.0,-0.29297722673859755,2,3,2.25,8,8,0.1618922162877623,0.8888888888888888,7,7.0,0.7647373736526294,4,4.0,0.5623845176139496,7,7.0,0.8062670961106719
33,Yes,Travel_Frequently,827,827,0.06075278113046698,Research & Development,29,4,Medical,1,Female,54,54,-0.5849233375034247,2,2,Research Scientist,3,Single,4508,4508,-0.4237361098260588,0,3129,3129,-1.5712896301892367,1,1.0,-0.6778187248056703,No,22,4,2,0,14,14.0,0.3496317306705563,4,3,2.25,13,13,0.9780155285976372,0.9285714285714286,7,7.0,0.7647373736526294,3,3.0,0.2520597274961243,8,8.0,1.0865254624871206
28,No,Travel_Rarely,895,895,0.2292743834960963,Research & Development,15,2,Life Sciences,1,Male,50,50,-0.7816824465004397,3,1,Laboratory Technician,3,Divorced,2207,2207,-0.9124831621056857,0,22482,22482,1.1476738059261102,1,1.0,-0.6778187248056703,No,16,3,4,1,4,4.0,-0.9355861841477514,5,2,2.5,4,4,-0.4910064335601377,1.0,2,2.0,-0.6152821934957711,2,2.0,-0.058265062621700905,2,2.0,-0.5950247357715714
34,No,Travel_Frequently,618,618,-0.45720332025801136,Research & Development,3,1,Life Sciences,1,Male,45,45,-1.0276313327467084,3,2,Healthcare Representative,4,Single,7756,7756,0.26615977274857316,0,22266,22266,1.1173272910601506,0,0.0,-1.078137537747532,No,17,3,3,0,7,7.0,-0.5500208097022591,1,2,2.5,6,6,-0.1645571086361877,0.8571428571428571,2,2.0,-0.6152821934957711,0,0.0,-0.6789146428573514,4,4.0,-0.03450800301867408
37,No,Travel_Rarely,309,309,-1.2229853074782975,Sales,10,4,Life Sciences,4,Female,88,88,1.0875290889712022,2,2,Sales Executive,4,Divorced,6694,6694,0.04058421015797612,0,24223,24223,1.3922723354707194,2,2.0,-0.27749991186380857,Yes,14,3,3,3,8,8.0,-0.42149901822042835,5,3,3.5,1,1,-0.9806804209460626,0.125,0,0.0,-1.1672900203551313,0,0.0,-0.6789146428573514,0,0.0,-1.1555414685244687
25,Yes,Travel_Rarely,1219,1219,1.0322302535911536,Research & Development,4,1,Technical Degree,4,Male,32,32,-1.6670984369870068,3,1,Laboratory Technician,4,Married,3691,3691,-0.5972721123086556,0,4605,4605,-1.36392177860518,1,1.0,-0.6778187248056703,Yes,15,3,2,1,7,7.0,-0.5500208097022591,3,4,3.5,7,7,-0.0013324461742127045,1.0,7,7.0,0.7647373736526294,5,5.0,0.8727093077317748,6,6.0,0.5260087297342232
26,Yes,Travel_Rarely,1330,1330,1.3073169868644603,Research & Development,21,3,Medical,1,Male,37,37,-1.4211495507407381,3,1,Laboratory Technician,3,Divorced,2377,2377,-0.8763740795817672,0,19373,19373,0.7108806822304241,1,1.0,-0.6778187248056703,No,20,4,3,1,1,1.0,-1.3211515585932438,0,2,2.25,1,1,-0.9806804209460626,1.0,1,1.0,-0.8912861069254512,0,0.0,-0.6789146428573514,0,0.0,-1.1555414685244687
33,Yes,Travel_Rarely,1017,1017,0.5316219642109018,Research & Development,25,3,Medical,1,Male,55,55,-0.5357335602541711,2,1,Research Scientist,2,Single,2313,2313,-0.8899680871201836,0,2993,2993,-1.590396695104841,4,4.0,0.5231377140199149,Yes,20,4,2,0,5,5.0,-0.8070643926659207,0,3,2.0,2,2,-0.8174557584840876,0.4,2,2.0,-0.6152821934957711,2,2.0,-0.058265062621700905,2,2.0,-0.5950247357715714
42,No,Travel_Rarely,469,469,-0.8264638901474051,Research & Development,2,2,Medical,4,Male,35,35,-1.5195291052392457,3,4,Manager,1,Married,17665,16581,2.140645968475521,1,14399,14399,0.012067881567078038,0,0.0,-1.078137537747532,No,17,3,4,1,23,23.0,1.5063278540070333,3,3,3.0,22,18,1.794138840907512,0.9565217391304348,6,6.0,0.48873346022294933,13,7.5,1.6485212830263376,7,7.0,0.8062670961106719
28,Yes,Travel_Frequently,1009,1009,0.5117958933443573,Research & Development,1,3,Medical,1,Male,45,45,-1.0276313327467084,2,1,Laboratory Technician,2,Divorced,2596,2596,-0.8298570850362486,0,7160,7160,-1.0049618458157048,1,1.0,-0.6778187248056703,No,15,3,1,2,1,1.0,-1.3211515585932438,2,3,1.75,1,1,-0.9806804209460626,1.0,0,0.0,-1.1672900203551313,0,0.0,-0.6789146428573514,0,0.0,-1.1555414685244687
50,Yes,Travel_Frequently,959,959,0.38788295042845333,Sales,1,4,Other,4,Male,81,81,0.743200648226426,3,2,Sales Executive,3,Single,4728,4728,-0.37700670891275245,0,17251,17251,0.41275427229724754,3,3.0,0.12281890107805317,Yes,14,3,4,0,5,5.0,-0.8070643926659207,4,3,3.5,0,0,-1.1439050834080375,0.0,0,0.0,-1.1672900203551313,0,0.0,-0.6789146428573514,0,0.0,-1.1555414685244687
33,No,Travel_Frequently,970,970,0.41514379786995215,Sales,7,3,Life Sciences,4,Female,30,30,-1.7654779914855143,3,2,Sales Executive,2,Married,4302,4302,-0.4674918215903366,0,13401,13401,-0.1281442565636054,0,0.0,-1.078137537747532,No,17,3,3,1,4,4.0,-0.9355861841477514,3,3,3.0,3,3,-0.6542310960221126,0.75,2,2.0,-0.6152821934957711,0,0.0,-0.6789146428573514,2,2.0,-0.5950247357715714
34,No,Non-Travel,697,697,-0.2614208704508832,Research & Development,3,4,Life Sciences,3,Male,40,40,-1.273580218992977,2,1,Research Scientist,4,Married,2979,2979,-0.748505446173538,0,22478,22478,1.1471118334285926,3,3.0,0.12281890107805317,No,17,3,4,3,6,6.0,-0.6785426011840899,2,3,3.5,0,0,-1.1439050834080375,0.0,0,0.0,-1.1672900203551313,0,0.0,-0.6789146428573514,0,0.0,-1.1555414685244687
48,No,Non-Travel,1262,1262,1.138795384498831,Research & Development,1,4,Medical,1,Male,35,35,-1.5195291052392457,4,4,Manager,4,Single,16885,16581,2.140645968475521,1,16154,16154,0.2586333148529993,2,2.0,-0.27749991186380857,No,22,4,3,0,27,27.0,2.0204150199343562,3,2,2.5,5,5,-0.32778177109816264,0.18518518518518517,4,4.0,-0.06327436663641088,2,2.0,-0.058265062621700905,1,1.0,-0.8752831021480201
45,No,Non-Travel,1050,1050,0.6134045065353985,Sales,9,4,Life Sciences,2,Female,65,65,-0.04383578776163373,2,2,Sales Executive,3,Married,5593,5593,-0.19327520077634341,0,17970,17970,0.5137688287260666,1,1.0,-0.6778187248056703,No,13,3,4,1,15,15.0,0.4781535221523871,2,3,3.0,15,15,1.3044648535215873,1.0,10,10.0,1.5927491139416698,4,4.0,0.5623845176139496,12,12.0,2.207558927992915
52,No,Travel_Rarely,994,994,0.474622010469586,Research & Development,7,4,Life Sciences,2,Male,87,87,1.0383393117219484,3,3,Healthcare Representative,2,Single,10445,10445,0.8373204957298495,0,15322,15322,0.1417430353693033,7,7.0,1.7240941528455003,No,19,3,4,0,18,18.0,0.8637188965978794,4,3,2.75,8,8,0.1618922162877623,0.4444444444444444,6,6.0,0.48873346022294933,4,4.0,0.5623845176139496,0,0.0,-1.1555414685244687
38,No,Travel_Rarely,770,770,-0.08050797379366348,Sales,10,4,Marketing,3,Male,73,73,0.3496824302323961,2,3,Sales Executive,3,Divorced,8740,8740,0.47516763865172523,0,5569,5569,-1.2284864067033976,0,0.0,-1.078137537747532,Yes,14,3,2,2,9,9.0,-0.29297722673859755,2,3,2.75,8,8,0.1618922162877623,0.8888888888888888,7,7.0,0.7647373736526294,2,2.0,-0.058265062621700905,7,7.0,0.8062670961106719
29,No,Travel_Rarely,1107,1107,0.7546652614595288,Research & Development,28,4,Life Sciences,3,Female,93,93,1.3334779752174708,3,1,Research Scientist,4,Divorced,2514,2514,-0.8472744071948446,0,26968,26968,1.7779259618922885,4,4.0,0.5231377140199149,No,22,4,1,1,11,11.0,-0.035933643774936005,1,3,2.75,7,7,-0.0013324461742127045,0.6363636363636364,5,5.0,0.21272954679326922,1,1.0,-0.3685898527395261,7,7.0,0.8062670961106719
28,No,Travel_Rarely,950,950,0.3655786207035906,Research & Development,3,3,Medical,4,Female,93,93,1.3334779752174708,3,3,Manufacturing Director,2,Divorced,7655,7655,0.2447067296020098,0,8039,8039,-0.8814683894861751,0,0.0,-1.078137537747532,No,17,3,2,3,10,10.0,-0.16445543525676679,3,2,2.5,9,9,0.32511687874973727,0.9,7,7.0,0.7647373736526294,1,1.0,-0.3685898527395261,7,7.0,0.8062670961106719
46,No,Travel_Rarely,406,406,-0.9825941982214439,Sales,3,1,Marketing,1,Male,52,52,-0.6833028920019322,3,4,Manager,3,Married,17465,16581,2.140645968475521,1,15596,15596,0.1802381514492705,3,3.0,0.12281890107805317,No,12,3,4,1,23,23.0,1.5063278540070333,3,3,2.75,12,12,0.8147908661356622,0.5217391304347826,9,9.0,1.3167452005119897,4,4.0,0.5623845176139496,9,9.0,1.3667838288635692
38,No,Travel_Rarely,130,130,-1.6665936431172335,Sales,2,2,Marketing,4,Male,32,32,-1.6670984369870068,3,3,Sales Executive,2,Single,7351,7351,0.1801351937945319,0,20619,20619,0.8859351152072092,7,7.0,1.7240941528455003,No,16,3,3,0,10,10.0,-0.16445543525676679,2,3,3.0,1,1,-0.9806804209460626,0.1,0,0.0,-1.1672900203551313,0,0.0,-0.6789146428573514,0,0.0,-1.1555414685244687
43,No,Travel_Frequently,1082,1082,0.6927087900015769,Research & Development,27,3,Life Sciences,3,Female,83,83,0.8415802027249334,3,3,Manufacturing Director,1,Married,10820,10820,0.916972883650258,0,11535,11535,-0.39030442665564474,8,8.0,2.124412965787362,No,11,3,3,1,18,18.0,0.8637188965978794,1,3,2.5,8,8,0.1618922162877623,0.4444444444444444,7,7.0,0.7647373736526294,0,0.0,-0.6789146428573514,1,1.0,-0.8752831021480201
39,Yes,Travel_Frequently,203,203,-1.485680746460014,Research & Development,2,3,Life Sciences,1,Male,84,84,0.8907699799741872,3,4,Healthcare Representative,4,Divorced,12169,12169,1.203509073795941,0,13547,13547,-0.10763226040420681,7,7.0,1.7240941528455003,No,11,3,4,3,21,21.0,1.2492842710433718,4,3,3.0,18,18,1.794138840907512,0.8571428571428571,7,7.0,0.7647373736526294,11,7.5,1.6485212830263376,5,5.0,0.2457503633577746
40,No,Travel_Rarely,1308,1308,1.2527952919814627,Research & Development,14,3,Medical,3,Male,44,44,-1.0768211099959621,2,5,Research Director,3,Single,19626,16581,2.140645968475521,1,17544,17544,0.4539187577404241,1,1.0,-0.6778187248056703,No,14,3,1,0,21,21.0,1.2492842710433718,2,4,2.75,20,18,1.794138840907512,0.9523809523809523,7,7.0,0.7647373736526294,4,4.0,0.5623845176139496,9,9.0,1.3667838288635692
21,No,Travel_Rarely,984,984,0.44983942188640524,Research & Development,1,1,Technical Degree,4,Female,70,70,0.20211309848463493,2,1,Research Scientist,2,Single,2070,2070,-0.9415828344926084,0,25326,25326,1.5472362516612441,1,1.0,-0.6778187248056703,Yes,11,3,3,0,2,2.0,-1.192629767111413,6,4,3.25,2,2,-0.8174557584840876,1.0,2,2.0,-0.6152821934957711,2,2.0,-0.058265062621700905,2,2.0,-0.5950247357715714
39,No,Non-Travel,439,439,-0.9008116558969473,Research & Development,9,3,Life Sciences,3,Male,70,70,0.20211309848463493,3,2,Laboratory Technician,2,Single,6782,6782,0.059275970523298666,0,8770,8770,-0.7787679155648027,9,8.5,2.324572372258293,No,15,3,3,0,9,9.0,-0.29297722673859755,2,2,2.5,5,5,-0.32778177109816264,0.5555555555555556,4,4.0,-0.06327436663641088,0,0.0,-0.6789146428573514,3,3.0,-0.31476636939512276
36,No,Non-Travel,217,217,-1.4509851224435608,Research & Development,18,4,Life Sciences,1,Male,78,78,0.5956313164786647,3,2,Manufacturing Director,4,Single,7779,7779,0.27104511920769153,0,23238,23238,1.2538866079569686,2,2.0,-0.27749991186380857,No,20,4,1,0,18,18.0,0.8637188965978794,0,3,2.25,11,11,0.6515662036736872,0.6111111111111112,9,9.0,1.3167452005119897,0,0.0,-0.6789146428573514,9,9.0,1.3667838288635692
31,No,Travel_Frequently,793,793,-0.023508020052347676,Sales,20,3,Life Sciences,3,Male,67,67,0.05454376673687373,4,1,Sales Representative,4,Married,2791,2791,-0.7884378433176361,0,21981,21981,1.0772867506120096,0,0.0,-1.078137537747532,No,12,3,1,1,3,3.0,-1.0641079756295821,4,3,2.75,2,2,-0.8174557584840876,0.6666666666666666,2,2.0,-0.6152821934957711,2,2.0,-0.058265062621700905,2,2.0,-0.5950247357715714
28,No,Travel_Rarely,1451,1451,1.6071863087209477,Research & Development,2,1,Life Sciences,1,Male,67,67,0.05454376673687373,2,1,Research Scientist,2,Married,3201,3201,-0.7013512325246561,0,19911,19911,0.786465983146564,0,0.0,-1.078137537747532,No,17,3,1,0,6,6.0,-0.6785426011840899,2,1,1.25,5,5,-0.32778177109816264,0.8333333333333334,3,3.0,-0.339278280066091,0,0.0,-0.6789146428573514,4,4.0,-0.03450800301867408
35,No,Travel_Frequently,1182,1182,0.9405346758333848,Sales,11,2,Marketing,4,Male,54,54,-0.5849233375034247,3,2,Sales Executive,4,Divorced,4968,4968,-0.326029180643691,0,18500,18500,0.5882301846471709,1,1.0,-0.6778187248056703,No,11,3,4,1,5,5.0,-0.8070643926659207,3,3,3.75,5,5,-0.32778177109816264,1.0,2,2.0,-0.6152821934957711,0,0.0,-0.6789146428573514,2,2.0,-0.5950247357715714
49,No,Travel_Rarely,174,174,-1.557550253351238,Sales,8,4,Technical Degree,4,Male,56,56,-0.4865437830049173,2,4,Sales Executive,2,Married,13120,13120,1.4055075295620971,0,11879,11879,-0.3419747918691166,6,6.0,1.3237753399036383,No,17,3,2,1,22,22.0,1.3778060625252024,3,3,2.75,9,9,0.32511687874973727,0.4090909090909091,8,8.0,1.0407412870823096,2,2.0,-0.058265062621700905,3,3.0,-0.31476636939512276
34,No,Travel_Frequently,1003,1003,0.49692634019444876,Research & Development,2,2,Life Sciences,4,Male,95,95,1.4318575297159781,3,2,Manufacturing Director,3,Single,4033,4033,-0.524629134525243,0,15834,15834,0.21367551505157775,2,2.0,-0.27749991186380857,No,11,3,4,0,5,5.0,-0.8070643926659207,3,2,3.25,3,3,-0.6542310960221126,0.6,2,2.0,-0.6152821934957711,0,0.0,-0.6789146428573514,2,2.0,-0.5950247357715714
29,No,Travel_Frequently,490,490,-0.7744204541227254,Research & Development,10,3,Life Sciences,4,Female,61,61,-0.24059489675864865,3,1,Research Scientist,2,Divorced,3291,3291,-0.682234659423758,0,17940,17940,0.5095540349946832,0,0.0,-1.078137537747532,No,14,3,4,2,8,8.0,-0.42149901822042835,2,2,3.0,7,7,-0.0013324461742127045,0.875,5,5.0,0.21272954679326922,1,1.0,-0.3685898527395261,1,1.0,-0.8752831021480201
42,No,Travel_Rarely,188,188,-1.5228546293347849,Research & Development,29,3,Medical,2,Male,56,56,-0.4865437830049173,1,2,Laboratory Technician,4,Single,4272,4272,-0.47386401262396927,0,9558,9558,-0.6680593335538022,4,4.0,0.5231377140199149,No,19,3,1,0,16,16.0,0.6066753136342179,3,3,2.5,1,1,-0.9806804209460626,0.0625,0,0.0,-1.1672900203551313,0,0.0,-0.6789146428573514,0,0.0,-1.1555414685244687
29,No,Travel_Rarely,718,718,-0.20937743442620355,Research & Development,8,1,Medical,2,Male,79,79,0.6448210937279185,2,2,Manufacturing Director,4,Married,5056,5056,-0.30733742027836847,0,17689,17689,0.47429026077544323,1,1.0,-0.6778187248056703,Yes,15,3,3,1,10,10.0,-0.16445543525676679,2,2,2.75,10,10,0.48834154121171225,1.0,7,7.0,0.7647373736526294,1,1.0,-0.3685898527395261,2,2.0,-0.5950247357715714
38,No,Travel_Rarely,433,433,-0.9156812090468558,Human Resources,1,3,Human Resources,3,Male,37,37,-1.4211495507407381,4,1,Human Resources,3,Married,2844,2844,-0.7771803058248851,0,6004,6004,-1.1673718975983403,1,1.0,-0.6778187248056703,No,13,3,4,1,7,7.0,-0.5500208097022591,2,4,3.5,7,7,-0.0013324461742127045,1.0,6,6.0,0.48873346022294933,5,5.0,0.8727093077317748,0,0.0,-1.1555414685244687
28,No,Travel_Frequently,773,773,-0.07307319721870924,Research & Development,6,3,Life Sciences,3,Male,39,39,-1.3227699962422308,2,1,Research Scientist,3,Divorced,2703,2703,-0.8071296036829587,0,22088,22088,1.09231951492061,1,1.0,-0.6778187248056703,Yes,14,3,4,1,3,3.0,-1.0641079756295821,2,3,3.25,3,3,-0.6542310960221126,1.0,1,1.0,-0.8912861069254512,0,0.0,-0.6789146428573514,2,2.0,-0.5950247357715714
18,Yes,Non-Travel,247,247,-1.3766373566940184,Research & Development,8,1,Medical,3,Male,80,80,0.6940108709771722,3,1,Laboratory Technician,3,Single,1904,1904,-0.9768422915453758,0,13556,13556,-0.10636782228479183,1,1.0,-0.6778187248056703,No,12,3,4,0,0,0.0,-1.4496733500750745,0,3,3.25,0,0,-1.1439050834080375,0.0,0,0.0,-1.1672900203551313,0,0.0,-0.6789146428573514,0,0.0,-1.1555414685244687
33,Yes,Travel_Rarely,603,603,-0.49437720313278255,Sales,9,4,Marketing,1,Female,77,77,0.5464415392294111,3,2,Sales Executive,1,Single,8224,8224,0.36556595287324306,0,18385,18385,0.5720734753435351,0,0.0,-1.078137537747532,Yes,17,3,1,0,6,6.0,-0.6785426011840899,3,3,1.5,5,5,-0.32778177109816264,0.8333333333333334,2,2.0,-0.6152821934957711,0,0.0,-0.6789146428573514,3,3.0,-0.31476636939512276
41,No,Travel_Rarely,167,167,-1.5748980653594646,Research & Development,12,4,Life Sciences,2,Male,46,46,-0.9784415554974546,3,1,Laboratory Technician,4,Married,4766,4766,-0.3689352669368177,0,9051,9051,-0.7392893476141794,3,3.0,0.12281890107805317,Yes,11,3,1,1,6,6.0,-0.6785426011840899,4,3,2.5,1,1,-0.9806804209460626,0.16666666666666666,0,0.0,-1.1672900203551313,0,0.0,-0.6789146428573514,0,0.0,-1.1555414685244687
31,Yes,Travel_Frequently,874,874,0.17723094747141666,Research & Development,15,3,Medical,3,Male,72,72,0.30049265298314237,3,1,Laboratory Technician,3,Married,2610,2610,-0.82688339588722,0,6233,6233,-1.1351989721154478,1,1.0,-0.6778187248056703,No,12,3,3,1,2,2.0,-1.192629767111413,5,2,2.75,2,2,-0.8174557584840876,1.0,2,2.0,-0.6152821934957711,2,2.0,-0.058265062621700905,2,2.0,-0.5950247357715714
37,No,Travel_Rarely,367,367,-1.079246293695849,Research & Development,25,2,Medical,3,Female,52,52,-0.6833028920019322,2,2,Healthcare Representative,4,Divorced,5731,5731,-0.16396312202163305,0,17171,17171,0.4015148223468921,7,7.0,1.7240941528455003,No,13,3,3,2,9,9.0,-0.29297722673859755,2,3,3.25,6,6,-0.1645571086361877,0.6666666666666666,2,2.0,-0.6152821934957711,1,1.0,-0.3685898527395261,3,3.0,-0.31476636939512276
27,No,Travel_Rarely,199,199,-1.495593781893286,Research & Development,6,3,Life Sciences,4,Male,55,55,-0.5357335602541711,2,1,Research Scientist,3,Married,2539,2539,-0.8419642480001507,0,7950,7950,-0.8939722775559454,1,1.0,-0.6778187248056703,No,13,3,3,1,4,4.0,-0.9355861841477514,0,3,3.25,4,4,-0.4910064335601377,1.0,2,2.0,-0.6152821934957711,2,2.0,-0.058265062621700905,2,2.0,-0.5950247357715714
34,No,Travel_Rarely,1400,1400,1.4807951069467258,Sales,9,1,Life Sciences,2,Female,70,70,0.20211309848463493,3,2,Sales Executive,3,Married,5714,5714,-0.1675740302740249,0,5829,5829,-1.1919581943647426,1,1.0,-0.6778187248056703,No,20,4,1,0,6,6.0,-0.6785426011840899,3,2,2.0,6,6,-0.1645571086361877,1.0,5,5.0,0.21272954679326922,1,1.0,-0.3685898527395261,3,3.0,-0.31476636939512276
35,No,Travel_Rarely,528,528,-0.6802466175066384,Human Resources,8,4,Technical Degree,3,Male,100,100,1.6778064159622468,3,1,Human Resources,3,Single,4323,4323,-0.4630312878667937,0,7108,7108,-1.012267488283436,1,1.0,-0.6778187248056703,No,17,3,2,0,6,6.0,-0.6785426011840899,2,1,2.25,5,5,-0.32778177109816264,0.8333333333333334,4,4.0,-0.06327436663641088,1,1.0,-0.3685898527395261,4,4.0,-0.03450800301867408
29,Yes,Travel_Rarely,408,408,-0.9776376805048078,Sales,23,1,Life Sciences,4,Female,45,45,-1.0276313327467084,2,3,Sales Executive,1,Married,7336,7336,0.17694909827771557,0,11162,11162,-0.44270836204917674,1,1.0,-0.6778187248056703,No,13,3,1,1,11,11.0,-0.035933643774936005,3,1,1.75,11,11,0.6515662036736872,1.0,8,8.0,1.0407412870823096,3,3.0,0.2520597274961243,10,10.0,1.6470421952400178
40,No,Travel_Frequently,593,593,-0.5191597917159633,Research & Development,9,4,Medical,2,Female,88,88,1.0875290889712022,3,3,Research Director,3,Single,13499,13499,1.4860095429536568,0,13782,13782,-0.07461637617503787,9,8.5,2.324572372258293,No,17,3,3,0,20,20.0,1.120762479561541,3,2,2.5,18,18,1.794138840907512,0.9,7,7.0,0.7647373736526294,2,2.0,-0.058265062621700905,13,13.0,2.4878172943693637
42,Yes,Travel_Frequently,481,481,-0.796724783847588,Sales,12,3,Life Sciences,3,Male,44,44,-1.0768211099959621,3,4,Sales Executive,1,Single,13758,13758,1.5410227922106856,0,2447,2447,-1.6671059410160165,0,0.0,-1.078137537747532,Yes,12,3,2,0,22,22.0,1.3778060625252024,2,2,2.0,21,18,1.794138840907512,0.9545454545454546,9,9.0,1.3167452005119897,13,7.5,1.6485212830263376,14,14.0,2.7680756607458123
42,No,Travel_Rarely,647,647,-0.38533381336678707,Sales,4,4,Marketing,2,Male,45,45,-1.0276313327467084,3,2,Sales Executive,1,Single,5155,5155,-0.2863091898673806,0,2253,2253,-1.6943616071456282,7,7.0,1.7240941528455003,No,13,3,4,0,9,9.0,-0.29297722673859755,3,4,2.75,6,6,-0.1645571086361877,0.6666666666666666,4,4.0,-0.06327436663641088,1,1.0,-0.3685898527395261,5,5.0,0.2457503633577746
35,No,Travel_Rarely,982,982,0.4448829041697691,Research & Development,1,4,Medical,4,Male,58,58,-0.38816422850640986,2,1,Laboratory Technician,3,Married,2258,2258,-0.9016504373485101,0,16340,16340,0.2847650359875756,6,6.0,1.3237753399036383,No,12,3,2,1,10,10.0,-0.16445543525676679,2,3,3.0,8,8,0.1618922162877623,0.8,0,0.0,-1.1672900203551313,1,1.0,-0.3685898527395261,7,7.0,0.8062670961106719
24,No,Travel_Rarely,477,477,-0.8066378192808604,Research & Development,24,3,Medical,4,Male,49,49,-0.8308722237496934,3,1,Laboratory Technician,2,Single,3597,3597,-0.6172383108807047,0,6409,6409,-1.1104721822246661,8,8.0,2.124412965787362,No,22,4,4,0,6,6.0,-0.6785426011840899,2,3,3.25,4,4,-0.4910064335601377,0.6666666666666666,3,3.0,-0.339278280066091,1,1.0,-0.3685898527395261,2,2.0,-0.5950247357715714
28,Yes,Travel_Rarely,1485,1485,1.6914471099037625,Research & Development,12,1,Life Sciences,3,Female,79,79,0.6448210937279185,3,1,Laboratory Technician,4,Married,2515,2515,-0.8470620008270568,0,22955,22955,1.2141270537575866,1,1.0,-0.6778187248056703,Yes,11,3,4,0,1,1.0,-1.3211515585932438,4,2,3.25,1,1,-0.9806804209460626,1.0,1,1.0,-0.8912861069254512,0,0.0,-0.6789146428573514,0,0.0,-1.1555414685244687
26,No,Travel_Rarely,1384,1384,1.4411429652136365,Research & Development,3,4,Medical,1,Male,82,82,0.7923904254756797,4,1,Laboratory Technician,4,Married,4420,4420,-0.44242787019138136,0,13421,13421,-0.12533439407601654,1,1.0,-0.6778187248056703,No,22,4,2,1,8,8.0,-0.42149901822042835,2,3,2.5,8,8,0.1618922162877623,1.0,7,7.0,0.7647373736526294,0,0.0,-0.6789146428573514,7,7.0,0.8062670961106719
30,No,Travel_Rarely,852,852,0.12270925258841894,Sales,10,3,Marketing,3,Male,72,72,0.30049265298314237,2,2,Sales Executive,3,Married,6578,6578,0.015945071494596407,0,2706,2706,-1.6307182218017409,1,1.0,-0.6778187248056703,No,18,3,1,1,10,10.0,-0.16445543525676679,3,3,2.5,10,10,0.48834154121171225,1.0,3,3.0,-0.339278280066091,1,1.0,-0.3685898527395261,4,4.0,-0.03450800301867408
40,No,Travel_Frequently,902,902,0.24662219550432285,Research & Development,26,2,Medical,3,Female,92,92,1.284288197968217,2,2,Research Scientist,4,Married,4422,4422,-0.44200305745580587,0,21203,21203,0.9679830998448036,3,3.0,0.12281890107805317,Yes,13,3,4,1,16,16.0,0.6066753136342179,3,1,3.0,1,1,-0.9806804209460626,0.0625,1,1.0,-0.8912861069254512,0,0.0,-0.6789146428573514,0,0.0,-1.1555414685244687
35,No,Travel_Rarely,819,819,0.04092671026392236,Research & Development,2,3,Life Sciences,3,Male,44,44,-1.0768211099959621,2,3,Manufacturing Director,2,Divorced,10274,10274,0.8009990068381432,0,19588,19588,0.7410867039720042,2,2.0,-0.27749991186380857,No,18,3,2,1,15,15.0,0.4781535221523871,2,4,2.75,7,7,-0.0013324461742127045,0.4666666666666667,7,7.0,0.7647373736526294,6,6.0,1.1830340978496,4,4.0,-0.03450800301867408
34,No,Travel_Frequently,669,669,-0.3308121184837894,Research & Development,1,3,Medical,4,Male,97,97,1.5302370842144857,2,2,Healthcare Representative,1,Single,5343,5343,-0.24637679272328245,0,25755,25755,1.6075078020200249,0,0.0,-1.078137537747532,No,20,4,3,0,14,14.0,0.3496317306705563,3,3,2.75,13,13,0.9780155285976372,0.9285714285714286,9,9.0,1.3167452005119897,4,4.0,0.5623845176139496,9,9.0,1.3667838288635692
35,No,Travel_Frequently,636,636,-0.41259466080828594,Research & Development,4,4,Other,4,Male,47,47,-0.9292517782482008,2,1,Laboratory Technician,4,Married,2376,2376,-0.8765864859495549,0,26537,26537,1.7173734252847488,1,1.0,-0.6778187248056703,No,13,3,2,1,2,2.0,-1.192629767111413,2,4,3.5,2,2,-0.8174557584840876,1.0,2,2.0,-0.6152821934957711,2,2.0,-0.058265062621700905,2,2.0,-0.5950247357715714
43,Yes,Travel_Rarely,1372,1372,1.4114038589138196,Sales,9,3,Marketing,1,Female,85,85,0.9399597572234408,1,2,Sales Executive,3,Single,5346,5346,-0.24573957361991916,0,9489,9489,-0.6777533591359837,8,8.0,2.124412965787362,No,13,3,2,0,7,7.0,-0.5500208097022591,2,2,2.0,4,4,-0.4910064335601377,0.5714285714285714,3,3.0,-0.339278280066091,1,1.0,-0.3685898527395261,3,3.0,-0.31476636939512276
32,No,Non-Travel,862,862,0.14749184117159972,Sales,2,1,Life Sciences,3,Female,76,76,0.4972517619801573,3,1,Sales Representative,1,Divorced,2827,2827,-0.7807912140772769,0,14947,14947,0.08905811372701243,1,1.0,-0.6778187248056703,No,12,3,3,3,1,1.0,-1.3211515585932438,3,3,2.5,1,1,-0.9806804209460626,1.0,0,0.0,-1.1672900203551313,0,0.0,-0.6789146428573514,0,0.0,-1.1555414685244687
56,No,Travel_Rarely,718,718,-0.20937743442620355,Research & Development,4,4,Technical Degree,4,Female,92,92,1.284288197968217,3,5,Manager,1,Divorced,19943,16581,2.140645968475521,1,18575,18575,0.5987671689756291,4,4.0,0.5231377140199149,No,13,3,4,1,28,28.0,2.1489368114161875,2,3,3.0,5,5,-0.32778177109816264,0.17857142857142858,2,2.0,-0.6152821934957711,4,4.0,0.5623845176139496,2,2.0,-0.5950247357715714
29,No,Travel_Rarely,1401,1401,1.4832733658050439,Research & Development,6,1,Medical,2,Female,54,54,-0.5849233375034247,3,1,Laboratory Technician,4,Married,3131,3131,-0.716219678269799,0,26342,26342,1.6899772660307575,1,1.0,-0.6778187248056703,No,13,3,1,1,10,10.0,-0.16445543525676679,5,3,2.5,10,10,0.48834154121171225,1.0,8,8.0,1.0407412870823096,0,0.0,-0.6789146428573514,8,8.0,1.0865254624871206
19,No,Travel_Rarely,645,645,-0.39029033108342326,Research & Development,9,2,Life Sciences,3,Male,54,54,-0.5849233375034247,3,1,Research Scientist,1,Single,2552,2552,-0.8392029652189099,0,7172,7172,-1.0032759283231516,1,1.0,-0.6778187248056703,No,25,4,3,0,1,1.0,-1.3211515585932438,4,3,2.5,1,1,-0.9806804209460626,1.0,1,1.0,-0.8912861069254512,0,0.0,-0.6789146428573514,0,0.0,-1.1555414685244687
45,No,Travel_Rarely,1457,1457,1.6220558618708563,Research & Development,7,3,Medical,1,Female,83,83,0.8415802027249334,3,1,Research Scientist,3,Married,4477,4477,-0.4303207072274793,0,20100,20100,0.8130191836542786,4,4.0,0.5231377140199149,Yes,19,3,3,1,7,7.0,-0.5500208097022591,2,2,2.25,3,3,-0.6542310960221126,0.42857142857142855,2,2.0,-0.6152821934957711,0,0.0,-0.6789146428573514,2,2.0,-0.5950247357715714
37,No,Travel_Rarely,977,977,0.4324916098781787,Research & Development,1,3,Life Sciences,4,Female,56,56,-0.4865437830049173,2,2,Manufacturing Director,4,Married,6474,6474,-0.006145190755330232,0,9961,9961,-0.6114406044288869,1,1.0,-0.6778187248056703,No,13,3,2,1,14,14.0,0.3496317306705563,2,2,3.0,14,14,1.1412401910596122,1.0,8,8.0,1.0407412870823096,3,3.0,0.2520597274961243,11,11.0,1.9273005616164665
20,No,Travel_Rarely,805,805,0.006231086247469264,Research & Development,3,3,Life Sciences,1,Male,87,87,1.0383393117219484,2,1,Laboratory Technician,3,Single,3033,3033,-0.7370355023129992,0,12828,12828,-0.20864681683302583,1,1.0,-0.6778187248056703,No,12,3,1,0,2,2.0,-1.192629767111413,2,2,1.75,2,2,-0.8174557584840876,1.0,2,2.0,-0.6152821934957711,1,1.0,-0.3685898527395261,2,2.0,-0.5950247357715714
44,Yes,Travel_Rarely,1097,1097,0.7298826728763481,Research & Development,10,4,Life Sciences,3,Male,96,96,1.481047306965232,3,1,Research Scientist,3,Single,2936,2936,-0.7576389199884115,0,10826,10826,-0.48991405184066933,1,1.0,-0.6778187248056703,Yes,11,3,3,0,6,6.0,-0.6785426011840899,4,3,3.0,6,6,-0.1645571086361877,1.0,4,4.0,-0.06327436663641088,0,0.0,-0.6789146428573514,2,2.0,-0.5950247357715714
53,No,Travel_Rarely,1223,1223,1.042143289024426,Research & Development,7,2,Medical,4,Female,50,50,-0.7816824465004397,3,5,Manager,3,Divorced,18606,16581,2.140645968475521,1,18640,18640,0.6078992220602929,3,3.0,0.12281890107805317,No,18,3,2,1,26,26.0,1.8918932284525256,6,3,3.0,7,7,-0.0013324461742127045,0.2692307692307692,7,7.0,0.7647373736526294,4,4.0,0.5623845176139496,7,7.0,0.8062670961106719
29,No,Travel_Rarely,942,942,0.34575254983704595,Research & Development,15,1,Life Sciences,2,Female,69,69,0.1529233212353812,1,1,Research Scientist,4,Married,2168,2168,-0.9207670104494082,0,26933,26933,1.773008702539008,0,0.0,-1.078137537747532,Yes,18,3,1,1,6,6.0,-0.6785426011840899,2,2,2.25,5,5,-0.32778177109816264,0.8333333333333334,4,4.0,-0.06327436663641088,1,1.0,-0.3685898527395261,3,3.0,-0.31476636939512276
22,Yes,Travel_Frequently,1256,1256,1.1239258313489224,Research & Development,3,4,Life Sciences,3,Male,48,48,-0.8800620009989472,2,1,Research Scientist,4,Married,2853,2853,-0.7752686485147953,0,4223,4223,-1.417590152118127,0,0.0,-1.078137537747532,Yes,11,3,2,1,1,1.0,-1.3211515585932438,5,3,3.0,0,0,-1.1439050834080375,0.0,0,0.0,-1.1672900203551313,0,0.0,-0.6789146428573514,0,0.0,-1.1555414685244687
46,No,Travel_Rarely,1402,1402,1.485751624663362,Sales,2,3,Marketing,3,Female,69,69,0.1529233212353812,3,4,Manager,1,Married,17048,16581,2.140645968475521,1,24097,24097,1.3745702017989097,8,8.0,2.124412965787362,No,23,4,1,0,28,28.0,2.1489368114161875,2,3,2.0,26,18,1.794138840907512,0.9285714285714286,15,14.5,2.8347667243752306,15,7.5,1.6485212830263376,9,9.0,1.3667838288635692
44,No,Non-Travel,111,111,-1.713680561425277,Research & Development,17,3,Life Sciences,4,Male,74,74,0.39887220748164987,1,1,Research Scientist,3,Single,2290,2290,-0.894853433579302,0,4279,4279,-1.409722537152878,2,2.0,-0.27749991186380857,No,13,3,4,0,6,6.0,-0.6785426011840899,3,3,3.5,0,0,-1.1439050834080375,0.0,0,0.0,-1.1672900203551313,0,0.0,-0.6789146428573514,0,0.0,-1.1555414685244687
33,No,Travel_Rarely,147,147,-1.6244632425258263,Human Resources,2,3,Human Resources,2,Male,99,99,1.628616638712993,3,1,Human Resources,3,Married,3600,3600,-0.6166010917773415,0,8429,8429,-0.8266760709781926,1,1.0,-0.6778187248056703,No,13,3,4,1,5,5.0,-0.8070643926659207,2,3,3.0,5,5,-0.32778177109816264,1.0,4,4.0,-0.06327436663641088,1,1.0,-0.3685898527395261,4,4.0,-0.03450800301867408
41,Yes,Non-Travel,906,906,0.25653523093759517,Research & Development,5,2,Life Sciences,1,Male,95,95,1.4318575297159781,2,1,Research Scientist,1,Divorced,2107,2107,-0.9337237988844613,0,20293,20293,0.840134356659511,6,6.0,1.3237753399036383,No,17,3,1,1,5,5.0,-0.8070643926659207,2,1,1.0,1,1,-0.9806804209460626,0.2,0,0.0,-1.1672900203551313,0,0.0,-0.6789146428573514,0,0.0,-1.1555414685244687
30,No,Travel_Rarely,1329,1329,1.3048387280061422,Sales,29,4,Life Sciences,3,Male,61,61,-0.24059489675864865,3,2,Sales Executive,1,Divorced,4115,4115,-0.507211812366647,0,13192,13192,-0.15750731955890884,8,8.0,2.124412965787362,No,19,3,3,3,8,8.0,-0.42149901822042835,3,3,2.5,4,4,-0.4910064335601377,0.5,3,3.0,-0.339278280066091,0,0.0,-0.6789146428573514,3,3.0,-0.31476636939512276
40,No,Travel_Frequently,1184,1184,0.9454911935500209,Sales,2,4,Medical,2,Male,62,62,-0.19140511950939493,3,2,Sales Executive,2,Married,4327,4327,-0.4621816623956427,0,25440,25440,1.5632524678405006,5,5.0,0.9234565269617766,No,12,3,4,3,5,5.0,-0.8070643926659207,2,3,2.75,0,0,-1.1439050834080375,0.0,0,0.0,-1.1672900203551313,0,0.0,-0.6789146428573514,0,0.0,-1.1555414685244687
50,No,Travel_Frequently,1421,1421,1.5328385429714055,Research & Development,2,3,Medical,4,Female,30,30,-1.7654779914855143,3,4,Manager,1,Married,17856,16581,2.140645968475521,1,9490,9490,-0.6776128660116043,2,2.0,-0.27749991186380857,No,22,4,3,1,32,28.5,2.2131977071571027,3,3,2.75,2,2,-0.8174557584840876,0.0625,2,2.0,-0.6152821934957711,2,2.0,-0.058265062621700905,2,2.0,-0.5950247357715714
28,No,Travel_Rarely,1179,1179,0.9330998992584305,Research & Development,19,4,Medical,4,Male,78,78,0.5956313164786647,2,1,Laboratory Technician,1,Married,3196,3196,-0.7024132643635949,0,12449,12449,-0.2618937109728345,1,1.0,-0.6778187248056703,No,12,3,3,3,6,6.0,-0.6785426011840899,2,3,2.75,6,6,-0.1645571086361877,1.0,5,5.0,0.21272954679326922,3,3.0,0.2520597274961243,3,3.0,-0.31476636939512276
46,No,Travel_Rarely,1450,1450,1.6047080498626296,Research & Development,15,2,Life Sciences,4,Male,52,52,-0.6833028920019322,3,5,Research Director,2,Married,19081,16581,2.140645968475521,1,10849,10849,-0.4866827099799422,5,5.0,0.9234565269617766,No,11,3,1,1,25,25.0,1.7633714369706948,2,3,2.5,4,4,-0.4910064335601377,0.16,2,2.0,-0.6152821934957711,0,0.0,-0.6789146428573514,3,3.0,-0.31476636939512276
35,No,Travel_Rarely,1361,1361,1.3841430114723208,Sales,17,4,Life Sciences,3,Male,94,94,1.3826677524667244,3,2,Sales Executive,1,Married,8966,8966,0.5231714777717581,0,21026,21026,0.9431158168296423,3,3.0,0.12281890107805317,Yes,15,3,4,3,15,15.0,0.4781535221523871,2,3,2.75,7,7,-0.0013324461742127045,0.4666666666666667,7,7.0,0.7647373736526294,1,1.0,-0.3685898527395261,7,7.0,0.8062670961106719
24,Yes,Travel_Rarely,984,984,0.44983942188640524,Research & Development,17,2,Life Sciences,4,Female,97,97,1.5302370842144857,3,1,Laboratory Technician,2,Married,2210,2210,-0.9118459430023225,0,3372,3372,-1.5371498009650324,1,1.0,-0.6778187248056703,No,13,3,1,1,1,1.0,-1.3211515585932438,3,1,2.0,1,1,-0.9806804209460626,1.0,0,0.0,-1.1672900203551313,0,0.0,-0.6789146428573514,0,0.0,-1.1555414685244687
33,No,Travel_Frequently,1146,1146,0.851317356933934,Sales,25,3,Medical,2,Female,82,82,0.7923904254756797,3,2,Sales Executive,3,Married,4539,4539,-0.4171515124246384,0,4905,4905,-1.3217738412913473,1,1.0,-0.6778187248056703,No,12,3,1,1,10,10.0,-0.16445543525676679,3,2,2.0,10,10,0.48834154121171225,1.0,7,7.0,0.7647373736526294,0,0.0,-0.6789146428573514,1,1.0,-0.8752831021480201
36,No,Travel_Rarely,917,917,0.28379607837909404,Research & Development,6,4,Life Sciences,3,Male,60,60,-0.28978467400790237,1,1,Laboratory Technician,3,Divorced,2741,2741,-0.7990581617070239,0,6865,6865,-1.0464073175076403,1,1.0,-0.6778187248056703,No,14,3,3,1,7,7.0,-0.5500208097022591,4,3,3.0,7,7,-0.0013324461742127045,1.0,7,7.0,0.7647373736526294,1,1.0,-0.3685898527395261,7,7.0,0.8062670961106719
30,No,Travel_Rarely,853,853,0.125187511446737,Research & Development,7,4,Life Sciences,3,Male,49,49,-0.8308722237496934,3,2,Laboratory Technician,3,Divorced,3491,3491,-0.6397533858662068,0,11309,11309,-0.4220558727653987,1,1.0,-0.6778187248056703,No,13,3,1,3,10,10.0,-0.16445543525676679,4,2,2.25,10,10,0.48834154121171225,1.0,7,7.0,0.7647373736526294,8,7.5,1.6485212830263376,9,9.0,1.3667838288635692
44,No,Travel_Rarely,200,200,-1.493115523034968,Research & Development,29,4,Other,4,Male,32,32,-1.6670984369870068,3,2,Research Scientist,4,Single,4541,4541,-0.4167266996890629,0,7744,7744,-0.9229138611781106,1,1.0,-0.6778187248056703,No,25,4,2,0,20,20.0,1.120762479561541,3,3,3.25,20,18,1.794138840907512,1.0,11,11.0,1.8687530273713497,13,7.5,1.6485212830263376,17,14.5,2.908204843934037
20,No,Travel_Rarely,654,654,-0.3679860013585605,Sales,21,3,Marketing,3,Male,43,43,-1.1260108872452157,4,1,Sales Representative,4,Single,2678,2678,-0.8124397628776526,0,5050,5050,-1.3014023382563282,1,1.0,-0.6778187248056703,No,17,3,4,0,2,2.0,-1.192629767111413,2,3,3.5,2,2,-0.8174557584840876,1.0,1,1.0,-0.8912861069254512,2,2.0,-0.058265062621700905,2,2.0,-0.5950247357715714
46,No,Travel_Rarely,150,150,-1.617028465950872,Research & Development,2,4,Technical Degree,4,Male,60,60,-0.28978467400790237,3,2,Manufacturing Director,4,Divorced,7379,7379,0.18608257209258908,0,17433,17433,0.438324020934306,2,2.0,-0.27749991186380857,No,11,3,3,1,12,12.0,0.09258814770689477,3,2,3.25,6,6,-0.1645571086361877,0.5,3,3.0,-0.339278280066091,1,1.0,-0.3685898527395261,4,4.0,-0.03450800301867408
42,No,Non-Travel,179,179,-1.5451589590596477,Human Resources,2,5,Medical,4,Male,79,79,0.6448210937279185,4,2,Human Resources,1,Married,6272,6272,-0.04905127704845697,0,12858,12858,-0.20443202310164257,7,7.0,1.7240941528455003,No,16,3,1,1,10,10.0,-0.16445543525676679,3,4,2.5,4,4,-0.4910064335601377,0.4,3,3.0,-0.339278280066091,0,0.0,-0.6789146428573514,3,3.0,-0.31476636939512276
60,No,Travel_Rarely,696,696,-0.2638991293092013,Sales,7,4,Marketing,2,Male,52,52,-0.6833028920019322,4,2,Sales Executive,4,Divorced,5220,5220,-0.27250277596117645,0,10893,10893,-0.4805010125072467,0,0.0,-1.078137537747532,Yes,18,3,2,1,12,12.0,0.09258814770689477,3,3,2.75,11,11,0.6515662036736872,0.9166666666666666,7,7.0,0.7647373736526294,1,1.0,-0.3685898527395261,9,9.0,1.3667838288635692
32,No,Travel_Frequently,116,116,-1.7012892671336866,Research & Development,13,3,Other,3,Female,77,77,0.5464415392294111,2,1,Laboratory Technician,2,Married,2743,2743,-0.7986333489714484,0,7331,7331,-0.9809375215468202,1,1.0,-0.6778187248056703,No,20,4,3,1,2,2.0,-1.192629767111413,2,3,2.75,2,2,-0.8174557584840876,1.0,2,2.0,-0.6152821934957711,2,2.0,-0.058265062621700905,2,2.0,-0.5950247357715714
32,No,Travel_Frequently,1316,1316,1.2726213628480072,Research & Development,2,2,Life Sciences,4,Female,38,38,-1.3719597734914843,3,2,Research Scientist,3,Single,4998,4998,-0.31965698961005834,0,2338,2338,-1.6824196915733758,4,4.0,0.5231377140199149,Yes,14,3,4,0,10,10.0,-0.16445543525676679,2,3,3.5,8,8,0.1618922162877623,0.8,7,7.0,0.7647373736526294,0,0.0,-0.6789146428573514,7,7.0,0.8062670961106719
36,No,Travel_Rarely,363,363,-1.0891593291291213,Research & Development,1,3,Technical Degree,3,Female,77,77,0.5464415392294111,1,3,Manufacturing Director,1,Divorced,10252,10252,0.7963260667468125,0,4235,4235,-1.4159042346255737,2,2.0,-0.27749991186380857,Yes,21,4,3,1,17,17.0,0.7351971051160486,2,3,2.5,7,7,-0.0013324461742127045,0.4117647058823529,7,7.0,0.7647373736526294,7,7.0,1.493358887967425,7,7.0,0.8062670961106719
33,No,Travel_Rarely,117,117,-1.6988110082753685,Research & Development,9,3,Medical,1,Male,60,60,-0.28978467400790237,3,1,Research Scientist,4,Married,2781,2781,-0.7905619069955137,0,6311,6311,-1.1242405084138514,0,0.0,-1.078137537747532,No,13,3,2,1,15,15.0,0.4781535221523871,5,3,2.5,14,14,1.1412401910596122,0.9333333333333333,10,10.0,1.5927491139416698,4,4.0,0.5623845176139496,10,10.0,1.6470421952400178
40,No,Travel_Rarely,107,107,-1.7235935968585494,Sales,10,3,Technical Degree,2,Female,84,84,0.8907699799741872,2,2,Sales Executive,2,Divorced,6852,6852,0.07414441626844159,0,11591,11591,-0.38243681169039595,7,7.0,1.7240941528455003,No,12,3,2,1,7,7.0,-0.5500208097022591,2,4,2.5,5,5,-0.32778177109816264,0.7142857142857143,1,1.0,-0.8912861069254512,1,1.0,-0.3685898527395261,3,3.0,-0.31476636939512276
25,No,Travel_Rarely,1356,1356,1.3717517171807303,Sales,10,4,Life Sciences,3,Male,57,57,-0.4373540057556636,3,2,Sales Executive,4,Single,4950,4950,-0.3298524952638706,0,20623,20623,0.886497087704727,0,0.0,-1.078137537747532,No,14,3,2,0,5,5.0,-0.8070643926659207,4,3,3.0,4,4,-0.4910064335601377,0.8,3,3.0,-0.339278280066091,1,1.0,-0.3685898527395261,1,1.0,-0.8752831021480201
30,No,Travel_Rarely,1465,1465,1.6418819327374008,Research & Development,1,3,Medical,4,Male,63,63,-0.14221534226014118,3,1,Research Scientist,2,Married,3579,3579,-0.6210616255008843,0,9369,9369,-0.6946125340615168,0,0.0,-1.078137537747532,Yes,21,4,1,1,12,12.0,0.09258814770689477,2,3,2.5,11,11,0.6515662036736872,0.9166666666666666,9,9.0,1.3167452005119897,5,5.0,0.8727093077317748,7,7.0,0.8062670961106719
42,No,Travel_Frequently,458,458,-0.8537247375889039,Research & Development,26,5,Medical,1,Female,60,60,-0.28978467400790237,3,3,Research Director,1,Married,13191,13191,1.4205883816750278,0,23281,23281,1.2599278123052846,3,3.0,0.12281890107805317,Yes,17,3,3,0,20,20.0,1.120762479561541,6,3,2.0,1,1,-0.9806804209460626,0.05,0,0.0,-1.1672900203551313,0,0.0,-0.6789146428573514,0,0.0,-1.1555414685244687
35,No,Non-Travel,1212,1212,1.0148824415829272,Sales,8,2,Marketing,3,Female,78,78,0.5956313164786647,2,3,Sales Executive,4,Married,10377,10377,0.822876862720282,0,13755,13755,-0.07840969053328281,4,4.0,0.5231377140199149,Yes,11,3,2,1,16,16.0,0.6066753136342179,6,2,2.75,13,13,0.9780155285976372,0.8125,2,2.0,-0.6152821934957711,4,4.0,0.5623845176139496,12,12.0,2.207558927992915
27,No,Travel_Rarely,1103,1103,0.7447522260262566,Research & Development,14,3,Life Sciences,1,Male,42,42,-1.1752006644944695,3,1,Research Scientist,1,Married,2235,2235,-0.9065357838076286,0,14377,14377,0.008977032830730307,1,1.0,-0.6778187248056703,Yes,14,3,4,2,9,9.0,-0.29297722673859755,3,2,2.0,9,9,0.32511687874973727,1.0,7,7.0,0.7647373736526294,6,6.0,1.1830340978496,8,8.0,1.0865254624871206
54,No,Travel_Frequently,966,966,0.4052307624366799,Research & Development,1,4,Life Sciences,4,Female,53,53,-0.6341131147526785,3,3,Manufacturing Director,3,Divorced,10502,10502,0.8494276586937516,0,9659,9659,-0.6538695279914786,7,7.0,1.7240941528455003,No,17,3,1,1,33,28.5,2.2131977071571027,2,1,2.25,5,5,-0.32778177109816264,0.15151515151515152,4,4.0,-0.06327436663641088,1,1.0,-0.3685898527395261,4,4.0,-0.03450800301867408
44,No,Travel_Rarely,1117,1117,0.7794478500427097,Research & Development,2,1,Life Sciences,1,Female,72,72,0.30049265298314237,4,1,Research Scientist,4,Married,2011,2011,-0.9541148101920859,0,19982,19982,0.7964409949775044,1,1.0,-0.6778187248056703,No,13,3,4,1,10,10.0,-0.16445543525676679,5,3,3.0,10,10,0.48834154121171225,1.0,5,5.0,0.21272954679326922,7,7.0,1.493358887967425,7,7.0,0.8062670961106719
19,Yes,Non-Travel,504,504,-0.7397248301062723,Research & Development,10,3,Medical,1,Female,96,96,1.481047306965232,2,1,Research Scientist,2,Single,1859,1859,-0.9864005780958248,0,6148,6148,-1.1471408876877005,1,1.0,-0.6778187248056703,Yes,25,4,2,0,1,1.0,-1.3211515585932438,2,4,2.25,1,1,-0.9806804209460626,1.0,1,1.0,-0.8912861069254512,0,0.0,-0.6789146428573514,0,0.0,-1.1555414685244687
29,No,Travel_Rarely,1010,1010,0.5142741522026752,Research & Development,1,3,Life Sciences,1,Female,97,97,1.5302370842144857,3,1,Research Scientist,4,Divorced,3760,3760,-0.5826160729313005,0,5598,5598,-1.2244121060963937,1,1.0,-0.6778187248056703,No,15,3,1,3,3,3.0,-1.0641079756295821,5,3,2.25,3,3,-0.6542310960221126,1.0,2,2.0,-0.6152821934957711,1,1.0,-0.3685898527395261,2,2.0,-0.5950247357715714
54,No,Travel_Rarely,685,685,-0.2911599767507001,Research & Development,3,3,Life Sciences,4,Male,85,85,0.9399597572234408,3,4,Research Director,4,Married,17779,16581,2.140645968475521,1,23474,23474,1.287042985310517,3,3.0,0.12281890107805317,No,14,3,1,0,36,28.5,2.2131977071571027,2,3,3.0,10,10,0.48834154121171225,0.2777777777777778,9,9.0,1.3167452005119897,0,0.0,-0.6789146428573514,9,9.0,1.3667838288635692
31,No,Travel_Rarely,1332,1332,1.3122735045810965,Research & Development,11,2,Medical,3,Male,80,80,0.6940108709771722,3,2,Healthcare Representative,1,Married,6833,6833,0.07010869528047423,0,17089,17089,0.38999438614777787,1,1.0,-0.6778187248056703,Yes,12,3,4,0,6,6.0,-0.6785426011840899,2,2,2.5,6,6,-0.1645571086361877,1.0,5,5.0,0.21272954679326922,0,0.0,-0.6789146428573514,1,1.0,-0.8752831021480201
31,No,Travel_Rarely,1062,1062,0.6431436128352154,Research & Development,24,3,Medical,3,Female,96,96,1.481047306965232,2,2,Healthcare Representative,1,Single,6812,6812,0.06564816155693134,0,17198,17198,0.40530813670513705,1,1.0,-0.6778187248056703,No,19,3,2,0,10,10.0,-0.16445543525676679,2,3,2.25,10,10,0.48834154121171225,1.0,9,9.0,1.3167452005119897,1,1.0,-0.3685898527395261,8,8.0,1.0865254624871206
59,No,Travel_Rarely,326,326,-1.18085490688689,Sales,3,3,Life Sciences,3,Female,48,48,-0.8800620009989472,2,2,Sales Executive,4,Single,5171,5171,-0.2829106879827765,0,16490,16490,0.30583900464449193,5,5.0,0.9234565269617766,No,17,3,4,0,13,13.0,0.22110993918872554,2,3,3.5,6,6,-0.1645571086361877,0.46153846153846156,1,1.0,-0.8912861069254512,0,0.0,-0.6789146428573514,5,5.0,0.2457503633577746
43,No,Travel_Rarely,920,920,0.29123085495404827,Research & Development,3,3,Life Sciences,3,Male,96,96,1.481047306965232,1,5,Research Director,4,Married,19740,16581,2.140645968475521,1,18625,18625,0.6057918251946013,3,3.0,0.12281890107805317,No,14,3,2,1,25,25.0,1.7633714369706948,2,3,3.0,8,8,0.1618922162877623,0.32,7,7.0,0.7647373736526294,0,0.0,-0.6789146428573514,7,7.0,0.8062670961106719
49,No,Travel_Rarely,1098,1098,0.7323609317346662,Research & Development,4,2,Medical,1,Male,85,85,0.9399597572234408,2,5,Manager,3,Married,18711,16581,2.140645968475521,1,12124,12124,-0.30755397639615323,2,2.0,-0.27749991186380857,No,13,3,3,1,23,23.0,1.5063278540070333,2,4,2.75,1,1,-0.9806804209460626,0.043478260869565216,0,0.0,-1.1672900203551313,0,0.0,-0.6789146428573514,0,0.0,-1.1555414685244687
36,No,Travel_Frequently,469,469,-0.8264638901474051,Research & Development,3,3,Technical Degree,3,Male,46,46,-0.9784415554974546,3,1,Research Scientist,2,Married,3692,3692,-0.5970597059408679,0,9256,9256,-0.7104882571163937,1,1.0,-0.6778187248056703,No,12,3,3,0,12,12.0,0.09258814770689477,2,2,2.5,11,11,0.6515662036736872,0.9166666666666666,10,10.0,1.5927491139416698,0,0.0,-0.6789146428573514,7,7.0,0.8062670961106719
48,No,Travel_Rarely,969,969,0.4126655390116341,Research & Development,2,2,Technical Degree,4,Male,76,76,0.4972517619801573,4,1,Laboratory Technician,2,Single,2559,2559,-0.8377161206443956,0,16620,16620,0.32410311081381943,5,5.0,0.9234565269617766,No,11,3,3,0,7,7.0,-0.5500208097022591,4,2,2.75,1,1,-0.9806804209460626,0.14285714285714285,0,0.0,-1.1672900203551313,0,0.0,-0.6789146428573514,0,0.0,-1.1555414685244687
27,No,Travel_Rarely,1167,1167,0.9033607929586136,Research & Development,4,2,Life Sciences,1,Male,76,76,0.4972517619801573,3,1,Research Scientist,3,Divorced,2517,2517,-0.8466371880914814,0,3208,3208,-1.560190673363261,1,1.0,-0.6778187248056703,No,11,3,2,3,5,5.0,-0.8070643926659207,2,3,2.25,5,5,-0.32778177109816264,1.0,3,3.0,-0.339278280066091,0,0.0,-0.6789146428573514,3,3.0,-0.31476636939512276
29,No,Travel_Rarely,1329,1329,1.3048387280061422,Research & Development,7,3,Life Sciences,3,Male,82,82,0.7923904254756797,3,2,Healthcare Representative,4,Divorced,6623,6623,0.025503358045045433,0,4204,4204,-1.4202595214813363,1,1.0,-0.6778187248056703,Yes,11,3,2,2,6,6.0,-0.6785426011840899,2,3,3.0,6,6,-0.1645571086361877,1.0,0,0.0,-1.1672900203551313,1,1.0,-0.3685898527395261,0,0.0,-1.1555414685244687
48,No,Travel_Rarely,715,715,-0.21681221100115777,Research & Development,1,3,Life Sciences,4,Male,76,76,0.4972517619801573,2,5,Research Director,4,Single,18265,16581,2.140645968475521,1,8733,8733,-0.7839661611668421,6,6.0,1.3237753399036383,No,12,3,3,0,25,25.0,1.7633714369706948,3,4,3.75,1,1,-0.9806804209460626,0.04,0,0.0,-1.1672900203551313,0,0.0,-0.6789146428573514,0,0.0,-1.1555414685244687
29,No,Travel_Rarely,694,694,-0.2688556470258374,Research & Development,1,3,Life Sciences,4,Female,87,87,1.0383393117219484,2,4,Research Director,4,Divorced,16124,16124,2.0435762583965165,0,3423,3423,-1.5299846516216808,3,3.0,0.12281890107805317,No,14,3,2,2,9,9.0,-0.29297722673859755,2,2,3.0,7,7,-0.0013324461742127045,0.7777777777777778,7,7.0,0.7647373736526294,1,1.0,-0.3685898527395261,7,7.0,0.8062670961106719
34,No,Travel_Rarely,1320,1320,1.2825343982812796,Research & Development,20,3,Technical Degree,3,Female,89,89,1.1367188662204557,4,1,Research Scientist,3,Married,2585,2585,-0.832193555081914,0,21643,21643,1.0298000745717582,0,0.0,-1.078137537747532,No,17,3,4,0,2,2.0,-1.192629767111413,5,2,3.0,1,1,-0.9806804209460626,0.5,0,0.0,-1.1672900203551313,0,0.0,-0.6789146428573514,0,0.0,-1.1555414685244687
44,No,Travel_Rarely,1099,1099,0.7348391905929843,Sales,5,3,Marketing,2,Male,88,88,1.0875290889712022,3,5,Manager,2,Married,18213,16581,2.140645968475521,1,8751,8751,-0.7814372849280121,7,7.0,1.7240941528455003,No,11,3,3,1,26,26.0,1.8918932284525256,5,3,2.5,22,18,1.794138840907512,0.8461538461538461,9,9.0,1.3167452005119897,3,3.0,0.2520597274961243,10,10.0,1.6470421952400178
33,No,Travel_Rarely,536,536,-0.6604205466400938,Sales,10,5,Marketing,4,Male,82,82,0.7923904254756797,4,3,Sales Executive,3,Divorced,8380,8380,0.39870134624813297,0,21708,21708,1.0389321276564218,0,0.0,-1.078137537747532,Yes,14,3,4,2,10,10.0,-0.16445543525676679,3,3,3.5,9,9,0.32511687874973727,0.9,8,8.0,1.0407412870823096,0,0.0,-0.6789146428573514,8,8.0,1.0865254624871206
19,No,Travel_Rarely,265,265,-1.332028697244293,Research & Development,25,3,Life Sciences,2,Female,57,57,-0.4373540057556636,4,1,Research Scientist,4,Single,2994,2994,-0.7453193506567216,0,21221,21221,0.9705119760836335,1,1.0,-0.6778187248056703,Yes,12,3,4,0,1,1.0,-1.3211515585932438,2,3,3.25,1,1,-0.9806804209460626,1.0,0,0.0,-1.1672900203551313,0,0.0,-0.6789146428573514,1,1.0,-0.8752831021480201
23,No,Travel_Rarely,373,373,-1.0643767405459406,Research & Development,1,2,Life Sciences,4,Male,47,47,-0.9292517782482008,3,1,Research Scientist,3,Married,1223,1223,-1.1214910280088377,0,16901,16901,0.3635816787644427,1,1.0,-0.6778187248056703,No,22,4,4,1,1,1.0,-1.3211515585932438,2,3,3.5,1,1,-0.9806804209460626,1.0,0,0.0,-1.1672900203551313,0,0.0,-0.6789146428573514,1,1.0,-0.8752831021480201
25,Yes,Travel_Frequently,599,599,-0.5042902385660548,Sales,24,1,Life Sciences,3,Male,73,73,0.3496824302323961,1,1,Sales Representative,4,Single,1118,1118,-1.1437936966265523,0,8040,8040,-0.8813278963617956,1,1.0,-0.6778187248056703,Yes,14,3,4,0,1,1.0,-1.3211515585932438,4,3,3.5,1,1,-0.9806804209460626,1.0,0,0.0,-1.1672900203551313,1,1.0,-0.3685898527395261,0,0.0,-1.1555414685244687
26,No,Travel_Rarely,583,583,-0.5439423802991441,Research & Development,4,2,Life Sciences,3,Male,53,53,-0.6341131147526785,3,1,Research Scientist,4,Single,2875,2875,-0.7705957084234646,0,9973,9973,-0.6097546869363336,1,1.0,-0.6778187248056703,Yes,20,4,2,0,8,8.0,-0.42149901822042835,2,2,2.75,8,8,0.1618922162877623,1.0,5,5.0,0.21272954679326922,2,2.0,-0.058265062621700905,2,2.0,-0.5950247357715714
45,Yes,Travel_Rarely,1449,1449,1.6022297910043117,Sales,2,3,Marketing,1,Female,94,94,1.3826677524667244,1,5,Manager,2,Single,18824,16581,2.140645968475521,1,2493,2493,-1.6606432572945622,2,2.0,-0.27749991186380857,Yes,16,3,1,0,26,26.0,1.8918932284525256,2,3,1.75,24,18,1.794138840907512,0.9230769230769231,10,10.0,1.5927491139416698,1,1.0,-0.3685898527395261,11,11.0,1.9273005616164665
55,No,Non-Travel,177,177,-1.550115476776284,Research & Development,8,1,Medical,4,Male,37,37,-1.4211495507407381,2,4,Healthcare Representative,2,Divorced,13577,13577,1.5025772396411017,0,25592,25592,1.584607422746176,1,1.0,-0.6778187248056703,Yes,15,3,4,1,34,28.5,2.2131977071571027,3,3,3.25,33,18,1.794138840907512,0.9705882352941176,9,9.0,1.3167452005119897,15,7.5,1.6485212830263376,0,0.0,-1.1555414685244687
21,Yes,Travel_Frequently,251,251,-1.366724321260746,Research & Development,10,2,Life Sciences,1,Female,45,45,-1.0276313327467084,2,1,Laboratory Technician,3,Single,2625,2625,-0.8236973003704037,0,25308,25308,1.5447073754224143,1,1.0,-0.6778187248056703,No,20,4,3,0,2,2.0,-1.192629767111413,2,1,2.0,2,2,-0.8174557584840876,1.0,2,2.0,-0.6152821934957711,2,2.0,-0.058265062621700905,2,2.0,-0.5950247357715714
46,No,Travel_Rarely,168,168,-1.5724198065011465,Sales,4,2,Marketing,4,Female,33,33,-1.617908659737753,2,5,Manager,2,Married,18789,16581,2.140645968475521,1,9946,9946,-0.6135480012945785,2,2.0,-0.27749991186380857,No,14,3,3,1,26,26.0,1.8918932284525256,2,3,3.0,11,11,0.6515662036736872,0.4230769230769231,4,4.0,-0.06327436663641088,0,0.0,-0.6789146428573514,8,8.0,1.0865254624871206
34,No,Travel_Rarely,131,131,-1.6641153842589154,Sales,2,3,Marketing,3,Female,86,86,0.9891495344726946,3,2,Sales Executive,1,Single,4538,4538,-0.4173639187924261,0,6039,6039,-1.1624546382450598,0,0.0,-1.078137537747532,Yes,12,3,4,0,4,4.0,-0.9355861841477514,3,3,2.75,3,3,-0.6542310960221126,0.75,2,2.0,-0.6152821934957711,0,0.0,-0.6789146428573514,2,2.0,-0.5950247357715714
51,No,Travel_Frequently,237,237,-1.4014199452771992,Sales,9,3,Life Sciences,4,Male,83,83,0.8415802027249334,3,5,Manager,2,Divorced,19847,16581,2.140645968475521,1,19196,19196,0.6860133992152628,4,4.0,0.5231377140199149,Yes,24,4,1,1,31,28.5,2.2131977071571027,5,2,2.25,29,18,1.794138840907512,0.9354838709677419,10,10.0,1.5927491139416698,11,7.5,1.6485212830263376,10,10.0,1.6470421952400178
59,No,Travel_Rarely,1429,1429,1.55266461383795,Research & Development,18,4,Medical,4,Male,67,67,0.05454376673687373,3,3,Manufacturing Director,4,Single,10512,10512,0.8515517223716291,0,20002,20002,0.7992508574650933,6,6.0,1.3237753399036383,No,12,3,4,0,25,25.0,1.7633714369706948,6,2,3.5,9,9,0.32511687874973727,0.36,7,7.0,0.7647373736526294,5,5.0,0.8727093077317748,4,4.0,-0.03450800301867408
34,No,Travel_Frequently,135,135,-1.6542023488256432,Research & Development,19,3,Medical,3,Female,46,46,-0.9784415554974546,3,2,Laboratory Technician,2,Divorced,4444,4444,-0.43733011736447525,0,22534,22534,1.1549794483938411,4,4.0,0.5231377140199149,No,13,3,3,2,15,15.0,0.4781535221523871,2,4,3.0,11,11,0.6515662036736872,0.7333333333333333,8,8.0,1.0407412870823096,5,5.0,0.8727093077317748,10,10.0,1.6470421952400178
28,No,Travel_Frequently,791,791,-0.02846453776898383,Research & Development,1,4,Medical,4,Male,44,44,-1.0768211099959621,3,1,Laboratory Technician,3,Single,2154,2154,-0.9237406995984369,0,6842,6842,-1.0496386593683675,0,0.0,-1.078137537747532,Yes,11,3,3,0,5,5.0,-0.8070643926659207,2,2,3.0,4,4,-0.4910064335601377,0.8,2,2.0,-0.6152821934957711,0,0.0,-0.6789146428573514,2,2.0,-0.5950247357715714
44,No,Travel_Rarely,1199,1199,0.9826650764247921,Research & Development,4,2,Life Sciences,3,Male,92,92,1.284288197968217,4,5,Manager,1,Divorced,19190,16581,2.140645968475521,1,17477,17477,0.4445057184070015,1,1.0,-0.6778187248056703,No,14,3,4,2,26,26.0,1.8918932284525256,4,2,2.5,25,18,1.794138840907512,0.9615384615384616,9,9.0,1.3167452005119897,14,7.5,1.6485212830263376,13,13.0,2.4878172943693637
34,No,Travel_Frequently,648,648,-0.38285555450846903,Human Resources,11,3,Life Sciences,3,Male,56,56,-0.4865437830049173,2,2,Human Resources,2,Married,4490,4490,-0.42755942444623846,0,21833,21833,1.0564937682038522,4,4.0,0.5231377140199149,No,11,3,4,2,14,14.0,0.3496317306705563,5,4,3.25,10,10,0.48834154121171225,0.7142857142857143,9,9.0,1.3167452005119897,1,1.0,-0.3685898527395261,8,8.0,1.0865254624871206
35,No,Travel_Rarely,735,735,-0.16724703383479622,Research & Development,6,1,Life Sciences,3,Male,66,66,0.005353989487620002,3,1,Research Scientist,3,Married,3506,3506,-0.6365672903493905,0,6020,6020,-1.1651240076082692,0,0.0,-1.078137537747532,Yes,14,3,4,0,4,4.0,-0.9355861841477514,3,3,3.25,3,3,-0.6542310960221126,0.75,2,2.0,-0.6152821934957711,2,2.0,-0.058265062621700905,2,2.0,-0.5950247357715714
42,No,Travel_Rarely,603,603,-0.49437720313278255,Research & Development,7,4,Medical,2,Female,78,78,0.5956313164786647,4,2,Research Scientist,2,Married,2372,2372,-0.877436111420706,0,5628,5628,-1.2201973123650105,6,6.0,1.3237753399036383,Yes,16,3,4,0,18,18.0,0.8637188965978794,2,3,2.75,1,1,-0.9806804209460626,0.05555555555555555,0,0.0,-1.1672900203551313,0,0.0,-0.6789146428573514,0,0.0,-1.1555414685244687
43,No,Travel_Rarely,531,531,-0.6728118409316841,Sales,4,4,Marketing,4,Female,56,56,-0.4865437830049173,2,3,Sales Executive,4,Single,10231,10231,0.7918655330232697,0,20364,20364,0.8501093684904514,3,3.0,0.12281890107805317,No,14,3,4,0,23,23.0,1.5063278540070333,3,4,4.0,21,18,1.794138840907512,0.9130434782608695,7,7.0,0.7647373736526294,15,7.5,1.6485212830263376,17,14.5,2.908204843934037
36,No,Travel_Rarely,429,429,-0.9255942444801282,Research & Development,2,4,Life Sciences,3,Female,53,53,-0.6341131147526785,3,2,Manufacturing Director,2,Single,5410,5410,-0.23214556608150277,0,2323,2323,-1.6845270884390673,9,8.5,2.324572372258293,Yes,11,3,4,0,18,18.0,0.8637188965978794,2,3,3.0,16,16,1.4676895159835621,0.8888888888888888,14,14.0,2.6967647676603903,5,5.0,0.8727093077317748,12,12.0,2.207558927992915
44,Yes,Travel_Rarely,621,621,-0.44976854368305713,Research & Development,15,3,Medical,1,Female,73,73,0.3496824302323961,3,3,Healthcare Representative,4,Married,7978,7978,0.313313986397455,0,14075,14075,-0.03345189073186127,1,1.0,-0.6778187248056703,No,11,3,4,1,10,10.0,-0.16445543525676679,2,3,3.0,10,10,0.48834154121171225,1.0,7,7.0,0.7647373736526294,0,0.0,-0.6789146428573514,5,5.0,0.2457503633577746
28,No,Travel_Frequently,193,193,-1.5104633350431946,Research & Development,2,3,Life Sciences,4,Male,52,52,-0.6833028920019322,2,1,Laboratory Technician,4,Married,3867,3867,-0.5598885915780105,0,14222,14222,-0.012799401448083251,1,1.0,-0.6778187248056703,Yes,12,3,2,1,2,2.0,-1.192629767111413,2,3,3.25,2,2,-0.8174557584840876,1.0,2,2.0,-0.6152821934957711,2,2.0,-0.058265062621700905,2,2.0,-0.5950247357715714
51,No,Travel_Frequently,968,968,0.410187280153316,Research & Development,6,2,Medical,2,Female,40,40,-1.273580218992977,2,1,Laboratory Technician,3,Single,2838,2838,-0.7784547440316116,0,4257,4257,-1.412813385889226,0,0.0,-1.078137537747532,No,14,3,2,0,8,8.0,-0.42149901822042835,6,2,2.25,7,7,-0.0013324461742127045,0.875,0,0.0,-1.1672900203551313,7,7.0,1.493358887967425,7,7.0,0.8062670961106719
30,No,Non-Travel,879,879,0.18962224176300704,Research & Development,9,2,Medical,3,Female,72,72,0.30049265298314237,3,2,Manufacturing Director,3,Single,4695,4695,-0.3840161190497484,0,12858,12858,-0.20443202310164257,7,7.0,1.7240941528455003,Yes,18,3,3,0,10,10.0,-0.16445543525676679,3,3,3.0,8,8,0.1618922162877623,0.8,4,4.0,-0.06327436663641088,1,1.0,-0.3685898527395261,7,7.0,0.8062670961106719
29,Yes,Travel_Rarely,806,806,0.008709345105787343,Research & Development,7,3,Technical Degree,2,Female,39,39,-1.3227699962422308,3,1,Laboratory Technician,3,Divorced,3339,3339,-0.6720391537699457,0,17285,17285,0.41753103852614853,3,3.0,0.12281890107805317,Yes,13,3,1,2,10,10.0,-0.16445543525676679,2,3,2.25,7,7,-0.0013324461742127045,0.7,7,7.0,0.7647373736526294,7,7.0,1.493358887967425,7,7.0,0.8062670961106719
28,No,Travel_Rarely,640,640,-0.4026816253750136,Research & Development,1,3,Technical Degree,4,Male,84,84,0.8907699799741872,3,1,Research Scientist,1,Single,2080,2080,-0.9394587708147307,0,4732,4732,-1.3460791518089907,2,2.0,-0.27749991186380857,No,11,3,2,0,5,5.0,-0.8070643926659207,2,2,2.25,3,3,-0.6542310960221126,0.6,2,2.0,-0.6152821934957711,1,1.0,-0.3685898527395261,2,2.0,-0.5950247357715714
25,No,Travel_Rarely,266,266,-1.3295504383859749,Research & Development,1,3,Medical,4,Female,40,40,-1.273580218992977,3,1,Research Scientist,2,Single,2096,2096,-0.9360602689301266,0,18830,18830,0.634592915692387,1,1.0,-0.6778187248056703,No,18,3,4,0,2,2.0,-1.192629767111413,3,2,3.0,2,2,-0.8174557584840876,1.0,2,2.0,-0.6152821934957711,2,2.0,-0.058265062621700905,1,1.0,-0.8752831021480201
32,No,Travel_Rarely,604,604,-0.49189894427446446,Sales,8,3,Medical,3,Male,56,56,-0.4865437830049173,4,2,Sales Executive,4,Married,6209,6209,-0.062432878219085615,0,11693,11693,-0.36810651300369285,1,1.0,-0.6778187248056703,No,15,3,3,2,10,10.0,-0.16445543525676679,4,4,3.5,10,10,0.48834154121171225,1.0,7,7.0,0.7647373736526294,0,0.0,-0.6789146428573514,8,8.0,1.0865254624871206
45,No,Travel_Frequently,364,364,-1.0866810702708032,Research & Development,25,3,Medical,2,Female,83,83,0.8415802027249334,3,5,Manager,2,Single,18061,16581,2.140645968475521,1,13035,13035,-0.17956474008648127,3,3.0,0.12281890107805317,No,22,4,3,0,22,22.0,1.3778060625252024,4,3,2.5,0,0,-1.1439050834080375,0.0,0,0.0,-1.1672900203551313,0,0.0,-0.6789146428573514,0,0.0,-1.1555414685244687
39,No,Travel_Rarely,412,412,-0.9677246450715354,Research & Development,13,4,Medical,3,Female,94,94,1.3826677524667244,2,4,Manager,2,Divorced,17123,16581,2.140645968475521,1,17334,17334,0.4244152016207412,6,6.0,1.3237753399036383,Yes,13,3,4,2,21,21.0,1.2492842710433718,4,3,3.0,19,18,1.794138840907512,0.9047619047619048,9,9.0,1.3167452005119897,15,7.5,1.6485212830263376,2,2.0,-0.5950247357715714
58,No,Travel_Rarely,848,848,0.11279621715514662,Research & Development,23,4,Life Sciences,1,Male,88,88,1.0875290889712022,3,1,Research Scientist,3,Divorced,2372,2372,-0.877436111420706,0,26076,26076,1.6526060949458259,1,1.0,-0.6778187248056703,No,12,3,4,2,2,2.0,-1.192629767111413,3,3,2.75,2,2,-0.8174557584840876,1.0,2,2.0,-0.6152821934957711,2,2.0,-0.058265062621700905,2,2.0,-0.5950247357715714
32,Yes,Travel_Rarely,1089,1089,0.7100566020098035,Research & Development,7,2,Life Sciences,4,Male,79,79,0.6448210937279185,3,2,Laboratory Technician,3,Married,4883,4883,-0.3440837219056503,0,22845,22845,1.198672810075848,1,1.0,-0.6778187248056703,No,18,3,1,1,10,10.0,-0.16445543525676679,3,3,2.75,10,10,0.48834154121171225,1.0,4,4.0,-0.06327436663641088,1,1.0,-0.3685898527395261,1,1.0,-0.8752831021480201
39,Yes,Travel_Rarely,360,360,-1.0965941057040756,Research & Development,23,3,Medical,3,Male,93,93,1.3334779752174708,3,1,Research Scientist,1,Single,3904,3904,-0.5520295559698636,0,22154,22154,1.1015920611296532,0,0.0,-1.078137537747532,No,13,3,1,0,6,6.0,-0.6785426011840899,2,3,2.0,5,5,-0.32778177109816264,0.8333333333333334,2,2.0,-0.6152821934957711,0,0.0,-0.6789146428573514,3,3.0,-0.31476636939512276
30,No,Travel_Rarely,1138,1138,0.8314912860673893,Research & Development,6,3,Technical Degree,1,Female,48,48,-0.8800620009989472,2,2,Laboratory Technician,4,Married,4627,4627,-0.39845975205931583,0,23631,23631,1.3091004058380895,0,0.0,-1.078137537747532,No,12,3,1,1,10,10.0,-0.16445543525676679,6,3,2.25,9,9,0.32511687874973727,0.9,2,2.0,-0.6152821934957711,6,6.0,1.1830340978496,7,7.0,0.8062670961106719
36,No,Travel_Rarely,325,325,-1.1833331657452082,Research & Development,10,4,Technical Degree,4,Female,63,63,-0.14221534226014118,3,3,Healthcare Representative,3,Married,7094,7094,0.12554675727307857,0,5747,5747,-1.203478630563857,3,3.0,0.12281890107805317,No,12,3,1,0,10,10.0,-0.16445543525676679,0,3,2.75,7,7,-0.0013324461742127045,0.7,7,7.0,0.7647373736526294,1,1.0,-0.3685898527395261,7,7.0,0.8062670961106719
46,No,Travel_Rarely,991,991,0.4671872338946318,Human Resources,1,2,Life Sciences,4,Female,44,44,-1.0768211099959621,3,1,Human Resources,1,Single,3423,3423,-0.6541970188757743,0,22957,22957,1.2144080400063453,6,6.0,1.3237753399036383,No,12,3,3,0,10,10.0,-0.16445543525676679,3,4,3.0,7,7,-0.0013324461742127045,0.7,6,6.0,0.48873346022294933,5,5.0,0.8727093077317748,7,7.0,0.8062670961106719
28,No,Non-Travel,1476,1476,1.6691427801788998,Research & Development,1,3,Life Sciences,3,Female,55,55,-0.5357335602541711,1,2,Laboratory Technician,4,Married,6674,6674,0.036336082802221,0,16392,16392,0.29207067845530654,0,0.0,-1.078137537747532,No,11,3,1,3,10,10.0,-0.16445543525676679,6,3,2.75,9,9,0.32511687874973727,0.9,8,8.0,1.0407412870823096,7,7.0,1.493358887967425,5,5.0,0.2457503633577746
50,No,Travel_Rarely,1322,1322,1.2874909159979158,Research & Development,28,3,Life Sciences,4,Female,43,43,-1.1260108872452157,3,4,Research Director,1,Married,16880,16581,2.140645968475521,1,22422,22422,1.1392442184633438,4,4.0,0.5231377140199149,Yes,11,3,2,0,25,25.0,1.7633714369706948,2,3,2.5,3,3,-0.6542310960221126,0.12,2,2.0,-0.6152821934957711,1,1.0,-0.3685898527395261,2,2.0,-0.5950247357715714
40,Yes,Travel_Rarely,299,299,-1.2477678960614784,Sales,25,4,Marketing,4,Male,57,57,-0.4373540057556636,2,3,Sales Executive,2,Single,9094,9094,0.5503594928485909,0,17235,17235,0.41050638230717645,2,2.0,-0.27749991186380857,Yes,12,3,3,0,9,9.0,-0.29297722673859755,2,3,3.0,5,5,-0.32778177109816264,0.5555555555555556,4,4.0,-0.06327436663641088,1,1.0,-0.3685898527395261,0,0.0,-1.1555414685244687
52,Yes,Travel_Rarely,1030,1030,0.5638393293690369,Sales,5,3,Life Sciences,2,Male,64,64,-0.09302556501088746,3,3,Sales Executive,2,Single,8446,8446,0.4127201665221249,0,21534,21534,1.0144863240143989,9,8.5,2.324572372258293,Yes,19,3,3,0,10,10.0,-0.16445543525676679,2,2,2.25,8,8,0.1618922162877623,0.8,7,7.0,0.7647373736526294,7,7.0,1.493358887967425,7,7.0,0.8062670961106719
30,No,Travel_Rarely,634,634,-0.41755117852492213,Research & Development,17,4,Medical,2,Female,95,95,1.4318575297159781,3,3,Manager,1,Married,11916,11916,1.1497702627456388,0,25927,25927,1.6316726194132891,1,1.0,-0.6778187248056703,Yes,23,4,4,2,9,9.0,-0.29297722673859755,2,3,2.5,9,9,0.32511687874973727,1.0,1,1.0,-0.8912861069254512,0,0.0,-0.6789146428573514,8,8.0,1.0865254624871206
39,No,Travel_Rarely,524,524,-0.6901596529399107,Research & Development,18,2,Life Sciences,1,Male,32,32,-1.6670984369870068,3,2,Manufacturing Director,3,Single,4534,4534,-0.41821354426357715,0,13352,13352,-0.13502841965819806,0,0.0,-1.078137537747532,No,11,3,1,0,9,9.0,-0.29297722673859755,6,3,2.0,8,8,0.1618922162877623,0.8888888888888888,7,7.0,0.7647373736526294,1,1.0,-0.3685898527395261,7,7.0,0.8062670961106719
31,No,Non-Travel,587,587,-0.5340293448658718,Sales,2,4,Life Sciences,4,Female,57,57,-0.4373540057556636,3,3,Sales Executive,3,Divorced,9852,9852,0.7113635196317101,0,8935,8935,-0.7555865500421948,1,1.0,-0.6778187248056703,Yes,19,3,1,1,10,10.0,-0.16445543525676679,5,2,2.5,10,10,0.48834154121171225,1.0,8,8.0,1.0407412870823096,9,7.5,1.6485212830263376,6,6.0,0.5260087297342232
41,No,Non-Travel,256,256,-1.3543330269691556,Sales,10,2,Medical,3,Male,40,40,-1.273580218992977,1,2,Sales Executive,2,Single,6151,6151,-0.07475244755077547,0,22074,22074,1.0903526111792978,1,1.0,-0.6778187248056703,No,13,3,1,0,19,19.0,0.9922406880797102,4,3,2.25,19,18,1.794138840907512,1.0,2,2.0,-0.6152821934957711,11,7.5,1.6485212830263376,9,9.0,1.3667838288635692
31,Yes,Travel_Frequently,1060,1060,0.6381870951185792,Sales,1,3,Life Sciences,4,Female,54,54,-0.5849233375034247,3,1,Sales Representative,2,Single,2302,2302,-0.8923045571658489,0,8319,8319,-0.8421303146599313,1,1.0,-0.6778187248056703,Yes,11,3,1,0,3,3.0,-1.0641079756295821,2,4,2.75,3,3,-0.6542310960221126,1.0,2,2.0,-0.6152821934957711,2,2.0,-0.058265062621700905,2,2.0,-0.5950247357715714
44,Yes,Travel_Rarely,935,935,0.3284047378288194,Research & Development,3,3,Life Sciences,1,Male,89,89,1.1367188662204557,3,1,Laboratory Technician,1,Married,2362,2362,-0.8795601750985835,0,14669,14669,0.050001025149527464,4,4.0,0.5231377140199149,No,12,3,3,0,10,10.0,-0.16445543525676679,4,4,2.25,3,3,-0.6542310960221126,0.3,2,2.0,-0.6152821934957711,1,1.0,-0.3685898527395261,2,2.0,-0.5950247357715714
42,No,Non-Travel,495,495,-0.762029159831135,Research & Development,2,1,Life Sciences,3,Male,37,37,-1.4211495507407381,3,4,Manager,3,Married,17861,16581,2.140645968475521,1,26582,26582,1.7236956158818237,0,0.0,-1.078137537747532,Yes,13,3,4,0,21,21.0,1.2492842710433718,3,2,3.0,20,18,1.794138840907512,0.9523809523809523,8,8.0,1.0407412870823096,2,2.0,-0.058265062621700905,10,10.0,1.6470421952400178
55,No,Travel_Rarely,282,282,-1.2898982966528856,Research & Development,2,2,Medical,4,Female,58,58,-0.38816422850640986,1,5,Manager,3,Married,19187,16581,2.140645968475521,1,6992,6992,-1.0285646907114512,4,4.0,0.5231377140199149,No,14,3,4,1,23,23.0,1.5063278540070333,5,3,3.5,19,18,1.794138840907512,0.8260869565217391,9,9.0,1.3167452005119897,9,7.5,1.6485212830263376,11,11.0,1.9273005616164665
56,No,Travel_Rarely,206,206,-1.4782459698850596,Human Resources,8,4,Life Sciences,4,Male,99,99,1.628616638712993,3,5,Manager,2,Single,19717,16581,2.140645968475521,1,4022,4022,-1.4458292701183948,6,6.0,1.3237753399036383,No,14,3,1,0,36,28.5,2.2131977071571027,4,3,2.5,7,7,-0.0013324461742127045,0.19444444444444445,3,3.0,-0.339278280066091,7,7.0,1.493358887967425,7,7.0,0.8062670961106719
40,No,Non-Travel,458,458,-0.8537247375889039,Research & Development,16,2,Life Sciences,3,Male,74,74,0.39887220748164987,3,1,Research Scientist,3,Divorced,3544,3544,-0.6284958483734557,0,8532,8532,-0.81220527916711,9,8.5,2.324572372258293,No,16,3,2,1,6,6.0,-0.6785426011840899,0,3,2.75,4,4,-0.4910064335601377,0.6666666666666666,2,2.0,-0.6152821934957711,0,0.0,-0.6789146428573514,0,0.0,-1.1555414685244687
34,No,Travel_Rarely,943,943,0.34823080869536405,Research & Development,9,3,Life Sciences,4,Male,86,86,0.9891495344726946,3,3,Healthcare Representative,4,Divorced,8500,8500,0.42419011038266374,0,5494,5494,-1.2390233910318558,0,0.0,-1.078137537747532,No,11,3,4,1,10,10.0,-0.16445543525676679,0,2,3.5,9,9,0.32511687874973727,0.9,7,7.0,0.7647373736526294,1,1.0,-0.3685898527395261,6,6.0,0.5260087297342232
40,No,Travel_Rarely,523,523,-0.6926379117982288,Research & Development,2,3,Life Sciences,3,Male,98,98,1.5794268614637395,3,2,Research Scientist,4,Single,4661,4661,-0.3912379355545321,0,22455,22455,1.1438804915678653,1,1.0,-0.6778187248056703,No,13,3,3,0,9,9.0,-0.29297722673859755,4,3,3.25,9,9,0.32511687874973727,1.0,8,8.0,1.0407412870823096,8,7.5,1.6485212830263376,8,8.0,1.0865254624871206
41,No,Travel_Frequently,1018,1018,0.5341002230692199,Sales,1,3,Marketing,3,Female,66,66,0.005353989487620002,3,2,Sales Executive,1,Divorced,4103,4103,-0.5097606887801001,0,4297,4297,-1.4071936609140483,0,0.0,-1.078137537747532,No,17,3,4,1,10,10.0,-0.16445543525676679,2,3,2.75,9,9,0.32511687874973727,0.9,3,3.0,-0.339278280066091,1,1.0,-0.3685898527395261,7,7.0,0.8062670961106719
35,No,Travel_Frequently,482,482,-0.79424652498927,Research & Development,4,4,Life Sciences,3,Male,87,87,1.0383393117219484,3,2,Research Scientist,3,Single,4249,4249,-0.4787493590830877,0,2690,2690,-1.632966111791812,1,1.0,-0.6778187248056703,Yes,11,3,2,0,9,9.0,-0.29297722673859755,3,3,2.75,9,9,0.32511687874973727,1.0,6,6.0,0.48873346022294933,1,1.0,-0.3685898527395261,1,1.0,-0.8752831021480201
51,No,Travel_Rarely,770,770,-0.08050797379366348,Human Resources,5,3,Life Sciences,3,Male,84,84,0.8907699799741872,3,4,Manager,2,Divorced,14026,14026,1.5979476987778043,0,17588,17588,0.4601004552131196,1,1.0,-0.6778187248056703,Yes,11,3,2,1,33,28.5,2.2131977071571027,2,3,2.5,33,18,1.794138840907512,1.0,9,9.0,1.3167452005119897,0,0.0,-0.6789146428573514,10,10.0,1.6470421952400178
38,No,Travel_Rarely,1009,1009,0.5117958933443573,Sales,2,2,Life Sciences,2,Female,31,31,-1.7162882142362605,3,2,Sales Executive,1,Divorced,6893,6893,0.0828530773477396,0,19461,19461,0.7232440771758151,3,3.0,0.12281890107805317,No,15,3,4,1,11,11.0,-0.035933643774936005,3,3,2.5,7,7,-0.0013324461742127045,0.6363636363636364,7,7.0,0.7647373736526294,1,1.0,-0.3685898527395261,7,7.0,0.8062670961106719
34,No,Travel_Rarely,507,507,-0.732290053531318,Sales,15,2,Medical,3,Female,66,66,0.005353989487620002,3,2,Sales Executive,1,Single,6125,6125,-0.08027501311325713,0,23553,23553,1.298141942136493,1,1.0,-0.6778187248056703,No,12,3,4,0,10,10.0,-0.16445543525676679,6,4,3.0,10,10,0.48834154121171225,1.0,8,8.0,1.0407412870823096,9,7.5,1.6485212830263376,6,6.0,0.5260087297342232
25,No,Travel_Rarely,882,882,0.1970570183379613,Research & Development,19,1,Medical,4,Male,67,67,0.05454376673687373,3,1,Laboratory Technician,4,Married,3669,3669,-0.6019450523999862,0,9075,9075,-0.7359175126290728,3,3.0,0.12281890107805317,No,11,3,3,3,7,7.0,-0.5500208097022591,6,2,3.25,3,3,-0.6542310960221126,0.42857142857142855,2,2.0,-0.6152821934957711,1,1.0,-0.3685898527395261,2,2.0,-0.5950247357715714
58,Yes,Travel_Rarely,601,601,-0.4993337208494187,Research & Development,7,4,Medical,3,Female,53,53,-0.6341131147526785,2,3,Manufacturing Director,1,Married,10008,10008,0.7444989130066,0,12023,12023,-0.3217437819584769,7,7.0,1.7240941528455003,Yes,14,3,4,0,31,28.5,2.2131977071571027,0,2,2.5,10,10,0.48834154121171225,0.3225806451612903,9,9.0,1.3167452005119897,5,5.0,0.8727093077317748,9,9.0,1.3667838288635692
40,No,Travel_Rarely,329,329,-1.173420130311936,Research & Development,1,4,Life Sciences,2,Male,88,88,1.0875290889712022,3,1,Laboratory Technician,2,Married,2387,2387,-0.8742500159038896,0,6762,6762,-1.060878109318723,3,3.0,0.12281890107805317,No,22,4,3,1,7,7.0,-0.5500208097022591,3,3,2.5,4,4,-0.4910064335601377,0.5714285714285714,2,2.0,-0.6152821934957711,0,0.0,-0.6789146428573514,3,3.0,-0.31476636939512276
36,No,Travel_Frequently,607,607,-0.48446416769951023,Sales,7,3,Marketing,1,Female,83,83,0.8415802027249334,4,2,Sales Executive,1,Married,4639,4639,-0.39591087564586275,0,2261,2261,-1.6932376621505927,2,2.0,-0.27749991186380857,No,16,3,4,1,17,17.0,0.7351971051160486,2,2,2.0,15,15,1.3044648535215873,0.8823529411764706,7,7.0,0.7647373736526294,6,6.0,1.1830340978496,13,13.0,2.4878172943693637
48,No,Travel_Rarely,855,855,0.13014402916337317,Research & Development,4,3,Life Sciences,4,Male,54,54,-0.5849233375034247,3,3,Manufacturing Director,4,Single,7898,7898,0.2963214769744345,0,18706,18706,0.6171717682693361,1,1.0,-0.6778187248056703,No,11,3,3,0,11,11.0,-0.035933643774936005,2,3,3.5,10,10,0.48834154121171225,0.9090909090909091,9,9.0,1.3167452005119897,0,0.0,-0.6789146428573514,8,8.0,1.0865254624871206
27,No,Travel_Rarely,1291,1291,1.2106648913900553,Sales,11,3,Medical,3,Female,98,98,1.5794268614637395,4,1,Sales Representative,4,Married,2534,2534,-0.8430262798390895,0,6527,6527,-1.0938939935478917,8,8.0,2.124412965787362,No,14,3,2,1,5,5.0,-0.8070643926659207,4,3,3.0,1,1,-0.9806804209460626,0.2,0,0.0,-1.1672900203551313,0,0.0,-0.6789146428573514,0,0.0,-1.1555414685244687
51,No,Travel_Rarely,1405,1405,1.4931864012383163,Research & Development,11,2,Technical Degree,4,Female,82,82,0.7923904254756797,2,4,Manufacturing Director,2,Single,13142,13142,1.4101804696534277,0,24439,24439,1.4226188503366788,3,3.0,0.12281890107805317,No,16,3,2,0,29,28.5,2.2131977071571027,1,2,2.5,5,5,-0.32778177109816264,0.1724137931034483,2,2.0,-0.6152821934957711,0,0.0,-0.6789146428573514,3,3.0,-0.31476636939512276
18,No,Non-Travel,1124,1124,0.7967956620509362,Research & Development,1,3,Life Sciences,4,Female,97,97,1.5302370842144857,3,1,Laboratory Technician,4,Single,1611,1611,-1.0390773573071883,0,19305,19305,0.701327149772622,1,1.0,-0.6778187248056703,No,15,3,3,0,0,0.0,-1.4496733500750745,5,4,3.75,0,0,-1.1439050834080375,0.0,0,0.0,-1.1672900203551313,0,0.0,-0.6789146428573514,0,0.0,-1.1555414685244687
35,No,Travel_Rarely,817,817,0.0359701925472862,Research & Development,1,3,Medical,4,Female,60,60,-0.28978467400790237,2,2,Laboratory Technician,4,Married,5363,5363,-0.2421286653675273,0,10846,10846,-0.4871041893530805,0,0.0,-1.078137537747532,No,12,3,2,1,10,10.0,-0.16445543525676679,0,3,3.25,9,9,0.32511687874973727,0.9,7,7.0,0.7647373736526294,0,0.0,-0.6789146428573514,0,0.0,-1.1555414685244687
27,No,Travel_Frequently,793,793,-0.023508020052347676,Sales,2,1,Life Sciences,4,Male,43,43,-1.1260108872452157,1,2,Sales Executive,4,Single,5071,5071,-0.3041513247615521,0,20392,20392,0.8540431759730758,3,3.0,0.12281890107805317,No,20,4,2,0,8,8.0,-0.42149901822042835,3,3,3.25,6,6,-0.1645571086361877,0.75,2,2.0,-0.6152821934957711,0,0.0,-0.6789146428573514,0,0.0,-1.1555414685244687
55,Yes,Travel_Rarely,267,267,-1.3270721795276568,Sales,13,4,Marketing,1,Male,85,85,0.9399597572234408,4,4,Sales Executive,3,Single,13695,13695,1.527641191040057,0,9277,9277,-0.7075379015044255,6,6.0,1.3237753399036383,Yes,17,3,3,0,24,24.0,1.6348496454888641,2,2,2.25,19,18,1.794138840907512,0.7916666666666666,7,7.0,0.7647373736526294,3,3.0,0.2520597274961243,8,8.0,1.0865254624871206
56,No,Travel_Rarely,1369,1369,1.4039690823388653,Research & Development,23,3,Life Sciences,4,Male,68,68,0.10373354398612747,3,4,Manufacturing Director,2,Married,13402,13402,1.4654061252782444,0,18235,18235,0.5509995066866188,4,4.0,0.5231377140199149,Yes,12,3,1,1,33,28.5,2.2131977071571027,0,3,2.5,19,18,1.794138840907512,0.5757575757575758,16,14.5,2.8347667243752306,15,7.5,1.6485212830263376,9,9.0,1.3667838288635692
34,No,Non-Travel,999,999,0.48701330476117644,Research & Development,26,1,Technical Degree,1,Female,92,92,1.284288197968217,2,1,Research Scientist,3,Divorced,2029,2029,-0.9502914955719063,0,15891,15891,0.22168362314120596,1,1.0,-0.6778187248056703,No,20,4,3,3,5,5.0,-0.8070643926659207,2,3,2.5,5,5,-0.32778177109816264,1.0,4,4.0,-0.06327436663641088,0,0.0,-0.6789146428573514,0,0.0,-1.1555414685244687
40,No,Travel_Rarely,1202,1202,0.9900998529997463,Research & Development,2,1,Medical,2,Female,89,89,1.1367188662204557,4,2,Healthcare Representative,3,Divorced,6377,6377,-0.02674860843074258,0,13888,13888,-0.059724104990816984,5,5.0,0.9234565269617766,No,20,4,2,3,15,15.0,0.4781535221523871,0,3,2.5,12,12,0.8147908661356622,0.8,11,11.0,1.8687530273713497,11,7.5,1.6485212830263376,8,8.0,1.0865254624871206
34,No,Travel_Rarely,285,285,-1.2824635200779313,Research & Development,29,3,Medical,2,Male,86,86,0.9891495344726946,3,2,Laboratory Technician,3,Married,5429,5429,-0.2281098450935354,0,17491,17491,0.4464726221483137,4,4.0,0.5231377140199149,No,13,3,1,2,10,10.0,-0.16445543525676679,1,3,2.25,8,8,0.1618922162877623,0.8,7,7.0,0.7647373736526294,7,7.0,1.493358887967425,7,7.0,0.8062670961106719
31,Yes,Travel_Frequently,703,703,-0.2465513173009747,Sales,2,3,Life Sciences,3,Female,90,90,1.1859086434697095,2,1,Sales Representative,4,Single,2785,2785,-0.7897122815243627,0,11882,11882,-0.34155331249597826,7,7.0,1.7240941528455003,No,14,3,3,0,3,3.0,-1.0641079756295821,3,4,3.5,1,1,-0.9806804209460626,0.3333333333333333,0,0.0,-1.1672900203551313,0,0.0,-0.6789146428573514,0,0.0,-1.1555414685244687
35,Yes,Travel_Frequently,662,662,-0.34815993049201593,Sales,18,4,Marketing,4,Female,67,67,0.05454376673687373,3,2,Sales Executive,3,Married,4614,4614,-0.40122103484055666,0,23288,23288,1.2609112641759408,0,0.0,-1.078137537747532,Yes,18,3,3,1,5,5.0,-0.8070643926659207,0,2,3.0,4,4,-0.4910064335601377,0.8,2,2.0,-0.6152821934957711,3,3.0,0.2520597274961243,2,2.0,-0.5950247357715714
38,No,Travel_Frequently,693,693,-0.2713339058841555,Research & Development,7,3,Life Sciences,4,Male,57,57,-0.4373540057556636,4,1,Research Scientist,3,Divorced,2610,2610,-0.82688339588722,0,15748,15748,0.2015931063549457,1,1.0,-0.6778187248056703,No,11,3,4,3,4,4.0,-0.9355861841477514,2,3,3.5,4,4,-0.4910064335601377,1.0,2,2.0,-0.6152821934957711,0,0.0,-0.6789146428573514,3,3.0,-0.31476636939512276
34,No,Travel_Rarely,404,404,-0.9875507159380801,Research & Development,2,4,Technical Degree,3,Female,98,98,1.5794268614637395,3,2,Healthcare Representative,4,Single,6687,6687,0.03909736558346183,0,6163,6163,-1.1450334908220088,1,1.0,-0.6778187248056703,No,11,3,4,0,14,14.0,0.3496317306705563,2,4,3.75,14,14,1.1412401910596122,1.0,11,11.0,1.8687530273713497,4,4.0,0.5623845176139496,11,11.0,1.9273005616164665
28,No,Travel_Rarely,736,736,-0.16476877497647813,Sales,26,3,Life Sciences,3,Male,48,48,-0.8800620009989472,2,2,Sales Executive,1,Married,4724,4724,-0.3778563343839035,0,24232,24232,1.3935367735901343,1,1.0,-0.6778187248056703,No,11,3,3,1,5,5.0,-0.8070643926659207,0,3,2.5,5,5,-0.32778177109816264,1.0,3,3.0,-0.339278280066091,0,0.0,-0.6789146428573514,4,4.0,-0.03450800301867408
31,Yes,Travel_Rarely,330,330,-1.170941871453618,Research & Development,22,4,Medical,4,Male,98,98,1.5794268614637395,3,2,Manufacturing Director,3,Married,6179,6179,-0.0688050692527183,0,21057,21057,0.947471103685405,1,1.0,-0.6778187248056703,Yes,15,3,4,2,10,10.0,-0.16445543525676679,3,2,3.25,10,10,0.48834154121171225,1.0,2,2.0,-0.6152821934957711,6,6.0,1.1830340978496,7,7.0,0.8062670961106719
39,No,Travel_Rarely,1498,1498,1.7236644750618975,Sales,21,4,Life Sciences,1,Male,44,44,-1.0768211099959621,2,2,Sales Executive,4,Married,6120,6120,-0.08133704495219592,0,3567,3567,-1.509753641711041,3,3.0,0.12281890107805317,Yes,12,3,4,2,8,8.0,-0.42149901822042835,2,4,3.25,5,5,-0.32778177109816264,0.625,4,4.0,-0.06327436663641088,1,1.0,-0.3685898527395261,4,4.0,-0.03450800301867408
51,No,Travel_Frequently,541,541,-0.6480292523485034,Sales,2,3,Marketing,2,Male,52,52,-0.6833028920019322,3,3,Sales Executive,2,Married,10596,10596,0.8693938572658007,0,15395,15395,0.1519990334490026,2,2.0,-0.27749991186380857,No,11,3,2,0,14,14.0,0.3496317306705563,5,3,2.25,4,4,-0.4910064335601377,0.2857142857142857,2,2.0,-0.6152821934957711,3,3.0,0.2520597274961243,2,2.0,-0.5950247357715714
41,No,Travel_Frequently,1200,1200,0.9851433352831102,Research & Development,22,3,Life Sciences,4,Female,75,75,0.4480619847309036,3,2,Research Scientist,4,Divorced,5467,5467,-0.22003840311760067,0,13953,13953,-0.050592051906153235,3,3.0,0.12281890107805317,Yes,14,3,1,2,12,12.0,0.09258814770689477,4,2,2.75,6,6,-0.1645571086361877,0.5,2,2.0,-0.6152821934957711,3,3.0,0.2520597274961243,3,3.0,-0.31476636939512276
37,No,Travel_Rarely,1439,1439,1.5774472024211308,Research & Development,4,1,Life Sciences,3,Male,54,54,-0.5849233375034247,3,1,Research Scientist,3,Married,2996,2996,-0.7448945379211461,0,5182,5182,-1.2828572458382417,7,7.0,1.7240941528455003,Yes,15,3,4,0,8,8.0,-0.42149901822042835,2,3,3.25,6,6,-0.1645571086361877,0.75,4,4.0,-0.06327436663641088,1,1.0,-0.3685898527395261,3,3.0,-0.31476636939512276
33,No,Travel_Frequently,1111,1111,0.7645782968928012,Sales,5,1,Life Sciences,2,Male,61,61,-0.24059489675864865,3,2,Sales Executive,4,Married,9998,9998,0.7423748493287224,0,19293,19293,0.6996412322800687,6,6.0,1.3237753399036383,No,13,3,1,0,8,8.0,-0.42149901822042835,2,4,2.75,5,5,-0.32778177109816264,0.625,4,4.0,-0.06327436663641088,1,1.0,-0.3685898527395261,2,2.0,-0.5950247357715714
32,No,Travel_Rarely,499,499,-0.7521161243978627,Sales,2,1,Marketing,3,Male,36,36,-1.470339327989992,3,2,Sales Executive,2,Married,4078,4078,-0.515070847974794,0,20497,20497,0.8687949540329173,0,0.0,-1.078137537747532,Yes,13,3,1,3,4,4.0,-0.9355861841477514,3,2,2.0,3,3,-0.6542310960221126,0.75,2,2.0,-0.6152821934957711,1,1.0,-0.3685898527395261,2,2.0,-0.5950247357715714
39,No,Non-Travel,1485,1485,1.6914471099037625,Research & Development,25,2,Life Sciences,3,Male,71,71,0.25130287573388865,3,3,Healthcare Representative,3,Married,10920,10920,0.9382135204290336,0,3449,3449,-1.5263318303878153,3,3.0,0.12281890107805317,No,21,4,2,1,13,13.0,0.22110993918872554,2,3,2.75,6,6,-0.1645571086361877,0.46153846153846156,4,4.0,-0.06327436663641088,0,0.0,-0.6789146428573514,5,5.0,0.2457503633577746
25,No,Travel_Rarely,1372,1372,1.4114038589138196,Sales,18,1,Life Sciences,1,Male,93,93,1.3334779752174708,4,2,Sales Executive,3,Married,6232,6232,-0.05754753175996722,0,12477,12477,-0.2579599034902101,2,2.0,-0.27749991186380857,No,11,3,2,0,6,6.0,-0.6785426011840899,3,2,2.0,3,3,-0.6542310960221126,0.5,2,2.0,-0.6152821934957711,1,1.0,-0.3685898527395261,2,2.0,-0.5950247357715714
52,No,Travel_Frequently,322,322,-1.1907679423201625,Research & Development,28,2,Medical,4,Female,59,59,-0.3389744512571561,4,4,Manufacturing Director,3,Married,13247,13247,1.4324831382711423,0,9731,9731,-0.6437540230361587,2,2.0,-0.27749991186380857,Yes,11,3,2,1,24,24.0,1.6348496454888641,3,2,2.75,5,5,-0.32778177109816264,0.20833333333333334,3,3.0,-0.339278280066091,0,0.0,-0.6789146428573514,2,2.0,-0.5950247357715714
43,No,Travel_Rarely,930,930,0.31601344353722904,Research & Development,6,3,Medical,1,Female,73,73,0.3496824302323961,2,2,Research Scientist,3,Single,4081,4081,-0.5144336288714307,0,20003,20003,0.7993913505894727,1,1.0,-0.6778187248056703,Yes,14,3,1,0,20,20.0,1.120762479561541,3,1,1.5,20,18,1.794138840907512,1.0,7,7.0,0.7647373736526294,1,1.0,-0.3685898527395261,8,8.0,1.0865254624871206
27,No,Travel_Rarely,205,205,-1.4807242287433777,Sales,10,3,Marketing,4,Female,98,98,1.5794268614637395,2,2,Sales Executive,4,Married,5769,5769,-0.1558916800456983,0,7100,7100,-1.0133914332784715,1,1.0,-0.6778187248056703,Yes,11,3,4,0,6,6.0,-0.6785426011840899,3,3,3.75,6,6,-0.1645571086361877,1.0,2,2.0,-0.6152821934957711,4,4.0,0.5623845176139496,4,4.0,-0.03450800301867408
27,Yes,Travel_Rarely,135,135,-1.6542023488256432,Research & Development,17,4,Life Sciences,4,Female,51,51,-0.732492669251186,3,1,Research Scientist,3,Single,2394,2394,-0.8727631713293753,0,25681,25681,1.5971113108159463,1,1.0,-0.6778187248056703,Yes,13,3,4,0,8,8.0,-0.42149901822042835,2,3,3.5,8,8,0.1618922162877623,1.0,2,2.0,-0.6152821934957711,7,7.0,1.493358887967425,7,7.0,0.8062670961106719
26,No,Travel_Rarely,683,683,-0.2961164944673363,Research & Development,2,1,Medical,1,Male,36,36,-1.470339327989992,2,1,Research Scientist,4,Single,3904,3904,-0.5520295559698636,0,4050,4050,-1.4418954626357705,0,0.0,-1.078137537747532,No,12,3,4,0,5,5.0,-0.8070643926659207,2,3,3.0,4,4,-0.4910064335601377,0.8,3,3.0,-0.339278280066091,1,1.0,-0.3685898527395261,1,1.0,-0.8752831021480201
42,No,Travel_Rarely,1147,1147,0.853795615792252,Human Resources,10,3,Human Resources,3,Female,31,31,-1.7162882142362605,3,4,Manager,1,Married,16799,16581,2.140645968475521,1,16616,16616,0.32354113831630166,0,0.0,-1.078137537747532,No,14,3,3,1,21,21.0,1.2492842710433718,5,3,2.5,20,18,1.794138840907512,0.9523809523809523,7,7.0,0.7647373736526294,0,0.0,-0.6789146428573514,9,9.0,1.3667838288635692
52,No,Travel_Rarely,258,258,-1.3493765092525196,Research & Development,8,4,Other,3,Female,54,54,-0.5849233375034247,3,1,Laboratory Technician,1,Married,2950,2950,-0.7546652308393829,0,17363,17363,0.42848950222774507,9,8.5,2.324572372258293,No,13,3,3,0,12,12.0,0.09258814770689477,2,1,2.0,5,5,-0.32778177109816264,0.4166666666666667,4,4.0,-0.06327436663641088,0,0.0,-0.6789146428573514,4,4.0,-0.03450800301867408
37,No,Travel_Rarely,1462,1462,1.6344471561624467,Research & Development,11,3,Medical,1,Female,94,94,1.3826677524667244,3,1,Laboratory Technician,3,Single,3629,3629,-0.6104413071114965,0,19106,19106,0.673369018021113,4,4.0,0.5231377140199149,No,18,3,1,0,8,8.0,-0.42149901822042835,6,3,2.0,3,3,-0.6542310960221126,0.375,2,2.0,-0.6152821934957711,0,0.0,-0.6789146428573514,2,2.0,-0.5950247357715714
35,No,Travel_Frequently,200,200,-1.493115523034968,Research & Development,18,2,Life Sciences,3,Male,60,60,-0.28978467400790237,3,3,Manufacturing Director,4,Single,9362,9362,0.6072843994157096,0,19944,19944,0.7911022562510857,2,2.0,-0.27749991186380857,No,11,3,3,0,10,10.0,-0.16445543525676679,2,3,3.25,2,2,-0.8174557584840876,0.2,2,2.0,-0.6152821934957711,2,2.0,-0.058265062621700905,2,2.0,-0.5950247357715714
25,No,Travel_Rarely,949,949,0.3631003618452725,Research & Development,1,3,Technical Degree,1,Male,81,81,0.743200648226426,3,1,Laboratory Technician,4,Married,3229,3229,-0.6954038542265989,0,4910,4910,-1.32107137566945,4,4.0,0.5231377140199149,No,11,3,2,1,7,7.0,-0.5500208097022591,2,2,2.25,3,3,-0.6542310960221126,0.42857142857142855,2,2.0,-0.6152821934957711,0,0.0,-0.6789146428573514,2,2.0,-0.5950247357715714
26,No,Travel_Rarely,652,652,-0.3729425190751967,Research & Development,7,3,Other,3,Male,100,100,1.6778064159622468,4,1,Laboratory Technician,1,Single,3578,3578,-0.621274031868672,0,23577,23577,1.3015137771215997,0,0.0,-1.078137537747532,No,12,3,4,0,8,8.0,-0.42149901822042835,2,3,2.75,7,7,-0.0013324461742127045,0.875,7,7.0,0.7647373736526294,0,0.0,-0.6789146428573514,7,7.0,0.8062670961106719
29,No,Travel_Rarely,332,332,-1.1659853537369818,Human Resources,17,3,Other,2,Male,51,51,-0.732492669251186,2,3,Human Resources,1,Single,7988,7988,0.3154380500753326,0,9769,9769,-0.6384152843097398,1,1.0,-0.6778187248056703,No,13,3,1,0,10,10.0,-0.16445543525676679,3,2,1.5,10,10,0.48834154121171225,1.0,9,9.0,1.3167452005119897,0,0.0,-0.6789146428573514,9,9.0,1.3667838288635692
49,Yes,Travel_Frequently,1475,1475,1.6666645213205817,Research & Development,28,2,Life Sciences,1,Male,97,97,1.5302370842144857,2,2,Laboratory Technician,1,Single,4284,4284,-0.4713151362105162,0,22710,22710,1.179706238284623,3,3.0,0.12281890107805317,No,20,4,1,0,20,20.0,1.120762479561541,2,3,1.5,4,4,-0.4910064335601377,0.2,3,3.0,-0.339278280066091,1,1.0,-0.3685898527395261,3,3.0,-0.31476636939512276
29,Yes,Travel_Frequently,337,337,-1.1535940594453913,Research & Development,14,1,Other,3,Female,84,84,0.8907699799741872,3,3,Healthcare Representative,4,Single,7553,7553,0.22304128008765867,0,22930,22930,1.2106147256481004,0,0.0,-1.078137537747532,Yes,12,3,1,0,9,9.0,-0.29297722673859755,1,3,2.75,8,8,0.1618922162877623,0.8888888888888888,7,7.0,0.7647373736526294,7,7.0,1.493358887967425,7,7.0,0.8062670961106719
54,No,Travel_Rarely,971,971,0.41762205672827024,Research & Development,1,3,Medical,4,Female,54,54,-0.5849233375034247,3,4,Research Director,4,Single,17328,16581,2.140645968475521,1,5652,5652,-1.2168254773799039,6,6.0,1.3237753399036383,No,19,3,4,0,29,28.5,2.2131977071571027,3,2,3.5,20,18,1.794138840907512,0.6896551724137931,7,7.0,0.7647373736526294,12,7.5,1.6485212830263376,7,7.0,0.8062670961106719
58,No,Travel_Rarely,1055,1055,0.6257958008269888,Research & Development,1,3,Medical,4,Female,76,76,0.4972517619801573,3,5,Research Director,1,Married,19701,16581,2.140645968475521,1,22456,22456,1.1440209846922447,3,3.0,0.12281890107805317,Yes,21,4,3,1,32,28.5,2.2131977071571027,3,3,2.75,9,9,0.32511687874973727,0.28125,8,8.0,1.0407412870823096,1,1.0,-0.3685898527395261,5,5.0,0.2457503633577746
55,No,Travel_Rarely,1136,1136,0.8265347683507531,Research & Development,1,4,Medical,2,Male,81,81,0.743200648226426,4,4,Research Director,4,Divorced,14732,14732,1.74790659443596,0,12414,12414,-0.26681097032611495,2,2.0,-0.27749991186380857,No,13,3,4,2,31,28.5,2.2131977071571027,4,4,3.5,7,7,-0.0013324461742127045,0.22580645161290322,7,7.0,0.7647373736526294,0,0.0,-0.6789146428573514,0,0.0,-1.1555414685244687
36,No,Travel_Rarely,1174,1174,0.9207086049668401,Sales,3,4,Marketing,1,Female,99,99,1.628616638712993,3,2,Sales Executive,2,Single,9278,9278,0.589442264521538,0,20763,20763,0.9061661251178489,3,3.0,0.12281890107805317,Yes,16,3,4,0,15,15.0,0.4781535221523871,3,3,2.5,5,5,-0.32778177109816264,0.3333333333333333,4,4.0,-0.06327436663641088,0,0.0,-0.6789146428573514,1,1.0,-0.8752831021480201
31,Yes,Travel_Frequently,667,667,-0.3357686362004255,Sales,1,4,Life Sciences,2,Female,50,50,-0.7816824465004397,1,1,Sales Representative,3,Single,1359,1359,-1.0926037619897029,0,16154,16154,0.2586333148529993,1,1.0,-0.6778187248056703,No,12,3,2,0,1,1.0,-1.3211515585932438,3,3,2.5,1,1,-0.9806804209460626,1.0,0,0.0,-1.1672900203551313,0,0.0,-0.6789146428573514,0,0.0,-1.1555414685244687
30,No,Travel_Rarely,855,855,0.13014402916337317,Sales,7,4,Marketing,4,Female,73,73,0.3496824302323961,3,2,Sales Executive,1,Divorced,4779,4779,-0.3661739841555769,0,12761,12761,-0.21805985616644846,7,7.0,1.7240941528455003,No,14,3,2,2,8,8.0,-0.42149901822042835,3,3,2.5,3,3,-0.6542310960221126,0.375,2,2.0,-0.6152821934957711,0,0.0,-0.6789146428573514,2,2.0,-0.5950247357715714
31,No,Travel_Rarely,182,182,-1.5377241824846934,Research & Development,8,5,Life Sciences,1,Female,93,93,1.3334779752174708,3,4,Research Director,2,Single,16422,16422,2.106873355997268,0,8847,8847,-0.7679499449875857,3,3.0,0.12281890107805317,No,11,3,3,0,9,9.0,-0.29297722673859755,3,4,2.5,3,3,-0.6542310960221126,0.3333333333333333,2,2.0,-0.6152821934957711,1,1.0,-0.3685898527395261,0,0.0,-1.1555414685244687
34,No,Travel_Frequently,560,560,-0.6009423340404599,Research & Development,1,4,Other,4,Male,91,91,1.2350984207189633,3,1,Research Scientist,1,Divorced,2996,2996,-0.7448945379211461,0,20284,20284,0.8388699185400961,5,5.0,0.9234565269617766,No,14,3,3,2,10,10.0,-0.16445543525676679,2,3,2.75,4,4,-0.4910064335601377,0.4,3,3.0,-0.339278280066091,1,1.0,-0.3685898527395261,3,3.0,-0.31476636939512276
31,Yes,Travel_Rarely,202,202,-1.488159005318332,Research & Development,8,3,Life Sciences,1,Female,34,34,-1.5687188824884994,2,1,Research Scientist,2,Single,1261,1261,-1.113419586032903,0,22262,22262,1.116765318562633,1,1.0,-0.6778187248056703,No,12,3,3,0,1,1.0,-1.3211515585932438,3,4,2.5,1,1,-0.9806804209460626,1.0,0,0.0,-1.1672900203551313,0,0.0,-0.6789146428573514,0,0.0,-1.1555414685244687
27,No,Travel_Rarely,1377,1377,1.42379515320541,Research & Development,11,1,Life Sciences,2,Male,91,91,1.2350984207189633,3,1,Laboratory Technician,1,Married,2099,2099,-0.9354230498267634,0,7679,7679,-0.9320459142627743,0,0.0,-1.078137537747532,No,14,3,2,0,6,6.0,-0.6785426011840899,3,4,2.25,5,5,-0.32778177109816264,0.8333333333333334,0,0.0,-1.1672900203551313,1,1.0,-0.3685898527395261,4,4.0,-0.03450800301867408
36,No,Travel_Rarely,172,172,-1.5625067710678742,Research & Development,4,4,Life Sciences,1,Male,37,37,-1.4211495507407381,2,2,Laboratory Technician,4,Single,5810,5810,-0.14718301896640032,0,22604,22604,1.1648139671004023,1,1.0,-0.6778187248056703,No,16,3,3,0,10,10.0,-0.16445543525676679,2,2,2.5,10,10,0.48834154121171225,1.0,4,4.0,-0.06327436663641088,1,1.0,-0.3685898527395261,8,8.0,1.0865254624871206
36,No,Travel_Rarely,329,329,-1.173420130311936,Sales,16,4,Marketing,3,Female,98,98,1.5794268614637395,2,2,Sales Executive,1,Married,5647,5647,-0.18180525691580457,0,13494,13494,-0.11507839599631725,4,4.0,0.5231377140199149,No,13,3,1,2,11,11.0,-0.035933643774936005,3,2,1.75,3,3,-0.6542310960221126,0.2727272727272727,2,2.0,-0.6152821934957711,0,0.0,-0.6789146428573514,2,2.0,-0.5950247357715714
47,No,Travel_Rarely,465,465,-0.8363769255806773,Research & Development,1,3,Technical Degree,1,Male,74,74,0.39887220748164987,3,1,Research Scientist,4,Married,3420,3420,-0.6548342379791375,0,10205,10205,-0.577160282080303,7,7.0,1.7240941528455003,No,12,3,3,1,17,17.0,0.7351971051160486,2,2,2.5,6,6,-0.1645571086361877,0.35294117647058826,5,5.0,0.21272954679326922,1,1.0,-0.3685898527395261,2,2.0,-0.5950247357715714
25,Yes,Travel_Rarely,383,383,-1.0395941519627598,Sales,9,2,Life Sciences,1,Male,68,68,0.10373354398612747,2,1,Sales Representative,1,Married,4400,4400,-0.4466759975471365,0,15182,15182,0.12207399795618137,3,3.0,0.12281890107805317,No,12,3,1,0,6,6.0,-0.6785426011840899,2,3,1.5,3,3,-0.6542310960221126,0.5,2,2.0,-0.6152821934957711,2,2.0,-0.058265062621700905,2,2.0,-0.5950247357715714
37,No,Non-Travel,1413,1413,1.5130124721048608,Research & Development,5,2,Technical Degree,3,Male,84,84,0.8907699799741872,4,1,Laboratory Technician,3,Single,3500,3500,-0.637841728556117,0,25470,25470,1.5674672615718839,0,0.0,-1.078137537747532,No,14,3,1,0,7,7.0,-0.5500208097022591,2,1,2.0,6,6,-0.1645571086361877,0.8571428571428571,5,5.0,0.21272954679326922,1,1.0,-0.3685898527395261,3,3.0,-0.31476636939512276
56,No,Travel_Rarely,1255,1255,1.1214475724906046,Research & Development,1,2,Life Sciences,1,Female,90,90,1.1859086434697095,3,1,Research Scientist,1,Married,2066,2066,-0.9424324599637594,0,10494,10494,-0.5365577691346441,2,2.0,-0.27749991186380857,No,22,4,4,1,5,5.0,-0.8070643926659207,3,4,2.5,3,3,-0.6542310960221126,0.6,2,2.0,-0.6152821934957711,1,1.0,-0.3685898527395261,0,0.0,-1.1555414685244687
47,No,Travel_Rarely,359,359,-1.0990723645623937,Research & Development,2,4,Medical,1,Female,82,82,0.7923904254756797,3,4,Research Director,3,Married,17169,16581,2.140645968475521,1,26703,26703,1.7406952839317362,3,3.0,0.12281890107805317,No,19,3,2,2,26,26.0,1.8918932284525256,2,4,2.5,20,18,1.794138840907512,0.7692307692307693,17,14.5,2.8347667243752306,5,5.0,0.8727093077317748,6,6.0,0.5260087297342232
24,No,Travel_Rarely,1476,1476,1.6691427801788998,Sales,4,1,Medical,4,Female,42,42,-1.1752006644944695,3,2,Sales Executive,3,Married,4162,4162,-0.49722871308062244,0,15211,15211,0.12614829856318518,1,1.0,-0.6778187248056703,Yes,12,3,3,2,5,5.0,-0.8070643926659207,3,3,3.25,5,5,-0.32778177109816264,1.0,4,4.0,-0.06327436663641088,0,0.0,-0.6789146428573514,3,3.0,-0.31476636939512276
32,No,Travel_Rarely,601,601,-0.4993337208494187,Sales,7,5,Marketing,4,Male,97,97,1.5302370842144857,3,2,Sales Executive,4,Married,9204,9204,0.573724193305244,0,23343,23343,1.26863838601681,4,4.0,0.5231377140199149,No,12,3,3,1,7,7.0,-0.5500208097022591,3,2,3.25,4,4,-0.4910064335601377,0.5714285714285714,3,3.0,-0.339278280066091,0,0.0,-0.6789146428573514,3,3.0,-0.31476636939512276
34,No,Travel_Rarely,401,401,-0.9949854925130344,Research & Development,1,3,Life Sciences,4,Female,86,86,0.9891495344726946,2,1,Laboratory Technician,2,Married,3294,3294,-0.6815974403203948,0,3708,3708,-1.4899441111735396,5,5.0,0.9234565269617766,No,17,3,1,1,7,7.0,-0.5500208097022591,2,2,2.25,5,5,-0.32778177109816264,0.7142857142857143,4,4.0,-0.06327436663641088,0,0.0,-0.6789146428573514,2,2.0,-0.5950247357715714
41,No,Travel_Rarely,1283,1283,1.1908388205235108,Research & Development,5,5,Medical,2,Male,90,90,1.1859086434697095,4,1,Research Scientist,3,Married,2127,2127,-0.9294756715287062,0,5561,5561,-1.2296103516984331,2,2.0,-0.27749991186380857,Yes,12,3,1,0,7,7.0,-0.5500208097022591,5,2,2.0,4,4,-0.4910064335601377,0.5714285714285714,2,2.0,-0.6152821934957711,0,0.0,-0.6789146428573514,3,3.0,-0.31476636939512276
40,No,Non-Travel,663,663,-0.34568167163369784,Research & Development,9,4,Other,3,Male,81,81,0.743200648226426,3,2,Laboratory Technician,3,Divorced,3975,3975,-0.5369487038569328,0,23099,23099,1.234358063668226,3,3.0,0.12281890107805317,No,11,3,3,2,11,11.0,-0.035933643774936005,2,4,3.25,8,8,0.1618922162877623,0.7272727272727273,7,7.0,0.7647373736526294,0,0.0,-0.6789146428573514,7,7.0,0.8062670961106719
31,No,Travel_Rarely,326,326,-1.18085490688689,Sales,8,2,Life Sciences,1,Male,31,31,-1.7162882142362605,3,3,Sales Executive,4,Divorced,10793,10793,0.9112379117199886,0,8386,8386,-0.8327172753265086,1,1.0,-0.6778187248056703,No,18,3,1,1,13,13.0,0.22110993918872554,5,3,2.25,13,13,0.9780155285976372,1.0,7,7.0,0.7647373736526294,9,7.5,1.6485212830263376,9,9.0,1.3667838288635692
46,Yes,Travel_Rarely,377,377,-1.0544637051126682,Sales,9,3,Marketing,1,Male,52,52,-0.6833028920019322,3,3,Sales Executive,4,Divorced,10096,10096,0.7631906733719226,0,15986,15986,0.235030469957253,4,4.0,0.5231377140199149,No,11,3,1,1,28,28.0,2.1489368114161875,1,4,2.5,7,7,-0.0013324461742127045,0.25,7,7.0,0.7647373736526294,4,4.0,0.5623845176139496,3,3.0,-0.31476636939512276
39,Yes,Non-Travel,592,592,-0.5216380505742814,Research & Development,2,3,Life Sciences,1,Female,54,54,-0.5849233375034247,2,1,Laboratory Technician,1,Single,3646,3646,-0.6068303988591046,0,17181,17181,0.40291975359068655,2,2.0,-0.27749991186380857,Yes,23,4,2,0,11,11.0,-0.035933643774936005,2,4,2.0,1,1,-0.9806804209460626,0.09090909090909091,0,0.0,-1.1672900203551313,0,0.0,-0.6789146428573514,0,0.0,-1.1555414685244687
31,Yes,Travel_Frequently,1445,1445,1.5923167555710394,Research & Development,1,5,Life Sciences,3,Female,100,100,1.6778064159622468,4,3,Manufacturing Director,2,Single,7446,7446,0.20031379873436875,0,8931,8931,-0.7561485225397125,1,1.0,-0.6778187248056703,No,11,3,1,0,10,10.0,-0.16445543525676679,2,3,2.25,10,10,0.48834154121171225,1.0,8,8.0,1.0407412870823096,4,4.0,0.5623845176139496,7,7.0,0.8062670961106719
45,No,Travel_Rarely,1038,1038,0.5836654002355814,Research & Development,20,3,Medical,2,Male,95,95,1.4318575297159781,1,3,Healthcare Representative,1,Divorced,10851,10851,0.9235574810516785,0,19863,19863,0.7797223131763509,2,2.0,-0.27749991186380857,Yes,18,3,2,1,24,24.0,1.6348496454888641,2,3,2.0,7,7,-0.0013324461742127045,0.2916666666666667,7,7.0,0.7647373736526294,0,0.0,-0.6789146428573514,7,7.0,0.8062670961106719
31,No,Travel_Rarely,1398,1398,1.4758385892300896,Human Resources,8,2,Medical,4,Female,96,96,1.481047306965232,4,1,Human Resources,2,Single,2109,2109,-0.9332989861488858,0,24609,24609,1.446502681481184,9,8.5,2.324572372258293,No,18,3,4,0,8,8.0,-0.42149901822042835,3,3,3.25,3,3,-0.6542310960221126,0.375,2,2.0,-0.6152821934957711,0,0.0,-0.6789146428573514,2,2.0,-0.5950247357715714
31,Yes,Travel_Frequently,523,523,-0.6926379117982288,Research & Development,2,3,Life Sciences,2,Male,94,94,1.3826677524667244,3,1,Laboratory Technician,4,Married,3722,3722,-0.5906875149072351,0,21081,21081,0.9508429386705116,6,6.0,1.3237753399036383,Yes,13,3,3,1,7,7.0,-0.5500208097022591,2,1,2.5,2,2,-0.8174557584840876,0.2857142857142857,2,2.0,-0.6152821934957711,2,2.0,-0.058265062621700905,2,2.0,-0.5950247357715714
45,No,Travel_Rarely,1448,1448,1.5997515321459936,Research & Development,29,3,Technical Degree,2,Male,55,55,-0.5357335602541711,3,3,Manufacturing Director,4,Married,9380,9380,0.6111077140358891,0,14720,14720,0.05716617449287902,4,4.0,0.5231377140199149,Yes,18,3,4,2,10,10.0,-0.16445543525676679,4,4,3.5,3,3,-0.6542310960221126,0.3,1,1.0,-0.8912861069254512,1,1.0,-0.3685898527395261,2,2.0,-0.5950247357715714
48,No,Travel_Rarely,1221,1221,1.0371867713077898,Sales,7,3,Marketing,3,Male,96,96,1.481047306965232,3,2,Sales Executive,1,Divorced,5486,5486,-0.2160026821296333,0,24795,24795,1.4726344026157603,4,4.0,0.5231377140199149,No,11,3,1,3,15,15.0,0.4781535221523871,3,3,2.0,2,2,-0.8174557584840876,0.13333333333333333,2,2.0,-0.6152821934957711,2,2.0,-0.058265062621700905,2,2.0,-0.5950247357715714
34,Yes,Travel_Rarely,1107,1107,0.7546652614595288,Human Resources,9,4,Technical Degree,1,Female,52,52,-0.6833028920019322,3,1,Human Resources,3,Married,2742,2742,-0.7988457553392362,0,3072,3072,-1.579297738278865,1,1.0,-0.6778187248056703,No,15,3,4,0,2,2.0,-1.192629767111413,0,3,2.75,2,2,-0.8174557584840876,1.0,2,2.0,-0.6152821934957711,2,2.0,-0.058265062621700905,2,2.0,-0.5950247357715714
40,No,Non-Travel,218,218,-1.4485068635852427,Research & Development,8,1,Medical,4,Male,55,55,-0.5357335602541711,2,3,Research Director,2,Divorced,13757,13757,1.5408103858428979,0,25178,25178,1.5264432692530867,2,2.0,-0.27749991186380857,No,11,3,3,1,16,16.0,0.6066753136342179,5,3,3.0,9,9,0.32511687874973727,0.5625,8,8.0,1.0407412870823096,4,4.0,0.5623845176139496,8,8.0,1.0865254624871206
28,No,Travel_Rarely,866,866,0.15740487660487204,Sales,5,3,Medical,4,Male,84,84,0.8907699799741872,3,2,Sales Executive,1,Single,8463,8463,0.41633107477451675,0,23490,23490,1.289290875300588,0,0.0,-1.078137537747532,No,18,3,4,0,6,6.0,-0.6785426011840899,4,3,3.0,5,5,-0.32778177109816264,0.8333333333333334,4,4.0,-0.06327436663641088,1,1.0,-0.3685898527395261,3,3.0,-0.31476636939512276
44,No,Non-Travel,981,981,0.442404645311451,Research & Development,5,3,Life Sciences,3,Male,90,90,1.1859086434697095,2,1,Laboratory Technician,3,Single,3162,3162,-0.7096350808683786,0,7973,7973,-0.8907409356952183,3,3.0,0.12281890107805317,No,14,3,4,0,7,7.0,-0.5500208097022591,5,3,3.25,5,5,-0.32778177109816264,0.7142857142857143,2,2.0,-0.6152821934957711,0,0.0,-0.6789146428573514,3,3.0,-0.31476636939512276
53,No,Travel_Rarely,447,447,-0.8809855850304027,Research & Development,2,3,Medical,4,Male,39,39,-1.3227699962422308,4,4,Research Director,2,Single,16598,16581,2.140645968475521,1,19764,19764,0.7658134938627861,4,4.0,0.5231377140199149,No,12,3,2,0,35,28.5,2.2131977071571027,2,2,2.5,9,9,0.32511687874973727,0.2571428571428571,8,8.0,1.0407412870823096,8,7.5,1.6485212830263376,8,8.0,1.0865254624871206
49,No,Travel_Rarely,1495,1495,1.7162296984869432,Research & Development,5,4,Technical Degree,1,Male,96,96,1.481047306965232,3,2,Healthcare Representative,3,Married,6651,6651,0.03145073634310261,0,21534,21534,1.0144863240143989,2,2.0,-0.27749991186380857,No,14,3,2,1,20,20.0,1.120762479561541,0,2,2.0,3,3,-0.6542310960221126,0.15,2,2.0,-0.6152821934957711,1,1.0,-0.3685898527395261,2,2.0,-0.5950247357715714
40,No,Travel_Rarely,896,896,0.23175264235441437,Research & Development,2,3,Medical,3,Male,68,68,0.10373354398612747,3,1,Research Scientist,3,Divorced,2345,2345,-0.8831710833509754,0,8045,8045,-0.8806254307398984,2,2.0,-0.27749991186380857,No,14,3,3,1,8,8.0,-0.42149901822042835,3,4,3.25,3,3,-0.6542310960221126,0.375,1,1.0,-0.8912861069254512,1,1.0,-0.3685898527395261,2,2.0,-0.5950247357715714
44,No,Travel_Rarely,1467,1467,1.646838450454037,Research & Development,20,3,Life Sciences,4,Male,49,49,-0.8308722237496934,3,1,Research Scientist,2,Single,3420,3420,-0.6548342379791375,0,21158,21158,0.9616609092477286,1,1.0,-0.6778187248056703,No,13,3,3,0,6,6.0,-0.6785426011840899,3,2,2.75,5,5,-0.32778177109816264,0.8333333333333334,2,2.0,-0.6152821934957711,1,1.0,-0.3685898527395261,3,3.0,-0.31476636939512276
33,No,Travel_Frequently,430,430,-0.9231159856218101,Sales,7,3,Medical,4,Male,54,54,-0.5849233375034247,3,2,Sales Executive,1,Married,4373,4373,-0.4524109694774059,0,17456,17456,0.4415553627950332,0,0.0,-1.078137537747532,No,14,3,1,2,5,5.0,-0.8070643926659207,2,3,2.25,4,4,-0.4910064335601377,0.8,3,3.0,-0.339278280066091,0,0.0,-0.6789146428573514,3,3.0,-0.31476636939512276
34,No,Travel_Rarely,1326,1326,1.297403951431188,Sales,3,3,Other,4,Male,81,81,0.743200648226426,1,2,Sales Executive,1,Single,4759,4759,-0.37042211151133203,0,15891,15891,0.22168362314120596,3,3.0,0.12281890107805317,No,18,3,4,0,15,15.0,0.4781535221523871,2,3,3.0,13,13,0.9780155285976372,0.8666666666666667,9,9.0,1.3167452005119897,3,3.0,0.2520597274961243,12,12.0,2.207558927992915
30,No,Travel_Rarely,1358,1358,1.3767082348973665,Sales,16,1,Life Sciences,4,Male,96,96,1.481047306965232,3,2,Sales Executive,3,Married,5301,5301,-0.2552978601703682,0,2939,2939,-1.5979833238213308,8,8.0,2.124412965787362,No,15,3,3,2,4,4.0,-0.9355861841477514,2,2,3.0,2,2,-0.8174557584840876,0.5,1,1.0,-0.8912861069254512,2,2.0,-0.058265062621700905,2,2.0,-0.5950247357715714
42,No,Travel_Frequently,748,748,-0.1350296686766612,Research & Development,9,2,Medical,1,Female,74,74,0.39887220748164987,3,1,Laboratory Technician,4,Single,3673,3673,-0.6010954269288352,0,16458,16458,0.30134322466434976,1,1.0,-0.6778187248056703,No,13,3,3,0,12,12.0,0.09258814770689477,3,3,2.75,12,12,0.8147908661356622,1.0,9,9.0,1.3167452005119897,5,5.0,0.8727093077317748,8,8.0,1.0865254624871206
44,No,Travel_Frequently,383,383,-1.0395941519627598,Sales,1,5,Marketing,1,Female,79,79,0.6448210937279185,3,2,Sales Executive,3,Married,4768,4768,-0.36851045420124223,0,9282,9282,-0.7068354358825283,7,7.0,1.7240941528455003,No,12,3,3,1,11,11.0,-0.035933643774936005,4,2,2.25,1,1,-0.9806804209460626,0.09090909090909091,0,0.0,-1.1672900203551313,0,0.0,-0.6789146428573514,0,0.0,-1.1555414685244687
30,No,Non-Travel,990,990,0.46470897503631375,Research & Development,7,3,Technical Degree,3,Male,64,64,-0.09302556501088746,3,1,Research Scientist,3,Divorced,1274,1274,-1.1106583032516621,0,7152,7152,-1.0060857908107403,1,1.0,-0.6778187248056703,No,13,3,2,2,1,1.0,-1.3211515585932438,2,2,2.5,1,1,-0.9806804209460626,1.0,0,0.0,-1.1672900203551313,0,0.0,-0.6789146428573514,0,0.0,-1.1555414685244687
57,No,Travel_Rarely,405,405,-0.985072457079762,Research & Development,1,2,Life Sciences,2,Male,93,93,1.3334779752174708,4,2,Research Scientist,3,Married,4900,4900,-0.34047281365325843,0,2721,2721,-1.6286108249360494,0,0.0,-1.078137537747532,No,24,4,1,1,13,13.0,0.22110993918872554,2,2,2.0,12,12,0.8147908661356622,0.9230769230769231,9,9.0,1.3167452005119897,2,2.0,-0.058265062621700905,8,8.0,1.0865254624871206
49,No,Travel_Rarely,1490,1490,1.703838404195353,Research & Development,7,4,Life Sciences,3,Male,35,35,-1.5195291052392457,3,3,Healthcare Representative,2,Divorced,10466,10466,0.8417810294533923,0,20948,20948,0.9321573531280457,3,3.0,0.12281890107805317,No,14,3,2,2,29,28.5,2.2131977071571027,3,3,2.5,8,8,0.1618922162877623,0.27586206896551724,7,7.0,0.7647373736526294,0,0.0,-0.6789146428573514,7,7.0,0.8062670961106719
34,No,Travel_Frequently,829,829,0.06570929884710314,Research & Development,15,3,Medical,2,Male,71,71,0.25130287573388865,3,4,Research Director,1,Divorced,17007,16581,2.140645968475521,1,11929,11929,-0.3349501356501445,7,7.0,1.7240941528455003,No,14,3,4,2,16,16.0,0.6066753136342179,3,2,2.25,14,14,1.1412401910596122,0.875,8,8.0,1.0407412870823096,6,6.0,1.1830340978496,9,9.0,1.3667838288635692
28,Yes,Travel_Frequently,1496,1496,1.7187079573452613,Sales,1,3,Technical Degree,1,Male,92,92,1.284288197968217,3,1,Sales Representative,3,Married,2909,2909,-0.7633738919186809,0,15747,15747,0.20145261323056626,3,3.0,0.12281890107805317,No,15,3,4,1,5,5.0,-0.8070643926659207,3,4,3.0,3,3,-0.6542310960221126,0.6,2,2.0,-0.6152821934957711,1,1.0,-0.3685898527395261,2,2.0,-0.5950247357715714
29,Yes,Travel_Frequently,115,115,-1.7037675259920046,Sales,13,3,Technical Degree,1,Female,51,51,-0.732492669251186,3,2,Sales Executive,2,Single,5765,5765,-0.15674130551684934,0,17485,17485,0.445629663402037,5,5.0,0.9234565269617766,No,11,3,1,0,7,7.0,-0.5500208097022591,4,1,1.25,5,5,-0.32778177109816264,0.7142857142857143,3,3.0,-0.339278280066091,0,0.0,-0.6789146428573514,0,0.0,-1.1555414685244687
34,Yes,Travel_Rarely,790,790,-0.03094279662730191,Sales,24,4,Medical,1,Female,40,40,-1.273580218992977,2,2,Sales Executive,2,Single,4599,4599,-0.404407130357373,0,7815,7815,-0.9129388493471702,0,0.0,-1.078137537747532,Yes,23,4,3,0,16,16.0,0.6066753136342179,2,4,2.5,15,15,1.3044648535215873,0.9375,9,9.0,1.3167452005119897,10,7.5,1.6485212830263376,10,10.0,1.6470421952400178
35,No,Travel_Rarely,660,660,-0.35311644820865207,Sales,7,1,Life Sciences,4,Male,76,76,0.4972517619801573,3,1,Sales Representative,3,Married,2404,2404,-0.8706391076514978,0,16192,16192,0.2639720535794181,1,1.0,-0.6778187248056703,No,13,3,1,1,1,1.0,-1.3211515585932438,3,3,2.75,1,1,-0.9806804209460626,1.0,0,0.0,-1.1672900203551313,0,0.0,-0.6789146428573514,0,0.0,-1.1555414685244687
24,Yes,Travel_Frequently,381,381,-1.0445506696793958,Research & Development,9,3,Medical,2,Male,89,89,1.1367188662204557,3,1,Laboratory Technician,1,Single,3172,3172,-0.707511017190501,0,16998,16998,0.3772095118292486,2,2.0,-0.27749991186380857,Yes,11,3,3,0,4,4.0,-0.9355861841477514,2,2,2.0,0,0,-1.1439050834080375,0.0,0,0.0,-1.1672900203551313,0,0.0,-0.6789146428573514,0,0.0,-1.1555414685244687
24,No,Non-Travel,830,830,0.06818755770542122,Sales,13,2,Life Sciences,4,Female,78,78,0.5956313164786647,3,1,Sales Representative,2,Married,2033,2033,-0.9494418701007553,0,7103,7103,-1.0129699539053332,1,1.0,-0.6778187248056703,No,13,3,3,1,1,1.0,-1.3211515585932438,2,3,3.0,1,1,-0.9806804209460626,1.0,0,0.0,-1.1672900203551313,0,0.0,-0.6789146428573514,0,0.0,-1.1555414685244687
44,No,Travel_Frequently,1193,1193,0.9677955232748836,Research & Development,2,1,Medical,2,Male,86,86,0.9891495344726946,3,3,Manufacturing Director,3,Single,10209,10209,0.787192592931939,0,19719,19719,0.7594913032657111,5,5.0,0.9234565269617766,Yes,18,3,2,0,16,16.0,0.6066753136342179,2,2,2.25,2,2,-0.8174557584840876,0.125,2,2.0,-0.6152821934957711,2,2.0,-0.058265062621700905,2,2.0,-0.5950247357715714
29,No,Travel_Rarely,1246,1246,1.0991432427657417,Sales,19,3,Life Sciences,3,Male,77,77,0.5464415392294111,2,2,Sales Executive,3,Divorced,8620,8620,0.44967887451719446,0,23757,23757,1.3268025395098992,1,1.0,-0.6778187248056703,No,14,3,3,2,10,10.0,-0.16445543525676679,3,3,3.0,10,10,0.48834154121171225,1.0,7,7.0,0.7647373736526294,0,0.0,-0.6789146428573514,4,4.0,-0.03450800301867408
30,No,Travel_Rarely,330,330,-1.170941871453618,Human Resources,1,3,Life Sciences,3,Male,46,46,-0.9784415554974546,3,1,Human Resources,3,Divorced,2064,2064,-0.9428572726993348,0,15428,15428,0.15663530655352417,0,0.0,-1.078137537747532,No,21,4,1,1,6,6.0,-0.6785426011840899,3,4,2.75,5,5,-0.32778177109816264,0.8333333333333334,3,3.0,-0.339278280066091,1,1.0,-0.3685898527395261,3,3.0,-0.31476636939512276
55,No,Travel_Rarely,1229,1229,1.0570128421743343,Research & Development,4,4,Life Sciences,4,Male,30,30,-1.7654779914855143,3,2,Healthcare Representative,3,Married,4035,4035,-0.5242043217896675,0,16143,16143,0.25708789048482544,0,0.0,-1.078137537747532,Yes,16,3,2,0,4,4.0,-0.9355861841477514,2,3,3.0,3,3,-0.6542310960221126,0.75,2,2.0,-0.6152821934957711,1,1.0,-0.3685898527395261,2,2.0,-0.5950247357715714
33,No,Travel_Rarely,1099,1099,0.7348391905929843,Research & Development,4,4,Medical,1,Female,82,82,0.7923904254756797,2,1,Laboratory Technician,2,Married,3838,3838,-0.5660483762438554,0,8192,8192,-0.8599729414561204,8,8.0,2.124412965787362,No,11,3,4,0,8,8.0,-0.42149901822042835,5,3,2.5,5,5,-0.32778177109816264,0.625,4,4.0,-0.06327436663641088,0,0.0,-0.6789146428573514,2,2.0,-0.5950247357715714
47,No,Travel_Rarely,571,571,-0.573681486598961,Sales,14,3,Medical,3,Female,78,78,0.5956313164786647,3,2,Sales Executive,3,Married,4591,4591,-0.4061063812996751,0,24200,24200,1.3890409936099921,3,3.0,0.12281890107805317,Yes,17,3,3,1,11,11.0,-0.035933643774936005,4,2,2.75,5,5,-0.32778177109816264,0.45454545454545453,4,4.0,-0.06327436663641088,1,1.0,-0.3685898527395261,2,2.0,-0.5950247357715714
28,Yes,Travel_Frequently,289,289,-1.2725504846446591,Research & Development,2,2,Medical,3,Male,38,38,-1.3719597734914843,2,1,Laboratory Technician,1,Single,2561,2561,-0.83729130790882,0,5355,5355,-1.2585519353205983,7,7.0,1.7240941528455003,No,11,3,3,0,8,8.0,-0.42149901822042835,2,2,2.25,0,0,-1.1439050834080375,0.0,0,0.0,-1.1672900203551313,0,0.0,-0.6789146428573514,0,0.0,-1.1555414685244687
28,No,Travel_Rarely,1423,1423,1.5377950606880415,Research & Development,1,3,Life Sciences,1,Male,72,72,0.30049265298314237,2,1,Research Scientist,3,Divorced,1563,1563,-1.0492728629610006,0,12530,12530,-0.25051376789809965,1,1.0,-0.6778187248056703,No,14,3,4,1,1,1.0,-1.3211515585932438,2,1,2.25,1,1,-0.9806804209460626,1.0,0,0.0,-1.1672900203551313,0,0.0,-0.6789146428573514,0,0.0,-1.1555414685244687
28,No,Travel_Frequently,467,467,-0.8314204078640411,Sales,7,3,Life Sciences,3,Male,55,55,-0.5357335602541711,3,2,Sales Executive,1,Single,4898,4898,-0.3408976263888339,0,11827,11827,-0.3492804343368476,0,0.0,-1.078137537747532,No,14,3,4,0,5,5.0,-0.8070643926659207,5,3,2.75,4,4,-0.4910064335601377,0.8,2,2.0,-0.6152821934957711,1,1.0,-0.3685898527395261,3,3.0,-0.31476636939512276
49,No,Travel_Rarely,271,271,-1.3171591440943844,Research & Development,3,2,Medical,3,Female,43,43,-1.1260108872452157,2,2,Laboratory Technician,1,Married,4789,4789,-0.36404992047769935,0,23070,23070,1.2302837630612222,4,4.0,0.5231377140199149,No,25,4,1,1,10,10.0,-0.16445543525676679,3,3,2.0,3,3,-0.6542310960221126,0.3,2,2.0,-0.6152821934957711,1,1.0,-0.3685898527395261,2,2.0,-0.5950247357715714
29,No,Travel_Frequently,410,410,-0.9726811627881716,Research & Development,2,1,Life Sciences,4,Female,97,97,1.5302370842144857,3,1,Laboratory Technician,2,Married,3180,3180,-0.705811766248199,0,4668,4668,-1.355070711769275,0,0.0,-1.078137537747532,No,13,3,3,3,4,4.0,-0.9355861841477514,3,3,3.0,3,3,-0.6542310960221126,0.75,2,2.0,-0.6152821934957711,0,0.0,-0.6789146428573514,2,2.0,-0.5950247357715714
28,No,Travel_Rarely,1083,1083,0.695187048859895,Research & Development,29,1,Life Sciences,3,Male,96,96,1.481047306965232,1,2,Manufacturing Director,2,Married,6549,6549,0.00978528682875148,0,3173,3173,-1.5651079327165414,1,1.0,-0.6778187248056703,No,14,3,2,2,8,8.0,-0.42149901822042835,2,2,2.25,8,8,0.1618922162877623,1.0,6,6.0,0.48873346022294933,1,1.0,-0.3685898527395261,7,7.0,0.8062670961106719
33,No,Travel_Rarely,516,516,-0.7099857238064553,Research & Development,8,5,Life Sciences,4,Male,69,69,0.1529233212353812,3,2,Healthcare Representative,3,Single,6388,6388,-0.02441213838507726,0,22049,22049,1.0868402830698116,2,2.0,-0.27749991186380857,Yes,17,3,1,0,14,14.0,0.3496317306705563,6,3,2.75,0,0,-1.1439050834080375,0.0,0,0.0,-1.1672900203551313,0,0.0,-0.6789146428573514,0,0.0,-1.1555414685244687
32,No,Travel_Rarely,495,495,-0.762029159831135,Research & Development,10,3,Medical,3,Male,64,64,-0.09302556501088746,3,3,Manager,4,Single,11244,11244,1.0070331835922666,0,21072,21072,0.9495785005510966,2,2.0,-0.27749991186380857,No,25,4,2,0,10,10.0,-0.16445543525676679,5,4,3.25,5,5,-0.32778177109816264,0.5,2,2.0,-0.6152821934957711,0,0.0,-0.6789146428573514,0,0.0,-1.1555414685244687
54,No,Travel_Frequently,1050,1050,0.6134045065353985,Research & Development,11,4,Medical,2,Female,87,87,1.0383393117219484,3,4,Manager,4,Divorced,16032,16032,2.0240348725600428,0,24456,24456,1.4250072334511295,3,3.0,0.12281890107805317,No,20,4,1,1,26,26.0,1.8918932284525256,2,3,2.5,14,14,1.1412401910596122,0.5384615384615384,9,9.0,1.3167452005119897,1,1.0,-0.3685898527395261,12,12.0,2.207558927992915
29,Yes,Travel_Rarely,224,224,-1.4336373104353342,Research & Development,1,4,Technical Degree,1,Male,100,100,1.6778064159622468,2,1,Research Scientist,1,Single,2362,2362,-0.8795601750985835,0,7568,7568,-0.9476406510688924,6,6.0,1.3237753399036383,No,13,3,3,0,11,11.0,-0.035933643774936005,2,1,1.5,9,9,0.32511687874973727,0.8181818181818182,7,7.0,0.7647373736526294,0,0.0,-0.6789146428573514,7,7.0,0.8062670961106719
44,No,Travel_Rarely,136,136,-1.6517240899673251,Research & Development,28,3,Life Sciences,4,Male,32,32,-1.6670984369870068,3,4,Research Director,1,Married,16328,16328,2.0869071574252187,0,22074,22074,1.0903526111792978,3,3.0,0.12281890107805317,No,13,3,3,1,24,24.0,1.6348496454888641,1,4,3.0,20,18,1.794138840907512,0.8333333333333334,6,6.0,0.48873346022294933,14,7.5,1.6485212830263376,17,14.5,2.908204843934037
39,No,Travel_Rarely,1089,1089,0.7100566020098035,Research & Development,6,3,Life Sciences,2,Female,32,32,-1.6670984369870068,3,3,Manufacturing Director,2,Single,8376,8376,0.39785172077698194,0,9150,9150,-0.7253805283006146,4,4.0,0.5231377140199149,No,18,3,4,0,9,9.0,-0.29297722673859755,3,3,2.75,2,2,-0.8174557584840876,0.2222222222222222,0,0.0,-1.1672900203551313,2,2.0,-0.058265062621700905,2,2.0,-0.5950247357715714
46,No,Travel_Rarely,228,228,-1.4237242750020618,Sales,3,3,Life Sciences,3,Female,51,51,-0.732492669251186,3,4,Manager,2,Married,16606,16581,2.140645968475521,1,11380,11380,-0.4120808609344583,8,8.0,2.124412965787362,No,12,3,4,1,23,23.0,1.5063278540070333,2,4,3.25,13,13,0.9780155285976372,0.5652173913043478,12,12.0,2.14475694080103,5,5.0,0.8727093077317748,1,1.0,-0.8752831021480201
35,No,Travel_Rarely,1029,1029,0.5613610705107188,Research & Development,16,3,Life Sciences,4,Female,91,91,1.2350984207189633,2,3,Healthcare Representative,2,Single,8606,8606,0.4467051853681659,0,21195,21195,0.966859154849768,1,1.0,-0.6778187248056703,No,19,3,4,0,11,11.0,-0.035933643774936005,3,1,2.75,11,11,0.6515662036736872,1.0,8,8.0,1.0407412870823096,3,3.0,0.2520597274961243,3,3.0,-0.31476636939512276
23,No,Travel_Rarely,507,507,-0.732290053531318,Research & Development,20,1,Life Sciences,1,Male,97,97,1.5302370842144857,3,2,Laboratory Technician,3,Single,2272,2272,-0.8986767481994816,0,24812,24812,1.4750227857302107,0,0.0,-1.078137537747532,No,14,3,2,0,5,5.0,-0.8070643926659207,2,3,2.25,4,4,-0.4910064335601377,0.8,3,3.0,-0.339278280066091,1,1.0,-0.3685898527395261,2,2.0,-0.5950247357715714
40,Yes,Travel_Rarely,676,676,-0.31346430647556284,Research & Development,9,4,Life Sciences,4,Male,86,86,0.9891495344726946,3,1,Laboratory Technician,1,Single,2018,2018,-0.9526279656175717,0,21831,21831,1.0562127819550933,3,3.0,0.12281890107805317,No,14,3,2,0,15,15.0,0.4781535221523871,3,1,2.0,5,5,-0.32778177109816264,0.3333333333333333,4,4.0,-0.06327436663641088,1,1.0,-0.3685898527395261,0,0.0,-1.1555414685244687
34,No,Travel_Rarely,971,971,0.41762205672827024,Sales,1,3,Technical Degree,4,Male,64,64,-0.09302556501088746,2,3,Sales Executive,3,Married,7083,7083,0.12321028722741327,0,12288,12288,-0.2845131039979247,1,1.0,-0.6778187248056703,Yes,14,3,4,0,10,10.0,-0.16445543525676679,3,3,3.5,10,10,0.48834154121171225,1.0,9,9.0,1.3167452005119897,8,7.5,1.6485212830263376,6,6.0,0.5260087297342232
31,Yes,Travel_Frequently,561,561,-0.5984640751821418,Research & Development,3,3,Life Sciences,4,Female,33,33,-1.617908659737753,3,1,Research Scientist,3,Single,4084,4084,-0.5137964097680674,0,4156,4156,-1.4270031914515495,1,1.0,-0.6778187248056703,No,12,3,1,0,7,7.0,-0.5500208097022591,2,1,2.25,7,7,-0.0013324461742127045,1.0,2,2.0,-0.6152821934957711,7,7.0,1.493358887967425,7,7.0,0.8062670961106719
50,No,Travel_Frequently,333,333,-1.1635070948786637,Research & Development,22,5,Medical,3,Male,88,88,1.0875290889712022,1,4,Research Director,4,Single,14411,14411,1.6797241503760902,0,24450,24450,1.4241642747048526,1,1.0,-0.6778187248056703,Yes,13,3,4,0,32,28.5,2.2131977071571027,2,3,3.5,32,18,1.794138840907512,1.0,6,6.0,0.48873346022294933,13,7.5,1.6485212830263376,9,9.0,1.3667838288635692
34,No,Travel_Rarely,1440,1440,1.5799254612794489,Sales,7,2,Technical Degree,2,Male,55,55,-0.5357335602541711,3,1,Sales Representative,3,Married,2308,2308,-0.8910301189591223,0,4944,4944,-1.316294609440549,0,0.0,-1.078137537747532,Yes,25,4,2,1,12,12.0,0.09258814770689477,4,3,2.5,11,11,0.6515662036736872,0.9166666666666666,10,10.0,1.5927491139416698,5,5.0,0.8727093077317748,7,7.0,0.8062670961106719
42,No,Travel_Rarely,1210,1210,1.009925923866291,Research & Development,2,3,Medical,3,Male,68,68,0.10373354398612747,2,1,Laboratory Technician,2,Married,4841,4841,-0.35300478935273605,0,24052,24052,1.3682480112018347,4,4.0,0.5231377140199149,No,14,3,2,1,4,4.0,-0.9355861841477514,3,3,2.5,1,1,-0.9806804209460626,0.25,0,0.0,-1.1672900203551313,0,0.0,-0.6789146428573514,0,0.0,-1.1555414685244687
37,No,Travel_Rarely,674,674,-0.31842082419219897,Research & Development,13,3,Medical,1,Male,47,47,-0.9292517782482008,3,2,Research Scientist,4,Married,4285,4285,-0.47110272984272844,0,3031,3031,-1.5850579563784222,1,1.0,-0.6778187248056703,No,17,3,1,0,10,10.0,-0.16445543525676679,2,3,2.25,10,10,0.48834154121171225,1.0,8,8.0,1.0407412870823096,3,3.0,0.2520597274961243,7,7.0,0.8062670961106719
29,No,Travel_Rarely,441,441,-0.8958551381803112,Research & Development,8,1,Other,3,Female,39,39,-1.3227699962422308,1,2,Healthcare Representative,1,Married,9715,9715,0.6822638472447875,0,7288,7288,-0.9869787258951362,3,3.0,0.12281890107805317,No,13,3,3,1,9,9.0,-0.29297722673859755,3,3,2.5,7,7,-0.0013324461742127045,0.7777777777777778,7,7.0,0.7647373736526294,0,0.0,-0.6789146428573514,7,7.0,0.8062670961106719
33,No,Travel_Rarely,575,575,-0.5637684511656887,Research & Development,25,3,Life Sciences,4,Male,44,44,-1.0768211099959621,2,2,Manufacturing Director,2,Single,4320,4320,-0.463668506970157,0,24152,24152,1.3822973236397789,1,1.0,-0.6778187248056703,No,13,3,4,0,5,5.0,-0.8070643926659207,2,3,3.25,5,5,-0.32778177109816264,1.0,3,3.0,-0.339278280066091,0,0.0,-0.6789146428573514,2,2.0,-0.5950247357715714
45,No,Travel_Rarely,950,950,0.3655786207035906,Research & Development,28,3,Technical Degree,4,Male,97,97,1.5302370842144857,3,1,Research Scientist,4,Married,2132,2132,-0.9284136396897674,0,4585,4585,-1.3667316410927688,4,4.0,0.5231377140199149,No,20,4,4,1,8,8.0,-0.42149901822042835,3,3,3.75,5,5,-0.32778177109816264,0.625,4,4.0,-0.06327436663641088,0,0.0,-0.6789146428573514,3,3.0,-0.31476636939512276
42,No,Travel_Frequently,288,288,-1.2750287435029772,Research & Development,2,3,Life Sciences,4,Male,40,40,-1.273580218992977,3,3,Healthcare Representative,4,Married,10124,10124,0.7691380516699797,0,18611,18611,0.603824921453289,2,2.0,-0.27749991186380857,Yes,14,3,3,1,24,24.0,1.6348496454888641,3,1,3.0,20,18,1.794138840907512,0.8333333333333334,8,8.0,1.0407412870823096,13,7.5,1.6485212830263376,9,9.0,1.3667838288635692
40,No,Travel_Rarely,1342,1342,1.3370560931642772,Sales,9,2,Medical,1,Male,47,47,-0.9292517782482008,3,2,Sales Executive,1,Married,5473,5473,-0.21876396491087413,0,19345,19345,0.7069468747477997,0,0.0,-1.078137537747532,No,12,3,4,0,9,9.0,-0.29297722673859755,5,4,2.5,8,8,0.1618922162877623,0.8888888888888888,4,4.0,-0.06327436663641088,7,7.0,1.493358887967425,1,1.0,-0.8752831021480201
33,No,Travel_Rarely,589,589,-0.5290728271492356,Research & Development,28,4,Life Sciences,2,Male,79,79,0.6448210937279185,3,2,Laboratory Technician,3,Married,5207,5207,-0.2752640587424173,0,22949,22949,1.2132840950113097,1,1.0,-0.6778187248056703,Yes,12,3,2,1,15,15.0,0.4781535221523871,3,3,2.5,15,15,1.3044648535215873,1.0,14,14.0,2.6967647676603903,5,5.0,0.8727093077317748,7,7.0,0.8062670961106719
40,No,Travel_Rarely,898,898,0.23670916007105053,Human Resources,6,2,Medical,3,Male,38,38,-1.3719597734914843,3,4,Manager,4,Single,16437,16437,2.110059451514084,0,17381,17381,0.43101837846657504,1,1.0,-0.6778187248056703,Yes,21,4,4,0,21,21.0,1.2492842710433718,2,3,3.5,21,18,1.794138840907512,1.0,7,7.0,0.7647373736526294,7,7.0,1.493358887967425,7,7.0,0.8062670961106719
24,No,Travel_Rarely,350,350,-1.1213766942872563,Research & Development,21,2,Technical Degree,3,Male,57,57,-0.4373540057556636,2,1,Laboratory Technician,1,Divorced,2296,2296,-0.8935789953725755,0,10036,10036,-0.6009036201004287,0,0.0,-1.078137537747532,No,14,3,2,3,2,2.0,-1.192629767111413,3,3,2.25,1,1,-0.9806804209460626,0.5,1,1.0,-0.8912861069254512,0,0.0,-0.6789146428573514,0,0.0,-1.1555414685244687
40,No,Non-Travel,1142,1142,0.8414043215006616,Research & Development,8,2,Life Sciences,4,Male,72,72,0.30049265298314237,3,2,Healthcare Representative,4,Divorced,4069,4069,-0.5169825052848838,0,8841,8841,-0.7687929037338623,3,3.0,0.12281890107805317,Yes,18,3,3,0,8,8.0,-0.42149901822042835,2,3,3.5,2,2,-0.8174557584840876,0.25,2,2.0,-0.6152821934957711,2,2.0,-0.058265062621700905,2,2.0,-0.5950247357715714
45,No,Travel_Rarely,538,538,-0.6554640289234576,Research & Development,1,4,Technical Degree,1,Male,66,66,0.005353989487620002,3,3,Healthcare Representative,2,Divorced,7441,7441,0.19925176689542998,0,20933,20933,0.9300499562623541,1,1.0,-0.6778187248056703,No,12,3,1,3,10,10.0,-0.16445543525676679,4,3,1.75,10,10,0.48834154121171225,1.0,8,8.0,1.0407412870823096,7,7.0,1.493358887967425,7,7.0,0.8062670961106719
35,No,Travel_Rarely,1402,1402,1.485751624663362,Sales,28,4,Life Sciences,2,Female,98,98,1.5794268614637395,2,1,Sales Representative,3,Married,2430,2430,-0.8651165420890161,0,26204,26204,1.6705892148663946,0,0.0,-1.078137537747532,No,23,4,1,2,6,6.0,-0.6785426011840899,5,3,2.25,5,5,-0.32778177109816264,0.8333333333333334,3,3.0,-0.339278280066091,4,4.0,0.5623845176139496,2,2.0,-0.5950247357715714
32,No,Travel_Rarely,824,824,0.05331800455551275,Research & Development,5,2,Life Sciences,4,Female,67,67,0.05454376673687373,2,2,Research Scientist,2,Married,5878,5878,-0.1327393859568329,0,15624,15624,0.18417195893189486,3,3.0,0.12281890107805317,No,12,3,1,1,12,12.0,0.09258814770689477,2,3,2.5,7,7,-0.0013324461742127045,0.5833333333333334,1,1.0,-0.8912861069254512,2,2.0,-0.058265062621700905,5,5.0,0.2457503633577746
36,No,Travel_Rarely,1157,1157,0.8785782043754328,Sales,2,4,Life Sciences,3,Male,70,70,0.20211309848463493,3,1,Sales Representative,4,Single,2644,2644,-0.8196615793824363,0,17001,17001,0.3776309912023869,3,3.0,0.12281890107805317,Yes,21,4,4,0,7,7.0,-0.5500208097022591,3,2,3.25,3,3,-0.6542310960221126,0.42857142857142855,2,2.0,-0.6152821934957711,1,1.0,-0.3685898527395261,2,2.0,-0.5950247357715714
48,No,Travel_Rarely,492,492,-0.7694639364060892,Sales,16,4,Life Sciences,3,Female,96,96,1.481047306965232,3,2,Sales Executive,3,Divorced,6439,6439,-0.013579413627901698,0,13693,13693,-0.08712026424480823,8,8.0,2.124412965787362,No,14,3,3,1,18,18.0,0.8637188965978794,2,3,3.0,8,8,0.1618922162877623,0.4444444444444444,7,7.0,0.7647373736526294,7,7.0,1.493358887967425,7,7.0,0.8062670961106719
29,No,Travel_Rarely,598,598,-0.5067684974243729,Research & Development,9,3,Life Sciences,3,Male,91,91,1.2350984207189633,4,1,Research Scientist,3,Married,2451,2451,-0.8606560083654732,0,22376,22376,1.1327815347418895,6,6.0,1.3237753399036383,No,18,3,1,2,5,5.0,-0.8070643926659207,2,2,2.25,1,1,-0.9806804209460626,0.2,0,0.0,-1.1672900203551313,0,0.0,-0.6789146428573514,0,0.0,-1.1555414685244687
33,No,Travel_Rarely,1242,1242,1.0892302073324693,Sales,8,4,Life Sciences,1,Male,46,46,-0.9784415554974546,3,2,Sales Executive,1,Married,6392,6392,-0.023562512913926238,0,10589,10589,-0.5232109223185972,2,2.0,-0.27749991186380857,No,13,3,4,1,8,8.0,-0.42149901822042835,6,1,1.75,2,2,-0.8174557584840876,0.25,2,2.0,-0.6152821934957711,2,2.0,-0.058265062621700905,2,2.0,-0.5950247357715714
30,Yes,Travel_Rarely,740,740,-0.1548557395432058,Sales,1,3,Life Sciences,2,Male,64,64,-0.09302556501088746,2,2,Sales Executive,1,Married,9714,9714,0.6820514408769996,0,5323,5323,-1.2630477153007404,1,1.0,-0.6778187248056703,No,11,3,4,1,10,10.0,-0.16445543525676679,4,3,2.5,10,10,0.48834154121171225,1.0,8,8.0,1.0407412870823096,6,6.0,1.1830340978496,7,7.0,0.8062670961106719
38,No,Travel_Frequently,888,888,0.21192657148786975,Human Resources,10,4,Human Resources,3,Male,71,71,0.25130287573388865,3,2,Human Resources,3,Married,6077,6077,-0.09047051876706942,0,14814,14814,0.0703725281845466,3,3.0,0.12281890107805317,No,11,3,3,0,10,10.0,-0.16445543525676679,2,3,3.0,6,6,-0.1645571086361877,0.6,3,3.0,-0.339278280066091,1,1.0,-0.3685898527395261,2,2.0,-0.5950247357715714
35,No,Travel_Rarely,992,992,0.4696654927529499,Research & Development,1,3,Medical,4,Male,68,68,0.10373354398612747,2,1,Laboratory Technician,1,Single,2450,2450,-0.860868414733261,0,21731,21731,1.042163469517149,1,1.0,-0.6778187248056703,No,19,3,2,0,3,3.0,-1.0641079756295821,3,3,2.5,3,3,-0.6542310960221126,1.0,0,0.0,-1.1672900203551313,1,1.0,-0.3685898527395261,2,2.0,-0.5950247357715714
30,No,Travel_Rarely,1288,1288,1.203230114815101,Sales,29,4,Technical Degree,3,Male,33,33,-1.617908659737753,3,3,Sales Executive,2,Married,9250,9250,0.5834948862234809,0,17799,17799,0.4897445044571819,3,3.0,0.12281890107805317,No,12,3,2,1,9,9.0,-0.29297722673859755,3,3,2.5,4,4,-0.4910064335601377,0.4444444444444444,2,2.0,-0.6152821934957711,1,1.0,-0.3685898527395261,3,3.0,-0.31476636939512276
35,Yes,Travel_Rarely,104,104,-1.7310283734335035,Research & Development,2,3,Life Sciences,1,Female,69,69,0.1529233212353812,3,1,Laboratory Technician,1,Divorced,2074,2074,-0.9407332090214573,0,26619,26619,1.7288938614838631,1,1.0,-0.6778187248056703,Yes,12,3,4,1,1,1.0,-1.3211515585932438,2,3,2.25,1,1,-0.9806804209460626,1.0,0,0.0,-1.1672900203551313,0,0.0,-0.6789146428573514,0,0.0,-1.1555414685244687
53,Yes,Travel_Rarely,607,607,-0.48446416769951023,Research & Development,2,5,Technical Degree,3,Female,78,78,0.5956313164786647,2,3,Manufacturing Director,4,Married,10169,10169,0.7786963382204287,0,14618,14618,0.042835875806175906,0,0.0,-1.078137537747532,No,16,3,2,1,34,28.5,2.2131977071571027,4,3,3.0,33,18,1.794138840907512,0.9705882352941176,7,7.0,0.7647373736526294,1,1.0,-0.3685898527395261,9,9.0,1.3667838288635692
38,Yes,Travel_Rarely,903,903,0.24910045436264092,Research & Development,2,3,Medical,3,Male,81,81,0.743200648226426,3,2,Manufacturing Director,2,Married,4855,4855,-0.3500311002037074,0,7653,7653,-0.9356987354966398,4,4.0,0.5231377140199149,No,11,3,1,2,7,7.0,-0.5500208097022591,2,3,2.25,5,5,-0.32778177109816264,0.7142857142857143,2,2.0,-0.6152821934957711,1,1.0,-0.3685898527395261,4,4.0,-0.03450800301867408
32,No,Non-Travel,1200,1200,0.9851433352831102,Research & Development,1,4,Technical Degree,4,Male,62,62,-0.19140511950939493,3,2,Research Scientist,1,Married,4087,4087,-0.5131591906647042,0,25174,25174,1.525881296755569,4,4.0,0.5231377140199149,No,14,3,2,1,9,9.0,-0.29297722673859755,3,2,2.25,6,6,-0.1645571086361877,0.6666666666666666,5,5.0,0.21272954679326922,1,1.0,-0.3685898527395261,2,2.0,-0.5950247357715714
48,No,Travel_Rarely,1108,1108,0.7571435203178469,Research & Development,15,4,Other,3,Female,65,65,-0.04383578776163373,3,1,Research Scientist,1,Married,2367,2367,-0.8784981432596447,0,16530,16530,0.3114587296196696,8,8.0,2.124412965787362,No,12,3,4,1,10,10.0,-0.16445543525676679,3,2,2.5,8,8,0.1618922162877623,0.8,2,2.0,-0.6152821934957711,7,7.0,1.493358887967425,6,6.0,0.5260087297342232
34,No,Travel_Rarely,479,479,-0.8016813015642242,Research & Development,7,4,Medical,1,Male,35,35,-1.5195291052392457,3,1,Research Scientist,4,Single,2972,2972,-0.7499922907480523,0,22061,22061,1.088526200562365,1,1.0,-0.6778187248056703,No,13,3,3,0,1,1.0,-1.3211515585932438,4,1,2.25,1,1,-0.9806804209460626,1.0,0,0.0,-1.1672900203551313,0,0.0,-0.6789146428573514,0,0.0,-1.1555414685244687
55,No,Travel_Rarely,685,685,-0.2911599767507001,Sales,26,5,Marketing,3,Male,60,60,-0.28978467400790237,2,5,Manager,4,Married,19586,16581,2.140645968475521,1,23037,23037,1.2256474899567007,1,1.0,-0.6778187248056703,No,21,4,3,1,36,28.5,2.2131977071571027,3,3,3.25,36,18,1.794138840907512,1.0,6,6.0,0.48873346022294933,2,2.0,-0.058265062621700905,13,13.0,2.4878172943693637
34,No,Travel_Rarely,1351,1351,1.35936042288914,Research & Development,1,4,Life Sciences,2,Male,45,45,-1.0276313327467084,3,2,Research Scientist,4,Married,5484,5484,-0.21642749486520882,0,13008,13008,-0.18335805444472622,9,8.5,2.324572372258293,No,17,3,2,1,9,9.0,-0.29297722673859755,3,2,2.5,2,2,-0.8174557584840876,0.2222222222222222,2,2.0,-0.6152821934957711,2,2.0,-0.058265062621700905,1,1.0,-0.8752831021480201
26,No,Travel_Rarely,474,474,-0.8140725958558146,Research & Development,3,3,Life Sciences,1,Female,89,89,1.1367188662204557,3,1,Research Scientist,4,Married,2061,2061,-0.9434944918026982,0,11133,11133,-0.44678266265618055,1,1.0,-0.6778187248056703,No,21,4,1,0,1,1.0,-1.3211515585932438,5,3,2.25,1,1,-0.9806804209460626,1.0,0,0.0,-1.1672900203551313,0,0.0,-0.6789146428573514,0,0.0,-1.1555414685244687
38,No,Travel_Rarely,1245,1245,1.0966649839074236,Sales,14,3,Life Sciences,3,Male,80,80,0.6940108709771722,3,2,Sales Executive,2,Married,9924,9924,0.7266567781124285,0,12355,12355,-0.27510006466450204,0,0.0,-1.078137537747532,No,11,3,4,1,10,10.0,-0.16445543525676679,3,3,3.0,9,9,0.32511687874973727,0.9,8,8.0,1.0407412870823096,7,7.0,1.493358887967425,7,7.0,0.8062670961106719
38,No,Travel_Rarely,437,437,-0.9057681736135835,Sales,16,3,Life Sciences,2,Female,90,90,1.1859086434697095,3,2,Sales Executive,2,Single,4198,4198,-0.48958208384026325,0,16379,16379,0.2902442678383738,2,2.0,-0.27749991186380857,No,12,3,2,0,8,8.0,-0.42149901822042835,5,4,2.5,3,3,-0.6542310960221126,0.375,2,2.0,-0.6152821934957711,1,1.0,-0.3685898527395261,2,2.0,-0.5950247357715714
36,No,Travel_Rarely,884,884,0.20201353605459743,Sales,1,4,Life Sciences,2,Female,73,73,0.3496824302323961,3,2,Sales Executive,3,Single,6815,6815,0.06628538066029462,0,21447,21447,1.0022634221933875,6,6.0,1.3237753399036383,No,13,3,1,0,15,15.0,0.4781535221523871,5,3,2.25,1,1,-0.9806804209460626,0.06666666666666667,0,0.0,-1.1672900203551313,0,0.0,-0.6789146428573514,0,0.0,-1.1555414685244687
29,No,Travel_Rarely,1370,1370,1.4064473411971834,Research & Development,3,1,Medical,2,Male,87,87,1.0383393117219484,3,1,Laboratory Technician,1,Single,4723,4723,-0.3780687407516913,0,16213,16213,0.2669224091913864,1,1.0,-0.6778187248056703,Yes,18,3,4,0,10,10.0,-0.16445543525676679,3,3,2.5,10,10,0.48834154121171225,1.0,9,9.0,1.3167452005119897,1,1.0,-0.3685898527395261,5,5.0,0.2457503633577746
35,No,Travel_Rarely,670,670,-0.3283338596254713,Research & Development,10,4,Medical,1,Female,51,51,-0.732492669251186,3,2,Healthcare Representative,3,Single,6142,6142,-0.07666410486086528,0,4223,4223,-1.417590152118127,3,3.0,0.12281890107805317,Yes,16,3,3,0,10,10.0,-0.16445543525676679,4,3,2.5,5,5,-0.32778177109816264,0.5,2,2.0,-0.6152821934957711,0,0.0,-0.6789146428573514,4,4.0,-0.03450800301867408
39,No,Travel_Rarely,1462,1462,1.6344471561624467,Sales,6,3,Medical,4,Male,38,38,-1.3719597734914843,4,3,Sales Executive,3,Married,8237,8237,0.3683272356544839,0,4658,4658,-1.3564756430130696,2,2.0,-0.27749991186380857,No,11,3,1,1,11,11.0,-0.035933643774936005,3,3,2.75,7,7,-0.0013324461742127045,0.6363636363636364,6,6.0,0.48873346022294933,7,7.0,1.493358887967425,6,6.0,0.5260087297342232
29,No,Travel_Frequently,995,995,0.4771002693279041,Research & Development,2,1,Life Sciences,1,Male,87,87,1.0383393117219484,3,2,Healthcare Representative,4,Divorced,8853,8853,0.49916955821174164,0,24483,24483,1.4288005478093744,1,1.0,-0.6778187248056703,No,19,3,4,1,6,6.0,-0.6785426011840899,0,4,3.25,6,6,-0.1645571086361877,1.0,4,4.0,-0.06327436663641088,1,1.0,-0.3685898527395261,3,3.0,-0.31476636939512276
50,No,Travel_Rarely,264,264,-1.334506956102611,Sales,9,3,Marketing,3,Male,59,59,-0.3389744512571561,3,5,Manager,3,Married,19331,16581,2.140645968475521,1,19519,19519,0.7313926783898227,4,4.0,0.5231377140199149,Yes,16,3,3,1,27,27.0,2.0204150199343562,2,3,3.0,1,1,-0.9806804209460626,0.037037037037037035,0,0.0,-1.1672900203551313,0,0.0,-0.6789146428573514,0,0.0,-1.1555414685244687
23,No,Travel_Rarely,977,977,0.4324916098781787,Research & Development,10,3,Technical Degree,4,Male,45,45,-1.0276313327467084,4,1,Research Scientist,3,Married,2073,2073,-0.940945615389245,0,12826,12826,-0.2089278030817847,2,2.0,-0.27749991186380857,No,16,3,4,1,4,4.0,-0.9355861841477514,2,3,3.5,2,2,-0.8174557584840876,0.5,2,2.0,-0.6152821934957711,2,2.0,-0.058265062621700905,2,2.0,-0.5950247357715714
36,No,Travel_Frequently,1302,1302,1.237925738831554,Research & Development,6,4,Life Sciences,1,Male,80,80,0.6940108709771722,4,2,Laboratory Technician,1,Married,5562,5562,-0.19985979817776384,0,19711,19711,0.7583673582706756,3,3.0,0.12281890107805317,Yes,13,3,4,1,9,9.0,-0.29297722673859755,3,3,2.25,3,3,-0.6542310960221126,0.3333333333333333,2,2.0,-0.6152821934957711,0,0.0,-0.6789146428573514,2,2.0,-0.5950247357715714
42,No,Travel_Rarely,1059,1059,0.6357088362602611,Research & Development,9,2,Other,4,Male,93,93,1.3334779752174708,2,5,Manager,4,Single,19613,16581,2.140645968475521,1,26362,26362,1.6927871285183465,8,8.0,2.124412965787362,No,22,4,4,0,24,24.0,1.6348496454888641,2,3,3.75,1,1,-0.9806804209460626,0.041666666666666664,0,0.0,-1.1672900203551313,0,0.0,-0.6789146428573514,1,1.0,-0.8752831021480201
35,No,Travel_Rarely,750,750,-0.13007315096002503,Research & Development,28,3,Life Sciences,2,Male,46,46,-0.9784415554974546,4,2,Laboratory Technician,3,Married,3407,3407,-0.6575955207603783,0,25348,25348,1.5503271003975918,1,1.0,-0.6778187248056703,No,17,3,4,2,10,10.0,-0.16445543525676679,3,2,2.75,10,10,0.48834154121171225,1.0,9,9.0,1.3167452005119897,6,6.0,1.1830340978496,8,8.0,1.0865254624871206
34,No,Travel_Frequently,653,653,-0.3704642602168786,Research & Development,10,4,Technical Degree,4,Male,92,92,1.284288197968217,2,2,Healthcare Representative,3,Married,5063,5063,-0.30585057570385416,0,15332,15332,0.14314796661309773,1,1.0,-0.6778187248056703,No,14,3,2,1,8,8.0,-0.42149901822042835,3,2,2.75,8,8,0.1618922162877623,1.0,2,2.0,-0.6152821934957711,7,7.0,1.493358887967425,7,7.0,0.8062670961106719
40,No,Travel_Rarely,118,118,-1.6963327494170504,Sales,14,2,Life Sciences,4,Female,84,84,0.8907699799741872,3,2,Sales Executive,1,Married,4639,4639,-0.39591087564586275,0,11262,11262,-0.4286590496112325,1,1.0,-0.6778187248056703,No,15,3,3,1,5,5.0,-0.8070643926659207,2,3,2.75,5,5,-0.32778177109816264,1.0,4,4.0,-0.06327436663641088,1,1.0,-0.3685898527395261,2,2.0,-0.5950247357715714
43,No,Travel_Rarely,990,990,0.46470897503631375,Research & Development,27,3,Technical Degree,4,Male,87,87,1.0383393117219484,4,1,Laboratory Technician,2,Divorced,4876,4876,-0.34557056648016454,0,5855,5855,-1.188305373130877,5,5.0,0.9234565269617766,No,12,3,3,1,8,8.0,-0.42149901822042835,0,3,3.0,6,6,-0.1645571086361877,0.75,4,4.0,-0.06327436663641088,0,0.0,-0.6789146428573514,2,2.0,-0.5950247357715714
35,No,Travel_Rarely,1349,1349,1.3544039051725039,Research & Development,7,2,Life Sciences,3,Male,63,63,-0.14221534226014118,2,1,Laboratory Technician,4,Married,2690,2690,-0.8098908864641995,0,7713,7713,-0.9272691480338733,1,1.0,-0.6778187248056703,No,18,3,4,1,1,1.0,-1.3211515585932438,5,2,3.25,1,1,-0.9806804209460626,1.0,0,0.0,-1.1672900203551313,0,0.0,-0.6789146428573514,1,1.0,-0.8752831021480201
46,No,Travel_Rarely,563,563,-0.5935075574655057,Sales,1,4,Life Sciences,4,Male,56,56,-0.4865437830049173,4,4,Manager,1,Single,17567,16581,2.140645968475521,1,3156,3156,-1.5674963158309918,1,1.0,-0.6778187248056703,No,15,3,2,0,27,27.0,2.0204150199343562,5,1,2.0,26,18,1.794138840907512,0.9629629629629629,0,0.0,-1.1672900203551313,0,0.0,-0.6789146428573514,12,12.0,2.207558927992915
28,Yes,Travel_Rarely,329,329,-1.173420130311936,Research & Development,24,3,Medical,3,Male,51,51,-0.732492669251186,3,1,Laboratory Technician,2,Married,2408,2408,-0.8697894821803468,0,7324,7324,-0.9819209734174763,1,1.0,-0.6778187248056703,Yes,17,3,3,3,1,1.0,-1.3211515585932438,3,3,2.75,1,1,-0.9806804209460626,1.0,1,1.0,-0.8912861069254512,0,0.0,-0.6789146428573514,0,0.0,-1.1555414685244687
22,No,Non-Travel,457,457,-0.856202996447222,Research & Development,26,2,Other,2,Female,85,85,0.9399597572234408,2,1,Research Scientist,3,Married,2814,2814,-0.7835524968585178,0,10293,10293,-0.564796887134912,1,1.0,-0.6778187248056703,Yes,14,3,2,0,4,4.0,-0.9355861841477514,2,2,2.25,4,4,-0.4910064335601377,1.0,2,2.0,-0.6152821934957711,1,1.0,-0.3685898527395261,3,3.0,-0.31476636939512276
50,No,Travel_Frequently,1234,1234,1.0694041364659248,Research & Development,20,5,Medical,2,Male,41,41,-1.2243904417437232,3,4,Healthcare Representative,3,Married,11245,11245,1.0072455899600543,0,20689,20689,0.8957696339137702,2,2.0,-0.27749991186380857,Yes,15,3,3,1,32,28.5,2.2131977071571027,3,3,2.75,30,18,1.794138840907512,0.9375,8,8.0,1.0407412870823096,12,7.5,1.6485212830263376,13,13.0,2.4878172943693637
32,No,Travel_Rarely,634,634,-0.41755117852492213,Research & Development,5,4,Other,2,Female,35,35,-1.5195291052392457,4,1,Research Scientist,4,Married,3312,3312,-0.6777741257002152,0,18783,18783,0.6279897388465532,3,3.0,0.12281890107805317,No,17,3,4,2,6,6.0,-0.6785426011840899,3,3,3.25,3,3,-0.6542310960221126,0.5,2,2.0,-0.6152821934957711,0,0.0,-0.6789146428573514,2,2.0,-0.5950247357715714
44,No,Travel_Rarely,1313,1313,1.265186586273053,Research & Development,7,3,Medical,2,Female,31,31,-1.7162882142362605,3,5,Research Director,4,Divorced,19049,16581,2.140645968475521,1,3549,3549,-1.5122825179498711,0,0.0,-1.078137537747532,Yes,14,3,4,1,23,23.0,1.5063278540070333,4,2,3.0,22,18,1.794138840907512,0.9565217391304348,7,7.0,0.7647373736526294,1,1.0,-0.3685898527395261,10,10.0,1.6470421952400178
30,No,Travel_Rarely,241,241,-1.3915069098439268,Research & Development,7,3,Medical,2,Male,48,48,-0.8800620009989472,2,1,Research Scientist,2,Married,2141,2141,-0.9265019823796776,0,5348,5348,-1.2595353871912542,1,1.0,-0.6778187248056703,No,12,3,2,1,6,6.0,-0.6785426011840899,3,2,2.0,6,6,-0.1645571086361877,1.0,4,4.0,-0.06327436663641088,1,1.0,-0.3685898527395261,1,1.0,-0.8752831021480201
45,No,Travel_Rarely,1015,1015,0.5266654464942657,Research & Development,5,5,Medical,3,Female,50,50,-0.7816824465004397,1,2,Laboratory Technician,1,Single,5769,5769,-0.1558916800456983,0,23447,23447,1.283249670952272,1,1.0,-0.6778187248056703,Yes,14,3,1,0,10,10.0,-0.16445543525676679,3,3,2.0,10,10,0.48834154121171225,1.0,7,7.0,0.7647373736526294,1,1.0,-0.3685898527395261,4,4.0,-0.03450800301867408
45,No,Non-Travel,336,336,-1.1560723183037094,Sales,26,3,Marketing,1,Male,52,52,-0.6833028920019322,2,2,Sales Executive,1,Married,4385,4385,-0.4498620930639528,0,24162,24162,1.3837022548835733,1,1.0,-0.6778187248056703,No,15,3,1,1,10,10.0,-0.16445543525676679,2,3,1.5,10,10,0.48834154121171225,1.0,7,7.0,0.7647373736526294,4,4.0,0.5623845176139496,5,5.0,0.2457503633577746
31,No,Travel_Frequently,715,715,-0.21681221100115777,Sales,2,4,Other,4,Male,54,54,-0.5849233375034247,3,2,Sales Executive,1,Single,5332,5332,-0.24871326276894776,0,21602,21602,1.024039856472201,7,7.0,1.7240941528455003,No,13,3,4,0,10,10.0,-0.16445543525676679,3,3,3.0,5,5,-0.32778177109816264,0.5,2,2.0,-0.6152821934957711,0,0.0,-0.6789146428573514,3,3.0,-0.31476636939512276
36,No,Travel_Rarely,559,559,-0.603420592898778,Research & Development,12,4,Life Sciences,3,Female,76,76,0.4972517619801573,3,2,Manufacturing Director,3,Married,4663,4663,-0.39081312281895664,0,12421,12421,-0.2658275184554589,9,8.5,2.324572372258293,Yes,12,3,2,2,7,7.0,-0.5500208097022591,2,3,2.75,3,3,-0.6542310960221126,0.42857142857142855,2,2.0,-0.6152821934957711,1,1.0,-0.3685898527395261,1,1.0,-0.8752831021480201
34,No,Travel_Frequently,426,426,-0.9330290210550823,Research & Development,10,4,Life Sciences,3,Male,42,42,-1.1752006644944695,4,2,Manufacturing Director,4,Divorced,4724,4724,-0.3778563343839035,0,17000,17000,0.3774904980780075,1,1.0,-0.6778187248056703,No,13,3,1,1,9,9.0,-0.29297722673859755,3,3,2.75,9,9,0.32511687874973727,1.0,7,7.0,0.7647373736526294,7,7.0,1.493358887967425,2,2.0,-0.5950247357715714
49,No,Travel_Rarely,722,722,-0.19946439899293122,Research & Development,25,4,Life Sciences,3,Female,84,84,0.8907699799741872,3,1,Laboratory Technician,1,Married,3211,3211,-0.6992271688467786,0,22102,22102,1.0942864186619221,1,1.0,-0.6778187248056703,No,14,3,4,1,10,10.0,-0.16445543525676679,3,2,2.5,9,9,0.32511687874973727,0.9,6,6.0,0.48873346022294933,1,1.0,-0.3685898527395261,4,4.0,-0.03450800301867408
39,No,Travel_Rarely,1387,1387,1.4485777417885908,Research & Development,10,5,Medical,2,Male,76,76,0.4972517619801573,3,2,Manufacturing Director,1,Married,5377,5377,-0.23915497621849874,0,3835,3835,-1.4721014843773506,2,2.0,-0.27749991186380857,No,13,3,4,3,10,10.0,-0.16445543525676679,3,3,2.5,7,7,-0.0013324461742127045,0.7,7,7.0,0.7647373736526294,7,7.0,1.493358887967425,7,7.0,0.8062670961106719
27,No,Travel_Rarely,1302,1302,1.237925738831554,Research & Development,19,3,Other,4,Male,67,67,0.05454376673687373,2,1,Laboratory Technician,1,Divorced,4066,4066,-0.517619724388247,0,16290,16290,0.27774037976860344,1,1.0,-0.6778187248056703,No,11,3,1,2,7,7.0,-0.5500208097022591,3,3,2.25,7,7,-0.0013324461742127045,1.0,7,7.0,0.7647373736526294,0,0.0,-0.6789146428573514,7,7.0,0.8062670961106719
35,No,Travel_Rarely,819,819,0.04092671026392236,Research & Development,18,5,Life Sciences,2,Male,48,48,-0.8800620009989472,4,2,Research Scientist,1,Married,5208,5208,-0.27505165237462953,0,26312,26312,1.6857624722993743,1,1.0,-0.6778187248056703,No,11,3,4,0,16,16.0,0.6066753136342179,2,3,2.5,16,16,1.4676895159835621,1.0,15,14.5,2.8347667243752306,1,1.0,-0.3685898527395261,10,10.0,1.6470421952400178
28,No,Travel_Rarely,580,580,-0.5513771568740984,Research & Development,27,3,Medical,2,Female,39,39,-1.3227699962422308,1,2,Manufacturing Director,1,Divorced,4877,4877,-0.3453581601123768,0,20460,20460,0.8635967084308779,0,0.0,-1.078137537747532,No,21,4,2,1,6,6.0,-0.6785426011840899,5,2,1.75,5,5,-0.32778177109816264,0.8333333333333334,3,3.0,-0.339278280066091,0,0.0,-0.6789146428573514,0,0.0,-1.1555414685244687
21,No,Travel_Rarely,546,546,-0.635637958056913,Research & Development,5,1,Medical,3,Male,97,97,1.5302370842144857,3,1,Research Scientist,4,Single,3117,3117,-0.7191933674188277,0,26009,26009,1.6431930556124033,1,1.0,-0.6778187248056703,No,18,3,3,0,3,3.0,-1.0641079756295821,2,3,3.25,2,2,-0.8174557584840876,0.6666666666666666,2,2.0,-0.6152821934957711,2,2.0,-0.058265062621700905,2,2.0,-0.5950247357715714
18,Yes,Travel_Frequently,544,544,-0.6405944757735491,Sales,3,2,Medical,2,Female,70,70,0.20211309848463493,3,1,Sales Representative,4,Single,1569,1569,-1.0479984247542742,0,18420,18420,0.5769907346968156,1,1.0,-0.6778187248056703,Yes,12,3,3,0,0,0.0,-1.4496733500750745,2,4,3.25,0,0,-1.1439050834080375,0.0,0,0.0,-1.1672900203551313,0,0.0,-0.6789146428573514,0,0.0,-1.1555414685244687
47,No,Travel_Rarely,1176,1176,0.9256651226834762,Human Resources,26,4,Life Sciences,4,Female,98,98,1.5794268614637395,3,5,Manager,3,Married,19658,16581,2.140645968475521,1,5220,5220,-1.277518507111823,3,3.0,0.12281890107805317,No,11,3,3,1,27,27.0,2.0204150199343562,2,3,3.25,5,5,-0.32778177109816264,0.18518518518518517,2,2.0,-0.6152821934957711,1,1.0,-0.3685898527395261,0,0.0,-1.1555414685244687
39,No,Travel_Rarely,170,170,-1.5674632887845104,Research & Development,3,2,Medical,3,Male,76,76,0.4972517619801573,2,2,Laboratory Technician,3,Divorced,3069,3069,-0.7293888730726399,0,10302,10302,-0.5635324490154971,0,0.0,-1.078137537747532,No,15,3,4,1,11,11.0,-0.035933643774936005,3,3,3.25,10,10,0.48834154121171225,0.9090909090909091,8,8.0,1.0407412870823096,0,0.0,-0.6789146428573514,7,7.0,0.8062670961106719
40,No,Travel_Rarely,884,884,0.20201353605459743,Research & Development,15,3,Life Sciences,1,Female,80,80,0.6940108709771722,2,3,Manufacturing Director,3,Married,10435,10435,0.8351964320519719,0,25800,25800,1.6138299926170998,1,1.0,-0.6778187248056703,No,13,3,4,2,18,18.0,0.8637188965978794,2,3,2.75,18,18,1.794138840907512,1.0,15,14.5,2.8347667243752306,14,7.5,1.6485212830263376,12,12.0,2.207558927992915
35,No,Non-Travel,208,208,-1.4732894521684234,Research & Development,8,4,Life Sciences,3,Female,52,52,-0.6833028920019322,3,2,Healthcare Representative,3,Married,4148,4148,-0.5002024022296511,0,12250,12250,-0.2898518427243435,1,1.0,-0.6778187248056703,No,12,3,4,1,15,15.0,0.4781535221523871,5,3,3.25,14,14,1.1412401910596122,0.9333333333333333,11,11.0,1.8687530273713497,2,2.0,-0.058265062621700905,9,9.0,1.3667838288635692
37,No,Travel_Rarely,671,671,-0.3258556007671532,Research & Development,19,3,Life Sciences,3,Male,85,85,0.9399597572234408,3,2,Manufacturing Director,3,Married,5768,5768,-0.15610408641348608,0,26493,26493,1.7111917278120534,3,3.0,0.12281890107805317,No,17,3,1,3,9,9.0,-0.29297722673859755,2,2,2.25,4,4,-0.4910064335601377,0.4444444444444444,3,3.0,-0.339278280066091,0,0.0,-0.6789146428573514,2,2.0,-0.5950247357715714
39,No,Travel_Frequently,711,711,-0.2267252464344301,Research & Development,4,3,Medical,1,Female,81,81,0.743200648226426,3,2,Manufacturing Director,3,Single,5042,5042,-0.31031110942739704,0,3140,3140,-1.5697442058210629,0,0.0,-1.078137537747532,No,13,3,4,0,10,10.0,-0.16445543525676679,2,1,2.25,9,9,0.32511687874973727,0.9,2,2.0,-0.6152821934957711,3,3.0,0.2520597274961243,8,8.0,1.0865254624871206
45,No,Travel_Rarely,1329,1329,1.3048387280061422,Research & Development,2,2,Other,4,Female,59,59,-0.3389744512571561,2,2,Manufacturing Director,4,Divorced,5770,5770,-0.15567927367791057,0,5388,5388,-1.2539156622160765,1,1.0,-0.6778187248056703,No,19,3,1,2,10,10.0,-0.16445543525676679,3,3,3.0,10,10,0.48834154121171225,1.0,7,7.0,0.7647373736526294,3,3.0,0.2520597274961243,9,9.0,1.3667838288635692
38,No,Travel_Rarely,397,397,-1.0048985279463067,Research & Development,2,2,Medical,4,Female,54,54,-0.5849233375034247,2,3,Manufacturing Director,3,Married,7756,7756,0.26615977274857316,0,14199,14199,-0.016030743308810425,3,3.0,0.12281890107805317,Yes,19,3,4,1,10,10.0,-0.16445543525676679,6,4,3.75,5,5,-0.32778177109816264,0.5,4,4.0,-0.06327436663641088,0,0.0,-0.6789146428573514,2,2.0,-0.5950247357715714
35,Yes,Travel_Rarely,737,737,-0.16229051611816006,Sales,10,3,Medical,4,Male,55,55,-0.5357335602541711,2,3,Sales Executive,1,Married,10306,10306,0.8077960106073513,0,21530,21530,1.0139243515168812,9,8.5,2.324572372258293,No,17,3,3,0,15,15.0,0.4781535221523871,3,3,2.75,13,13,0.9780155285976372,0.8666666666666667,12,12.0,2.14475694080103,6,6.0,1.1830340978496,0,0.0,-1.1555414685244687
37,No,Travel_Rarely,1470,1470,1.6542732270289913,Research & Development,10,3,Medical,2,Female,71,71,0.25130287573388865,3,1,Research Scientist,2,Married,3936,3936,-0.5452325522006554,0,9953,9953,-0.6125645494239225,1,1.0,-0.6778187248056703,No,11,3,1,1,8,8.0,-0.42149901822042835,2,1,1.5,8,8,0.1618922162877623,1.0,4,4.0,-0.06327436663641088,7,7.0,1.493358887967425,7,7.0,0.8062670961106719
40,No,Travel_Rarely,448,448,-0.8785073261720847,Research & Development,16,3,Life Sciences,3,Female,84,84,0.8907699799741872,3,3,Manufacturing Director,4,Single,7945,7945,0.3063045762604591,0,19948,19948,0.7916642287486034,6,6.0,1.3237753399036383,Yes,15,3,4,0,18,18.0,0.8637188965978794,2,2,3.25,4,4,-0.4910064335601377,0.2222222222222222,2,2.0,-0.6152821934957711,3,3.0,0.2520597274961243,3,3.0,-0.31476636939512276
44,No,Travel_Frequently,602,602,-0.4968554619911006,Human Resources,1,5,Human Resources,1,Male,37,37,-1.4211495507407381,3,2,Human Resources,4,Married,5743,5743,-0.16141424560818,0,10503,10503,-0.5352933310152292,4,4.0,0.5231377140199149,Yes,11,3,3,0,14,14.0,0.3496317306705563,3,3,2.75,10,10,0.48834154121171225,0.7142857142857143,7,7.0,0.7647373736526294,0,0.0,-0.6789146428573514,2,2.0,-0.5950247357715714
48,No,Travel_Frequently,365,365,-1.084202811412485,Research & Development,4,5,Medical,3,Male,89,89,1.1367188662204557,2,4,Manager,4,Married,15202,15202,1.8477375872962052,0,5602,5602,-1.223850133598876,2,2.0,-0.27749991186380857,No,25,4,2,1,23,23.0,1.5063278540070333,3,3,3.0,2,2,-0.8174557584840876,0.08695652173913043,2,2.0,-0.6152821934957711,2,2.0,-0.058265062621700905,2,2.0,-0.5950247357715714
35,Yes,Travel_Rarely,763,763,-0.09785578580189003,Sales,15,2,Medical,1,Male,59,59,-0.3389744512571561,1,2,Sales Executive,4,Divorced,5440,5440,-0.2257733750478701,0,22098,22098,1.0937244461644045,6,6.0,1.3237753399036383,Yes,14,3,4,2,7,7.0,-0.5500208097022591,2,2,2.75,2,2,-0.8174557584840876,0.2857142857142857,2,2.0,-0.6152821934957711,2,2.0,-0.058265062621700905,2,2.0,-0.5950247357715714
24,No,Travel_Frequently,567,567,-0.5835945220322334,Research & Development,2,1,Technical Degree,1,Female,32,32,-1.6670984369870068,3,1,Research Scientist,4,Single,3760,3760,-0.5826160729313005,0,17218,17218,0.4081179991927259,1,1.0,-0.6778187248056703,Yes,13,3,3,0,6,6.0,-0.6785426011840899,2,3,2.75,6,6,-0.1645571086361877,1.0,3,3.0,-0.339278280066091,1,1.0,-0.3685898527395261,3,3.0,-0.31476636939512276
27,No,Travel_Rarely,486,486,-0.7843334895559977,Research & Development,8,3,Medical,2,Female,86,86,0.9891495344726946,4,1,Research Scientist,3,Married,3517,3517,-0.6342308203037251,0,22490,22490,1.1487977509211458,7,7.0,1.7240941528455003,No,17,3,1,0,5,5.0,-0.8070643926659207,0,3,2.25,3,3,-0.6542310960221126,0.6,2,2.0,-0.6152821934957711,0,0.0,-0.6789146428573514,2,2.0,-0.5950247357715714
27,No,Travel_Frequently,591,591,-0.5241163094325995,Research & Development,2,3,Medical,4,Male,87,87,1.0383393117219484,3,1,Research Scientist,4,Single,2580,2580,-0.8332555869208527,0,6297,6297,-1.1262074121551635,2,2.0,-0.27749991186380857,No,13,3,3,0,6,6.0,-0.6785426011840899,0,2,3.25,4,4,-0.4910064335601377,0.6666666666666666,2,2.0,-0.6152821934957711,1,1.0,-0.3685898527395261,2,2.0,-0.5950247357715714
40,Yes,Travel_Rarely,1329,1329,1.3048387280061422,Research & Development,7,3,Life Sciences,1,Male,73,73,0.3496824302323961,3,1,Laboratory Technician,1,Single,2166,2166,-0.9211918231849837,0,3339,3339,-1.541786074069554,3,3.0,0.12281890107805317,Yes,14,3,2,0,10,10.0,-0.16445543525676679,3,1,1.25,4,4,-0.4910064335601377,0.4,2,2.0,-0.6152821934957711,0,0.0,-0.6789146428573514,3,3.0,-0.31476636939512276
29,No,Travel_Rarely,469,469,-0.8264638901474051,Sales,10,3,Medical,3,Male,42,42,-1.1752006644944695,2,2,Sales Executive,3,Single,5869,5869,-0.1346510432669227,0,23413,23413,1.278472904723371,9,8.5,2.324572372258293,No,11,3,3,0,8,8.0,-0.42149901822042835,2,3,3.0,5,5,-0.32778177109816264,0.625,2,2.0,-0.6152821934957711,1,1.0,-0.3685898527395261,4,4.0,-0.03450800301867408
36,No,Travel_Rarely,711,711,-0.2267252464344301,Research & Development,5,4,Life Sciences,2,Female,42,42,-1.1752006644944695,3,3,Healthcare Representative,1,Married,8008,8008,0.3196861774310877,0,22792,22792,1.1912266744837374,4,4.0,0.5231377140199149,No,12,3,3,2,9,9.0,-0.29297722673859755,6,3,2.25,3,3,-0.6542310960221126,0.3333333333333333,2,2.0,-0.6152821934957711,0,0.0,-0.6789146428573514,2,2.0,-0.5950247357715714
25,No,Travel_Frequently,772,772,-0.07555145607702732,Research & Development,2,1,Life Sciences,4,Male,77,77,0.5464415392294111,4,2,Manufacturing Director,3,Divorced,5206,5206,-0.275476465110205,0,4973,4973,-1.3122203088335451,1,1.0,-0.6778187248056703,No,17,3,3,2,7,7.0,-0.5500208097022591,6,3,3.25,7,7,-0.0013324461742127045,1.0,7,7.0,0.7647373736526294,0,0.0,-0.6789146428573514,7,7.0,0.8062670961106719
39,No,Travel_Rarely,492,492,-0.7694639364060892,Research & Development,12,3,Medical,4,Male,66,66,0.005353989487620002,3,2,Manufacturing Director,2,Married,5295,5295,-0.2565722983770947,0,7693,7693,-0.9300790105214621,4,4.0,0.5231377140199149,No,21,4,3,0,7,7.0,-0.5500208097022591,3,3,3.0,5,5,-0.32778177109816264,0.7142857142857143,4,4.0,-0.06327436663641088,1,1.0,-0.3685898527395261,0,0.0,-1.1555414685244687
49,No,Travel_Rarely,301,301,-1.2428113783448422,Research & Development,22,4,Other,1,Female,72,72,0.30049265298314237,3,4,Research Director,2,Married,16413,16413,2.1049616986871778,0,3498,3498,-1.5194476672932227,3,3.0,0.12281890107805317,No,16,3,2,2,27,27.0,2.0204150199343562,2,3,2.0,4,4,-0.4910064335601377,0.14814814814814814,2,2.0,-0.6152821934957711,1,1.0,-0.3685898527395261,2,2.0,-0.5950247357715714
50,No,Travel_Rarely,813,813,0.02605715711401389,Research & Development,17,5,Life Sciences,4,Female,50,50,-0.7816824465004397,2,3,Research Director,1,Divorced,13269,13269,1.4371560783624728,0,21981,21981,1.0772867506120096,5,5.0,0.9234565269617766,No,15,3,3,3,19,19.0,0.9922406880797102,3,3,2.75,14,14,1.1412401910596122,0.7368421052631579,11,11.0,1.8687530273713497,1,1.0,-0.3685898527395261,11,11.0,1.9273005616164665
20,No,Travel_Rarely,1141,1141,0.8389260626423436,Sales,2,3,Medical,3,Female,31,31,-1.7162882142362605,3,1,Sales Representative,3,Single,2783,2783,-0.7901370942599382,0,13251,13251,-0.14921822522052175,1,1.0,-0.6778187248056703,No,19,3,1,0,2,2.0,-1.192629767111413,3,3,2.5,2,2,-0.8174557584840876,1.0,2,2.0,-0.6152821934957711,2,2.0,-0.058265062621700905,2,2.0,-0.5950247357715714
34,No,Travel_Rarely,1130,1130,0.8116652152008447,Research & Development,3,3,Life Sciences,4,Female,66,66,0.005353989487620002,3,2,Research Scientist,2,Divorced,5433,5433,-0.22726021962238438,0,19332,19332,0.7051204641308669,1,1.0,-0.6778187248056703,No,12,3,3,1,11,11.0,-0.035933643774936005,2,3,3.0,11,11,0.6515662036736872,1.0,8,8.0,1.0407412870823096,7,7.0,1.493358887967425,9,9.0,1.3667838288635692
36,No,Travel_Rarely,311,311,-1.2180287897616613,Research & Development,7,3,Life Sciences,1,Male,77,77,0.5464415392294111,3,1,Laboratory Technician,2,Single,2013,2013,-0.9536899974565104,0,10950,10950,-0.4724929044176185,2,2.0,-0.27749991186380857,No,11,3,3,0,15,15.0,0.4781535221523871,4,3,2.25,4,4,-0.4910064335601377,0.26666666666666666,3,3.0,-0.339278280066091,1,1.0,-0.3685898527395261,3,3.0,-0.31476636939512276
49,No,Travel_Rarely,465,465,-0.8363769255806773,Research & Development,6,1,Life Sciences,3,Female,41,41,-1.2243904417437232,2,4,Healthcare Representative,3,Married,13966,13966,1.5852033167105388,0,11652,11652,-0.37386673110324997,2,2.0,-0.27749991186380857,Yes,19,3,2,1,30,28.5,2.2131977071571027,3,3,2.75,15,15,1.3044648535215873,0.5,11,11.0,1.8687530273713497,2,2.0,-0.058265062621700905,12,12.0,2.207558927992915
36,No,Non-Travel,894,894,0.22679612463777823,Research & Development,1,4,Medical,4,Female,33,33,-1.617908659737753,2,2,Manufacturing Director,3,Married,4374,4374,-0.45219856310961815,0,15411,15411,0.15424692343907365,0,0.0,-1.078137537747532,No,15,3,3,0,4,4.0,-0.9355861841477514,6,3,3.25,3,3,-0.6542310960221126,0.75,2,2.0,-0.6152821934957711,1,1.0,-0.3685898527395261,2,2.0,-0.5950247357715714
36,No,Travel_Rarely,1040,1040,0.5886219179522176,Research & Development,3,2,Life Sciences,4,Male,79,79,0.6448210937279185,4,2,Healthcare Representative,1,Divorced,6842,6842,0.07202035259056404,0,26308,26308,1.6852004998018566,6,6.0,1.3237753399036383,No,20,4,1,1,13,13.0,0.22110993918872554,3,3,2.25,5,5,-0.32778177109816264,0.38461538461538464,4,4.0,-0.06327436663641088,0,0.0,-0.6789146428573514,4,4.0,-0.03450800301867408
54,No,Travel_Rarely,584,584,-0.541464121440826,Research & Development,22,5,Medical,2,Female,91,91,1.2350984207189633,3,4,Manager,3,Married,17426,16581,2.140645968475521,1,18685,18685,0.6142214126573677,3,3.0,0.12281890107805317,No,25,4,3,1,36,28.5,2.2131977071571027,6,3,2.75,10,10,0.48834154121171225,0.2777777777777778,8,8.0,1.0407412870823096,4,4.0,0.5623845176139496,7,7.0,0.8062670961106719
43,No,Travel_Rarely,1291,1291,1.2106648913900553,Research & Development,15,2,Life Sciences,3,Male,65,65,-0.04383578776163373,2,4,Research Director,3,Married,17603,16581,2.140645968475521,1,3525,3525,-1.5156543529349777,1,1.0,-0.6778187248056703,No,24,4,1,1,14,14.0,0.3496317306705563,3,3,2.5,14,14,1.1412401910596122,1.0,10,10.0,1.5927491139416698,6,6.0,1.1830340978496,11,11.0,1.9273005616164665
35,Yes,Travel_Frequently,880,880,0.19210050062132514,Sales,12,4,Other,4,Male,36,36,-1.470339327989992,3,2,Sales Executive,4,Single,4581,4581,-0.4082304449775526,0,10414,10414,-0.5477972190849996,3,3.0,0.12281890107805317,Yes,24,4,1,0,13,13.0,0.22110993918872554,2,4,3.25,11,11,0.6515662036736872,0.8461538461538461,9,9.0,1.3167452005119897,6,6.0,1.1830340978496,7,7.0,0.8062670961106719
38,No,Travel_Frequently,1189,1189,0.9578824878416113,Research & Development,1,3,Life Sciences,4,Male,90,90,1.1859086434697095,3,2,Research Scientist,4,Married,4735,4735,-0.3755198643382382,0,9867,9867,-0.6246469581205545,7,7.0,1.7240941528455003,No,15,3,4,2,19,19.0,0.9922406880797102,4,4,4.0,13,13,0.9780155285976372,0.6842105263157895,11,11.0,1.8687530273713497,2,2.0,-0.058265062621700905,9,9.0,1.3667838288635692
29,No,Travel_Rarely,991,991,0.4671872338946318,Sales,5,3,Medical,1,Male,43,43,-1.1260108872452157,2,2,Sales Executive,2,Divorced,4187,4187,-0.49191855388592853,0,3356,3356,-1.5393976909551035,1,1.0,-0.6778187248056703,Yes,13,3,2,1,10,10.0,-0.16445543525676679,3,2,1.75,10,10,0.48834154121171225,1.0,0,0.0,-1.1672900203551313,0,0.0,-0.6789146428573514,9,9.0,1.3667838288635692
33,No,Travel_Rarely,392,392,-1.017289822237897,Sales,2,4,Medical,4,Male,93,93,1.3334779752174708,3,2,Sales Executive,4,Divorced,5505,5505,-0.21196696114166594,0,3921,3921,-1.4600190756807185,1,1.0,-0.6778187248056703,No,14,3,3,2,6,6.0,-0.6785426011840899,5,3,3.5,6,6,-0.1645571086361877,1.0,2,2.0,-0.6152821934957711,0,0.0,-0.6789146428573514,4,4.0,-0.03450800301867408
32,No,Travel_Rarely,977,977,0.4324916098781787,Research & Development,2,3,Medical,4,Male,45,45,-1.0276313327467084,3,2,Research Scientist,2,Divorced,5470,5470,-0.21940118401423742,0,25518,25518,1.5742109315420971,0,0.0,-1.078137537747532,No,13,3,3,2,10,10.0,-0.16445543525676679,4,2,2.75,9,9,0.32511687874973727,0.9,5,5.0,0.21272954679326922,1,1.0,-0.3685898527395261,6,6.0,0.5260087297342232
31,No,Travel_Rarely,1112,1112,0.7670565557511193,Sales,5,4,Life Sciences,1,Female,67,67,0.05454376673687373,3,2,Sales Executive,4,Married,5476,5476,-0.21812674580751087,0,22589,22589,1.1627065702347106,1,1.0,-0.6778187248056703,No,11,3,1,2,10,10.0,-0.16445543525676679,2,3,2.25,10,10,0.48834154121171225,1.0,0,0.0,-1.1672900203551313,0,0.0,-0.6789146428573514,2,2.0,-0.5950247357715714
49,No,Travel_Rarely,464,464,-0.8388551844389954,Research & Development,16,3,Medical,4,Female,74,74,0.39887220748164987,3,1,Laboratory Technician,1,Divorced,2587,2587,-0.8317687423463384,0,24941,24941,1.493146398775159,4,4.0,0.5231377140199149,Yes,16,3,2,1,17,17.0,0.7351971051160486,2,2,2.25,2,2,-0.8174557584840876,0.11764705882352941,2,2.0,-0.6152821934957711,2,2.0,-0.058265062621700905,2,2.0,-0.5950247357715714
38,No,Travel_Frequently,148,148,-1.6219849836675082,Research & Development,2,3,Medical,4,Female,42,42,-1.1752006644944695,2,1,Laboratory Technician,2,Single,2440,2440,-0.8629924784111386,0,23826,23826,1.3364965650920808,1,1.0,-0.6778187248056703,No,22,4,2,0,4,4.0,-0.9355861841477514,3,3,2.75,4,4,-0.4910064335601377,1.0,3,3.0,-0.339278280066091,3,3.0,0.2520597274961243,3,3.0,-0.31476636939512276
47,No,Travel_Rarely,1225,1225,1.0470998067410622,Sales,2,4,Life Sciences,2,Female,47,47,-0.9292517782482008,4,4,Manager,2,Divorced,15972,15972,2.0112904904927773,0,21086,21086,0.9515454042924087,6,6.0,1.3237753399036383,No,14,3,3,3,29,28.5,2.2131977071571027,2,3,2.5,3,3,-0.6542310960221126,0.10344827586206896,2,2.0,-0.6152821934957711,1,1.0,-0.3685898527395261,2,2.0,-0.5950247357715714
49,No,Travel_Rarely,809,809,0.016144121680741575,Research & Development,1,3,Life Sciences,3,Male,36,36,-1.470339327989992,3,4,Manager,3,Single,15379,15379,1.8853335143946381,0,22384,22384,1.1339054797369248,4,4.0,0.5231377140199149,No,14,3,1,0,23,23.0,1.5063278540070333,2,3,2.5,8,8,0.1618922162877623,0.34782608695652173,7,7.0,0.7647373736526294,0,0.0,-0.6789146428573514,0,0.0,-1.1555414685244687
41,No,Travel_Rarely,1206,1206,1.0000128884330186,Sales,23,2,Life Sciences,4,Male,80,80,0.6940108709771722,3,3,Sales Executive,3,Single,7082,7082,0.12299788085962551,0,11591,11591,-0.38243681169039595,3,3.0,0.12281890107805317,Yes,16,3,4,0,21,21.0,1.2492842710433718,2,3,3.5,2,2,-0.8174557584840876,0.09523809523809523,0,0.0,-1.1672900203551313,0,0.0,-0.6789146428573514,2,2.0,-0.5950247357715714
20,No,Travel_Rarely,727,727,-0.18707310470134084,Sales,9,1,Life Sciences,4,Male,54,54,-0.5849233375034247,3,1,Sales Representative,1,Single,2728,2728,-0.8018194444882648,0,21082,21082,0.950983431794891,1,1.0,-0.6778187248056703,No,11,3,1,0,2,2.0,-1.192629767111413,3,3,2.25,2,2,-0.8174557584840876,1.0,2,2.0,-0.6152821934957711,0,0.0,-0.6789146428573514,2,2.0,-0.5950247357715714
33,No,Non-Travel,530,530,-0.6752900997900022,Sales,16,3,Life Sciences,3,Female,36,36,-1.470339327989992,3,2,Sales Executive,4,Divorced,5368,5368,-0.24106663352858854,0,16130,16130,0.25526147986789266,1,1.0,-0.6778187248056703,Yes,25,4,3,1,7,7.0,-0.5500208097022591,2,3,3.25,6,6,-0.1645571086361877,0.8571428571428571,5,5.0,0.21272954679326922,1,1.0,-0.3685898527395261,2,2.0,-0.5950247357715714
36,No,Travel_Rarely,1351,1351,1.35936042288914,Research & Development,26,4,Life Sciences,1,Male,80,80,0.6940108709771722,3,2,Healthcare Representative,3,Married,5347,5347,-0.24552716725213142,0,7419,7419,-0.9685741266014293,6,6.0,1.3237753399036383,No,14,3,2,2,10,10.0,-0.16445543525676679,2,2,2.0,3,3,-0.6542310960221126,0.3,2,2.0,-0.6152821934957711,0,0.0,-0.6789146428573514,2,2.0,-0.5950247357715714
44,No,Travel_Rarely,528,528,-0.6802466175066384,Human Resources,1,3,Life Sciences,3,Female,44,44,-1.0768211099959621,3,1,Human Resources,4,Divorced,3195,3195,-0.7026256707313826,0,4167,4167,-1.4254577670833757,4,4.0,0.5231377140199149,Yes,18,3,1,3,8,8.0,-0.42149901822042835,2,3,2.75,2,2,-0.8174557584840876,0.25,2,2.0,-0.6152821934957711,2,2.0,-0.058265062621700905,2,2.0,-0.5950247357715714
23,Yes,Travel_Rarely,1320,1320,1.2825343982812796,Research & Development,8,1,Medical,4,Male,93,93,1.3334779752174708,2,1,Laboratory Technician,3,Single,3989,3989,-0.5339750147079043,0,20586,20586,0.8812988421026876,1,1.0,-0.6778187248056703,Yes,11,3,1,0,5,5.0,-0.8070643926659207,2,3,2.75,5,5,-0.32778177109816264,1.0,4,4.0,-0.06327436663641088,1,1.0,-0.3685898527395261,2,2.0,-0.5950247357715714
38,No,Travel_Rarely,1495,1495,1.7162296984869432,Research & Development,4,2,Medical,4,Female,87,87,1.0383393117219484,3,1,Laboratory Technician,3,Married,3306,3306,-0.6790485639069417,0,26176,26176,1.66665540738377,7,7.0,1.7240941528455003,No,19,3,4,1,7,7.0,-0.5500208097022591,5,2,3.25,0,0,-1.1439050834080375,0.0,0,0.0,-1.1672900203551313,0,0.0,-0.6789146428573514,0,0.0,-1.1555414685244687
53,No,Travel_Rarely,1395,1395,1.4684038126551353,Research & Development,24,4,Medical,2,Male,48,48,-0.8800620009989472,4,3,Healthcare Representative,4,Married,7005,7005,0.10664259053996829,0,3458,3458,-1.5250673922684004,3,3.0,0.12281890107805317,No,15,3,3,0,11,11.0,-0.035933643774936005,2,3,3.0,4,4,-0.4910064335601377,0.36363636363636365,3,3.0,-0.339278280066091,1,1.0,-0.3685898527395261,2,2.0,-0.5950247357715714
48,Yes,Travel_Frequently,708,708,-0.23416002300938432,Sales,7,2,Medical,4,Female,95,95,1.4318575297159781,3,1,Sales Representative,3,Married,2655,2655,-0.8173251093367709,0,11740,11740,-0.36150333615785907,2,2.0,-0.27749991186380857,Yes,11,3,3,2,19,19.0,0.9922406880797102,3,3,3.25,9,9,0.32511687874973727,0.47368421052631576,7,7.0,0.7647373736526294,7,7.0,1.493358887967425,7,7.0,0.8062670961106719
32,Yes,Travel_Rarely,1259,1259,1.1313606079238767,Research & Development,2,4,Life Sciences,4,Male,95,95,1.4318575297159781,3,1,Laboratory Technician,2,Single,1393,1393,-1.0853819454849192,0,24852,24852,1.4806425107053884,1,1.0,-0.6778187248056703,No,12,3,1,0,1,1.0,-1.3211515585932438,2,3,2.5,1,1,-0.9806804209460626,1.0,0,0.0,-1.1672900203551313,0,0.0,-0.6789146428573514,0,0.0,-1.1555414685244687
26,No,Non-Travel,786,786,-0.04085583206057422,Research & Development,7,3,Medical,4,Male,76,76,0.4972517619801573,3,1,Laboratory Technician,4,Single,2570,2570,-0.8353796505987302,0,11925,11925,-0.33551210814766225,1,1.0,-0.6778187248056703,No,20,4,3,0,7,7.0,-0.5500208097022591,5,3,3.5,7,7,-0.0013324461742127045,1.0,7,7.0,0.7647373736526294,5,5.0,0.8727093077317748,7,7.0,0.8062670961106719
55,No,Travel_Rarely,1441,1441,1.582403720137767,Research & Development,22,3,Technical Degree,1,Male,94,94,1.3826677524667244,2,1,Research Scientist,2,Divorced,3537,3537,-0.62998269294797,0,23737,23737,1.3239926770223103,5,5.0,0.9234565269617766,No,12,3,4,1,8,8.0,-0.42149901822042835,1,3,2.5,4,4,-0.4910064335601377,0.5,2,2.0,-0.6152821934957711,1,1.0,-0.3685898527395261,2,2.0,-0.5950247357715714
34,No,Travel_Rarely,1157,1157,0.8785782043754328,Research & Development,5,2,Medical,2,Male,57,57,-0.4373540057556636,2,2,Laboratory Technician,4,Married,3986,3986,-0.5346122338112675,0,11912,11912,-0.337338518764595,1,1.0,-0.6778187248056703,No,14,3,3,1,15,15.0,0.4781535221523871,3,4,3.25,15,15,1.3044648535215873,1.0,10,10.0,1.5927491139416698,4,4.0,0.5623845176139496,13,13.0,2.4878172943693637
60,No,Travel_Rarely,370,370,-1.0718115171208948,Research & Development,1,4,Medical,3,Male,92,92,1.284288197968217,1,3,Healthcare Representative,4,Divorced,10883,10883,0.9303544848208867,0,20467,20467,0.864580160301534,3,3.0,0.12281890107805317,No,20,4,3,1,19,19.0,0.9922406880797102,2,4,3.5,1,1,-0.9806804209460626,0.05263157894736842,0,0.0,-1.1672900203551313,0,0.0,-0.6789146428573514,0,0.0,-1.1555414685244687
33,No,Travel_Rarely,267,267,-1.3270721795276568,Research & Development,21,3,Medical,2,Male,79,79,0.6448210937279185,4,1,Laboratory Technician,2,Married,2028,2028,-0.950503901939694,0,13637,13637,-0.09498787921005701,1,1.0,-0.6778187248056703,No,18,3,4,3,14,14.0,0.3496317306705563,6,3,2.75,14,14,1.1412401910596122,1.0,11,11.0,1.8687530273713497,2,2.0,-0.058265062621700905,13,13.0,2.4878172943693637
37,No,Travel_Frequently,1278,1278,1.1784475262319203,Sales,1,4,Medical,3,Male,31,31,-1.7162882142362605,1,2,Sales Executive,4,Divorced,9525,9525,0.6419066373651138,0,7677,7677,-0.9323269005115332,1,1.0,-0.6778187248056703,No,14,3,3,2,6,6.0,-0.6785426011840899,2,2,3.0,6,6,-0.1645571086361877,1.0,3,3.0,-0.339278280066091,1,1.0,-0.3685898527395261,3,3.0,-0.31476636939512276
34,No,Travel_Rarely,678,678,-0.30850778875892665,Research & Development,19,3,Life Sciences,2,Female,35,35,-1.5195291052392457,2,1,Research Scientist,4,Married,2929,2929,-0.7591257645629258,0,20338,20338,0.8464565472565859,1,1.0,-0.6778187248056703,No,12,3,2,0,10,10.0,-0.16445543525676679,3,3,2.75,10,10,0.48834154121171225,1.0,9,9.0,1.3167452005119897,8,7.5,1.6485212830263376,7,7.0,0.8062670961106719
23,Yes,Travel_Rarely,427,427,-0.9305507621967642,Sales,7,3,Life Sciences,3,Male,99,99,1.628616638712993,3,1,Sales Representative,4,Divorced,2275,2275,-0.8980395290961183,0,25103,25103,1.5159062849246285,1,1.0,-0.6778187248056703,Yes,21,4,2,1,3,3.0,-1.0641079756295821,2,3,3.0,3,3,-0.6542310960221126,1.0,2,2.0,-0.6152821934957711,0,0.0,-0.6789146428573514,2,2.0,-0.5950247357715714
44,No,Travel_Rarely,921,921,0.29370911381236636,Research & Development,2,3,Life Sciences,3,Female,96,96,1.481047306965232,4,3,Healthcare Representative,4,Married,7879,7879,0.29228575598646717,0,14810,14810,0.06981055568702883,1,1.0,-0.6778187248056703,Yes,19,3,2,1,9,9.0,-0.29297722673859755,2,3,3.0,8,8,0.1618922162877623,0.8888888888888888,7,7.0,0.7647373736526294,6,6.0,1.1830340978496,7,7.0,0.8062670961106719
35,No,Travel_Frequently,146,146,-1.6269415013841442,Research & Development,2,4,Medical,1,Male,79,79,0.6448210937279185,2,1,Research Scientist,4,Single,4930,4930,-0.33410062261962575,0,13970,13970,-0.048203668791702715,0,0.0,-1.078137537747532,Yes,14,3,3,0,6,6.0,-0.6785426011840899,2,4,3.0,5,5,-0.32778177109816264,0.8333333333333334,4,4.0,-0.06327436663641088,1,1.0,-0.3685898527395261,4,4.0,-0.03450800301867408
43,No,Travel_Rarely,1179,1179,0.9330998992584305,Sales,2,3,Medical,4,Male,73,73,0.3496824302323961,3,2,Sales Executive,4,Married,7847,7847,0.28548875221725895,0,6069,6069,-1.1582398445136763,1,1.0,-0.6778187248056703,Yes,17,3,1,1,10,10.0,-0.16445543525676679,3,3,3.0,10,10,0.48834154121171225,1.0,9,9.0,1.3167452005119897,8,7.5,1.6485212830263376,8,8.0,1.0865254624871206
24,No,Travel_Rarely,581,581,-0.5488988980157803,Research & Development,9,3,Medical,3,Male,62,62,-0.19140511950939493,4,1,Research Scientist,3,Married,4401,4401,-0.44646359117934875,0,17616,17616,0.46403426269574394,1,1.0,-0.6778187248056703,No,16,3,4,1,5,5.0,-0.8070643926659207,1,3,3.25,5,5,-0.32778177109816264,1.0,3,3.0,-0.339278280066091,0,0.0,-0.6789146428573514,4,4.0,-0.03450800301867408
41,No,Travel_Rarely,918,918,0.2862743372374121,Sales,6,3,Marketing,4,Male,35,35,-1.5195291052392457,3,3,Sales Executive,3,Single,9241,9241,0.5815832289133911,0,15869,15869,0.21859277440485825,1,1.0,-0.6778187248056703,No,12,3,2,0,10,10.0,-0.16445543525676679,3,3,3.0,10,10,0.48834154121171225,1.0,8,8.0,1.0407412870823096,8,7.5,1.6485212830263376,7,7.0,0.8062670961106719
29,No,Travel_Rarely,1082,1082,0.6927087900015769,Research & Development,9,4,Medical,4,Female,43,43,-1.1260108872452157,3,1,Laboratory Technician,3,Married,2974,2974,-0.7495674780124768,0,25412,25412,1.5593186603578761,9,8.5,2.324572372258293,No,17,3,3,1,9,9.0,-0.29297722673859755,2,3,3.25,5,5,-0.32778177109816264,0.5555555555555556,3,3.0,-0.339278280066091,1,1.0,-0.3685898527395261,2,2.0,-0.5950247357715714
36,No,Travel_Rarely,530,530,-0.6752900997900022,Sales,2,4,Life Sciences,3,Female,51,51,-0.732492669251186,3,2,Sales Representative,4,Single,4502,4502,-0.4250105480327854,0,7439,7439,-0.9657642641138404,3,3.0,0.12281890107805317,No,15,3,3,0,17,17.0,0.7351971051160486,2,2,3.0,13,13,0.9780155285976372,0.7647058823529411,7,7.0,0.7647373736526294,6,6.0,1.1830340978496,7,7.0,0.8062670961106719
45,No,Non-Travel,1238,1238,1.0793171718991972,Research & Development,1,1,Life Sciences,3,Male,74,74,0.39887220748164987,2,3,Healthcare Representative,3,Married,10748,10748,0.9016796251695396,0,3395,3395,-1.5339184591043051,3,3.0,0.12281890107805317,No,23,4,4,1,25,25.0,1.7633714369706948,3,2,3.0,23,18,1.794138840907512,0.92,15,14.5,2.8347667243752306,14,7.5,1.6485212830263376,4,4.0,-0.03450800301867408
24,Yes,Travel_Rarely,240,240,-1.3939851687022449,Human Resources,22,1,Human Resources,4,Male,58,58,-0.38816422850640986,1,1,Human Resources,3,Married,1555,1555,-1.0509721139033028,0,11585,11585,-0.3832797704366726,1,1.0,-0.6778187248056703,No,11,3,3,1,1,1.0,-1.3211515585932438,2,3,3.25,1,1,-0.9806804209460626,1.0,0,0.0,-1.1672900203551313,0,0.0,-0.6789146428573514,0,0.0,-1.1555414685244687
47,Yes,Travel_Frequently,1093,1093,0.7199696374430757,Sales,9,3,Life Sciences,3,Male,82,82,0.7923904254756797,1,4,Sales Executive,3,Married,12936,12936,1.36642475788915,0,24164,24164,1.3839832411323323,7,7.0,1.7240941528455003,No,11,3,3,0,25,25.0,1.7633714369706948,3,1,2.5,23,18,1.794138840907512,0.92,5,5.0,0.21272954679326922,14,7.5,1.6485212830263376,10,10.0,1.6470421952400178
26,No,Travel_Rarely,390,390,-1.0222463399545332,Research & Development,17,4,Medical,4,Male,62,62,-0.19140511950939493,1,1,Laboratory Technician,3,Married,2305,2305,-0.8916673380624857,0,6217,6217,-1.137446862105519,1,1.0,-0.6778187248056703,No,15,3,3,3,3,3.0,-1.0641079756295821,3,4,3.5,3,3,-0.6542310960221126,1.0,2,2.0,-0.6152821934957711,0,0.0,-0.6789146428573514,2,2.0,-0.5950247357715714
45,No,Travel_Rarely,1005,1005,0.5018828579110849,Research & Development,28,2,Technical Degree,4,Female,48,48,-0.8800620009989472,2,4,Research Director,2,Single,16704,16581,2.140645968475521,1,17119,17119,0.39420917987916115,1,1.0,-0.6778187248056703,No,11,3,3,0,21,21.0,1.2492842710433718,2,3,3.0,21,18,1.794138840907512,1.0,6,6.0,0.48873346022294933,8,7.5,1.6485212830263376,6,6.0,0.5260087297342232
32,No,Travel_Frequently,585,585,-0.5389858625825079,Research & Development,10,3,Life Sciences,1,Male,56,56,-0.4865437830049173,3,1,Research Scientist,3,Married,3433,3433,-0.6520729551978967,0,17360,17360,0.4280680228546067,6,6.0,1.3237753399036383,No,13,3,1,1,10,10.0,-0.16445543525676679,3,2,1.75,5,5,-0.32778177109816264,0.5,2,2.0,-0.6152821934957711,1,1.0,-0.3685898527395261,3,3.0,-0.31476636939512276
31,No,Travel_Rarely,741,741,-0.15237748068488774,Research & Development,2,4,Life Sciences,2,Male,69,69,0.1529233212353812,3,1,Laboratory Technician,3,Married,3477,3477,-0.6427270750152354,0,18103,18103,0.5324544142685324,1,1.0,-0.6778187248056703,No,14,3,4,1,6,6.0,-0.6785426011840899,2,4,3.25,5,5,-0.32778177109816264,0.8333333333333334,2,2.0,-0.6152821934957711,0,0.0,-0.6789146428573514,3,3.0,-0.31476636939512276
41,No,Non-Travel,552,552,-0.6207684049070046,Human Resources,4,3,Human Resources,3,Male,60,60,-0.28978467400790237,1,2,Human Resources,2,Married,6430,6430,-0.015491070937991503,0,20794,20794,0.9105214119736116,6,6.0,1.3237753399036383,No,19,3,2,1,10,10.0,-0.16445543525676679,4,3,2.5,3,3,-0.6542310960221126,0.3,2,2.0,-0.6152821934957711,1,1.0,-0.3685898527395261,2,2.0,-0.5950247357715714
40,No,Travel_Rarely,369,369,-1.074289775979213,Research & Development,8,2,Life Sciences,2,Female,92,92,1.284288197968217,3,2,Manufacturing Director,1,Married,6516,6516,0.002775876691755526,0,5041,5041,-1.3026667763757431,2,2.0,-0.27749991186380857,Yes,16,3,2,1,18,18.0,0.8637188965978794,3,3,2.0,1,1,-0.9806804209460626,0.05555555555555555,0,0.0,-1.1672900203551313,0,0.0,-0.6789146428573514,0,0.0,-1.1555414685244687
24,No,Travel_Rarely,506,506,-0.7347683123896361,Research & Development,29,1,Medical,2,Male,91,91,1.2350984207189633,3,1,Laboratory Technician,1,Divorced,3907,3907,-0.5513923368665002,0,3622,3622,-1.5020265198701717,1,1.0,-0.6778187248056703,No,13,3,2,3,6,6.0,-0.6785426011840899,2,4,2.25,6,6,-0.1645571086361877,1.0,2,2.0,-0.6152821934957711,1,1.0,-0.3685898527395261,2,2.0,-0.5950247357715714
46,No,Travel_Rarely,717,717,-0.2118556932845216,Research & Development,13,4,Life Sciences,3,Male,34,34,-1.5687188824884994,3,2,Healthcare Representative,2,Single,5562,5562,-0.19985979817776384,0,9697,9697,-0.6485307892650597,6,6.0,1.3237753399036383,No,14,3,4,0,19,19.0,0.9922406880797102,3,3,3.0,10,10,0.48834154121171225,0.5263157894736842,7,7.0,0.7647373736526294,0,0.0,-0.6789146428573514,9,9.0,1.3667838288635692
35,No,Travel_Rarely,1370,1370,1.4064473411971834,Research & Development,27,4,Life Sciences,4,Male,49,49,-0.8308722237496934,3,2,Manufacturing Director,3,Married,6883,6883,0.08072901366986203,0,5151,5151,-1.2872125326940045,2,2.0,-0.27749991186380857,No,16,3,2,1,17,17.0,0.7351971051160486,3,3,3.0,7,7,-0.0013324461742127045,0.4117647058823529,7,7.0,0.7647373736526294,0,0.0,-0.6789146428573514,7,7.0,0.8062670961106719
30,No,Travel_Rarely,793,793,-0.023508020052347676,Research & Development,16,1,Life Sciences,2,Male,33,33,-1.617908659737753,3,1,Research Scientist,4,Married,2862,2862,-0.7733569912047055,0,3811,3811,-1.4754733193624572,1,1.0,-0.6778187248056703,No,12,3,2,1,10,10.0,-0.16445543525676679,2,2,2.5,10,10,0.48834154121171225,1.0,0,0.0,-1.1672900203551313,0,0.0,-0.6789146428573514,8,8.0,1.0865254624871206
47,No,Non-Travel,543,543,-0.6430727346318672,Sales,2,4,Marketing,3,Male,87,87,1.0383393117219484,3,2,Sales Executive,2,Married,4978,4978,-0.3239051169658134,0,3536,3536,-1.514108928566804,7,7.0,1.7240941528455003,No,11,3,4,1,4,4.0,-0.9355861841477514,3,1,2.5,1,1,-0.9806804209460626,0.25,0,0.0,-1.1672900203551313,0,0.0,-0.6789146428573514,0,0.0,-1.1555414685244687
46,No,Travel_Rarely,1277,1277,1.1759692673736022,Sales,2,3,Life Sciences,3,Male,74,74,0.39887220748164987,3,3,Sales Executive,4,Divorced,10368,10368,0.8209652054101922,0,5596,5596,-1.2246930923451527,4,4.0,0.5231377140199149,Yes,12,3,2,1,13,13.0,0.22110993918872554,5,2,2.75,10,10,0.48834154121171225,0.7692307692307693,6,6.0,0.48873346022294933,0,0.0,-0.6789146428573514,3,3.0,-0.31476636939512276
36,Yes,Travel_Rarely,1456,1456,1.6195776030125382,Sales,13,5,Marketing,2,Male,96,96,1.481047306965232,2,2,Sales Executive,1,Divorced,6134,6134,-0.07836335580316732,0,8658,8658,-0.7945031454953003,5,5.0,0.9234565269617766,Yes,13,3,2,3,16,16.0,0.6066753136342179,3,3,2.0,2,2,-0.8174557584840876,0.125,2,2.0,-0.6152821934957711,2,2.0,-0.058265062621700905,2,2.0,-0.5950247357715714
32,Yes,Travel_Rarely,964,964,0.4002742447200437,Sales,1,2,Life Sciences,1,Male,34,34,-1.5687188824884994,1,2,Sales Executive,2,Single,6735,6735,0.049292871237274126,0,12147,12147,-0.3043226345354261,6,6.0,1.3237753399036383,No,15,3,2,0,10,10.0,-0.16445543525676679,2,3,2.0,0,0,-1.1439050834080375,0.0,0,0.0,-1.1672900203551313,0,0.0,-0.6789146428573514,0,0.0,-1.1555414685244687
23,No,Travel_Rarely,160,160,-1.592245877367691,Research & Development,4,1,Medical,3,Female,51,51,-0.732492669251186,3,1,Laboratory Technician,2,Single,3295,3295,-0.6813850339526071,0,12862,12862,-0.2038700506041248,1,1.0,-0.6778187248056703,No,13,3,3,0,3,3.0,-1.0641079756295821,3,1,2.25,3,3,-0.6542310960221126,1.0,2,2.0,-0.6152821934957711,1,1.0,-0.3685898527395261,2,2.0,-0.5950247357715714
31,No,Travel_Frequently,163,163,-1.584811100792737,Research & Development,24,1,Technical Degree,4,Female,30,30,-1.7654779914855143,3,2,Manufacturing Director,4,Single,5238,5238,-0.26867946134099685,0,6670,6670,-1.0738034767616316,2,2.0,-0.27749991186380857,No,20,4,4,0,9,9.0,-0.29297722673859755,3,2,3.5,5,5,-0.32778177109816264,0.5555555555555556,4,4.0,-0.06327436663641088,1,1.0,-0.3685898527395261,4,4.0,-0.03450800301867408
39,No,Non-Travel,792,792,-0.025986278910665753,Research & Development,1,3,Life Sciences,4,Male,77,77,0.5464415392294111,3,2,Laboratory Technician,4,Married,6472,6472,-0.0065700034909057445,0,8989,8989,-0.7479999213257049,1,1.0,-0.6778187248056703,Yes,15,3,4,1,9,9.0,-0.29297722673859755,2,3,3.75,9,9,0.32511687874973727,1.0,8,8.0,1.0407412870823096,5,5.0,0.8727093077317748,8,8.0,1.0865254624871206
32,No,Travel_Rarely,371,371,-1.0693332582625767,Sales,19,3,Life Sciences,4,Male,80,80,0.6940108709771722,1,3,Sales Executive,3,Married,9610,9610,0.659961178627073,0,3840,3840,-1.4713990187554533,3,3.0,0.12281890107805317,No,13,3,3,1,10,10.0,-0.16445543525676679,2,1,2.75,4,4,-0.4910064335601377,0.4,3,3.0,-0.339278280066091,0,0.0,-0.6789146428573514,2,2.0,-0.5950247357715714
40,No,Travel_Rarely,611,611,-0.4745511322662379,Sales,7,4,Medical,2,Male,88,88,1.0875290889712022,3,5,Manager,2,Single,19833,16581,2.140645968475521,1,4349,4349,-1.3998880184463172,1,1.0,-0.6778187248056703,No,14,3,2,0,21,21.0,1.2492842710433718,3,2,2.0,21,18,1.794138840907512,1.0,8,8.0,1.0407412870823096,12,7.5,1.6485212830263376,8,8.0,1.0865254624871206
45,No,Travel_Rarely,176,176,-1.552593735634602,Human Resources,4,3,Life Sciences,3,Female,56,56,-0.4865437830049173,1,3,Human Resources,3,Married,9756,9756,0.6909725083240854,0,6595,6595,-1.0843404610900897,4,4.0,0.5231377140199149,No,21,4,3,2,9,9.0,-0.29297722673859755,2,4,3.25,5,5,-0.32778177109816264,0.5555555555555556,0,0.0,-1.1672900203551313,0,0.0,-0.6789146428573514,3,3.0,-0.31476636939512276
30,No,Travel_Frequently,1312,1312,1.2627083274147348,Research & Development,2,4,Technical Degree,4,Female,78,78,0.5956313164786647,2,1,Research Scientist,1,Single,4968,4968,-0.326029180643691,0,26427,26427,1.7019191816030101,0,0.0,-1.078137537747532,No,16,3,4,0,10,10.0,-0.16445543525676679,2,3,3.0,9,9,0.32511687874973727,0.9,7,7.0,0.7647373736526294,0,0.0,-0.6789146428573514,7,7.0,0.8062670961106719
24,No,Travel_Frequently,897,897,0.23423090121273246,Human Resources,10,3,Medical,1,Male,59,59,-0.3389744512571561,3,1,Human Resources,4,Married,2145,2145,-0.9256523569085267,0,2097,2097,-1.7162785345488214,0,0.0,-1.078137537747532,No,14,3,4,1,3,3.0,-1.0641079756295821,2,3,3.0,2,2,-0.8174557584840876,0.6666666666666666,2,2.0,-0.6152821934957711,2,2.0,-0.058265062621700905,1,1.0,-0.8752831021480201
30,Yes,Travel_Frequently,600,600,-0.5018119797077367,Human Resources,8,3,Human Resources,3,Female,66,66,0.005353989487620002,2,1,Human Resources,4,Divorced,2180,2180,-0.9182181340359552,0,9732,9732,-0.6436135299117792,6,6.0,1.3237753399036383,No,11,3,3,1,6,6.0,-0.6785426011840899,0,2,3.0,4,4,-0.4910064335601377,0.6666666666666666,2,2.0,-0.6152821934957711,1,1.0,-0.3685898527395261,2,2.0,-0.5950247357715714
31,No,Travel_Rarely,1003,1003,0.49692634019444876,Sales,5,3,Technical Degree,1,Male,51,51,-0.732492669251186,3,2,Sales Executive,3,Married,8346,8346,0.39147952974334926,0,20943,20943,0.9314548875061486,1,1.0,-0.6778187248056703,No,19,3,3,1,6,6.0,-0.6785426011840899,3,3,2.5,5,5,-0.32778177109816264,0.8333333333333334,2,2.0,-0.6152821934957711,0,0.0,-0.6789146428573514,2,2.0,-0.5950247357715714
27,No,Travel_Rarely,1054,1054,0.6233175419686707,Research & Development,8,3,Medical,3,Female,67,67,0.05454376673687373,3,1,Research Scientist,4,Single,3445,3445,-0.6495240787844436,0,6152,6152,-1.1465789151901826,1,1.0,-0.6778187248056703,No,11,3,3,0,6,6.0,-0.6785426011840899,5,2,3.0,6,6,-0.1645571086361877,1.0,2,2.0,-0.6152821934957711,1,1.0,-0.3685898527395261,4,4.0,-0.03450800301867408
29,Yes,Travel_Rarely,428,428,-0.9280725033384463,Sales,9,3,Marketing,2,Female,52,52,-0.6833028920019322,1,1,Sales Representative,2,Single,2760,2760,-0.7950224407190566,0,14630,14630,0.04452179329872921,1,1.0,-0.6778187248056703,No,13,3,3,0,2,2.0,-1.192629767111413,3,3,2.5,2,2,-0.8174557584840876,1.0,2,2.0,-0.6152821934957711,2,2.0,-0.058265062621700905,2,2.0,-0.5950247357715714
29,No,Travel_Frequently,461,461,-0.8462899610139496,Research & Development,1,3,Life Sciences,4,Male,70,70,0.20211309848463493,4,2,Healthcare Representative,3,Single,6294,6294,-0.04437833695712634,0,23060,23060,1.228878831817428,8,8.0,2.124412965787362,Yes,12,3,4,0,10,10.0,-0.16445543525676679,5,4,3.75,3,3,-0.6542310960221126,0.3,2,2.0,-0.6152821934957711,0,0.0,-0.6789146428573514,2,2.0,-0.5950247357715714
30,No,Travel_Rarely,979,979,0.4374481275948149,Sales,15,2,Marketing,3,Male,94,94,1.3826677524667244,2,3,Sales Executive,1,Divorced,7140,7140,0.13531745019131536,0,3088,3088,-1.577049848288794,2,2.0,-0.27749991186380857,No,11,3,1,1,12,12.0,0.09258814770689477,2,3,2.0,7,7,-0.0013324461742127045,0.5833333333333334,7,7.0,0.7647373736526294,1,1.0,-0.3685898527395261,7,7.0,0.8062670961106719
34,No,Travel_Rarely,181,181,-1.5402024413430115,Research & Development,2,4,Medical,4,Male,97,97,1.5302370842144857,4,1,Research Scientist,4,Married,2932,2932,-0.7584885454595626,0,5586,5586,-1.2260980235889472,0,0.0,-1.078137537747532,Yes,14,3,1,3,6,6.0,-0.6785426011840899,3,3,3.0,5,5,-0.32778177109816264,0.8333333333333334,0,0.0,-1.1672900203551313,1,1.0,-0.3685898527395261,2,2.0,-0.5950247357715714
33,No,Non-Travel,1283,1283,1.1908388205235108,Sales,2,3,Marketing,4,Female,62,62,-0.19140511950939493,3,2,Sales Executive,2,Single,5147,5147,-0.28800844080968263,0,10697,10697,-0.5080376648856174,8,8.0,2.124412965787362,No,15,3,4,0,13,13.0,0.22110993918872554,2,2,3.0,11,11,0.6515662036736872,0.8461538461538461,7,7.0,0.7647373736526294,1,1.0,-0.3685898527395261,7,7.0,0.8062670961106719
49,No,Travel_Rarely,1313,1313,1.265186586273053,Sales,11,4,Marketing,4,Female,80,80,0.6940108709771722,3,2,Sales Executive,4,Single,4507,4507,-0.4239485161938466,0,8191,8191,-0.8601134345804998,3,3.0,0.12281890107805317,No,12,3,3,0,8,8.0,-0.42149901822042835,1,4,3.75,5,5,-0.32778177109816264,0.625,1,1.0,-0.8912861069254512,0,0.0,-0.6789146428573514,4,4.0,-0.03450800301867408
33,Yes,Travel_Rarely,211,211,-1.4658546755934692,Sales,16,3,Life Sciences,1,Female,74,74,0.39887220748164987,3,3,Sales Executive,1,Single,8564,8564,0.43778411792108013,0,10092,10092,-0.59303600513518,2,2.0,-0.27749991186380857,Yes,20,4,3,0,11,11.0,-0.035933643774936005,2,2,1.75,0,0,-1.1439050834080375,0.0,0,0.0,-1.1672900203551313,0,0.0,-0.6789146428573514,0,0.0,-1.1555414685244687
38,No,Travel_Frequently,594,594,-0.5166815328576453,Research & Development,2,2,Medical,3,Female,75,75,0.4480619847309036,2,1,Laboratory Technician,2,Married,2468,2468,-0.8570451001130813,0,15963,15963,0.2317991280965258,4,4.0,0.5231377140199149,No,14,3,2,1,9,9.0,-0.29297722673859755,4,2,2.25,6,6,-0.1645571086361877,0.6666666666666666,1,1.0,-0.8912861069254512,0,0.0,-0.6789146428573514,5,5.0,0.2457503633577746
31,Yes,Travel_Rarely,1079,1079,0.6852740134266226,Sales,16,4,Marketing,1,Male,70,70,0.20211309848463493,3,3,Sales Executive,3,Married,8161,8161,0.3521843517026144,0,19002,19002,0.658757733085651,2,2.0,-0.27749991186380857,No,13,3,1,3,10,10.0,-0.16445543525676679,2,3,2.0,1,1,-0.9806804209460626,0.1,0,0.0,-1.1672900203551313,0,0.0,-0.6789146428573514,0,0.0,-1.1555414685244687
29,No,Travel_Rarely,590,590,-0.5265945682909176,Research & Development,4,3,Technical Degree,4,Female,91,91,1.2350984207189633,2,1,Research Scientist,1,Divorced,2109,2109,-0.9332989861488858,0,10007,10007,-0.6049779207074326,1,1.0,-0.6778187248056703,No,13,3,3,1,1,1.0,-1.3211515585932438,2,3,2.75,1,1,-0.9806804209460626,1.0,0,0.0,-1.1672900203551313,0,0.0,-0.6789146428573514,0,0.0,-1.1555414685244687
30,No,Travel_Rarely,305,305,-1.2328983429115699,Research & Development,16,3,Life Sciences,3,Male,58,58,-0.38816422850640986,4,2,Healthcare Representative,3,Married,5294,5294,-0.25678470474488246,0,9128,9128,-0.7284713770369624,3,3.0,0.12281890107805317,No,16,3,3,1,10,10.0,-0.16445543525676679,3,3,3.0,7,7,-0.0013324461742127045,0.7,0,0.0,-1.1672900203551313,1,1.0,-0.3685898527395261,7,7.0,0.8062670961106719
32,No,Non-Travel,953,953,0.3730133972785448,Research & Development,5,4,Technical Degree,2,Male,65,65,-0.04383578776163373,3,1,Research Scientist,2,Single,2718,2718,-0.8039435081661424,0,17674,17674,0.4721828639097516,2,2.0,-0.27749991186380857,No,14,3,2,0,12,12.0,0.09258814770689477,3,3,2.25,7,7,-0.0013324461742127045,0.5833333333333334,7,7.0,0.7647373736526294,0,0.0,-0.6789146428573514,7,7.0,0.8062670961106719
38,No,Travel_Rarely,833,833,0.07562233428037546,Research & Development,18,3,Medical,2,Male,60,60,-0.28978467400790237,1,2,Healthcare Representative,4,Married,5811,5811,-0.14697061259861255,0,24539,24539,1.4366681627746232,3,3.0,0.12281890107805317,Yes,16,3,3,1,15,15.0,0.4781535221523871,2,3,3.0,1,1,-0.9806804209460626,0.06666666666666667,0,0.0,-1.1672900203551313,1,1.0,-0.3685898527395261,0,0.0,-1.1555414685244687
43,Yes,Travel_Frequently,807,807,0.01118760396410542,Research & Development,17,3,Technical Degree,3,Male,38,38,-1.3719597734914843,2,1,Research Scientist,3,Married,2437,2437,-0.8636296975145018,0,15587,15587,0.1789737133298555,9,8.5,2.324572372258293,Yes,16,3,4,1,6,6.0,-0.6785426011840899,4,3,3.25,1,1,-0.9806804209460626,0.16666666666666666,0,0.0,-1.1672900203551313,0,0.0,-0.6789146428573514,0,0.0,-1.1555414685244687
42,No,Travel_Rarely,855,855,0.13014402916337317,Research & Development,12,3,Medical,2,Male,57,57,-0.4373540057556636,3,1,Laboratory Technician,2,Divorced,2766,2766,-0.79374800251233,0,8952,8952,-0.7531981669277442,8,8.0,2.124412965787362,No,22,4,2,3,7,7.0,-0.5500208097022591,6,2,2.0,5,5,-0.32778177109816264,0.7142857142857143,3,3.0,-0.339278280066091,0,0.0,-0.6789146428573514,4,4.0,-0.03450800301867408
55,No,Travel_Rarely,478,478,-0.8041595604225423,Research & Development,2,3,Medical,3,Male,60,60,-0.28978467400790237,2,5,Research Director,1,Married,19038,16581,2.140645968475521,1,19805,19805,0.7715737119623431,8,8.0,2.124412965787362,No,12,3,2,3,34,28.5,2.2131977071571027,2,3,2.25,1,1,-0.9806804209460626,0.029411764705882353,0,0.0,-1.1672900203551313,0,0.0,-0.6789146428573514,0,0.0,-1.1555414685244687
33,No,Non-Travel,775,775,-0.06811667950207308,Research & Development,4,3,Technical Degree,4,Male,90,90,1.1859086434697095,3,2,Research Scientist,2,Divorced,3055,3055,-0.7323625622216685,0,6194,6194,-1.1406782039662462,5,5.0,0.9234565269617766,No,15,3,4,2,11,11.0,-0.035933643774936005,2,2,3.0,9,9,0.32511687874973727,0.8181818181818182,8,8.0,1.0407412870823096,1,1.0,-0.3685898527395261,7,7.0,0.8062670961106719
41,No,Travel_Rarely,548,548,-0.6306814403402768,Research & Development,9,4,Life Sciences,3,Male,94,94,1.3826677524667244,3,1,Laboratory Technician,1,Divorced,2289,2289,-0.8950658399470898,0,20520,20520,0.8720262958936444,1,1.0,-0.6778187248056703,No,20,4,2,2,5,5.0,-0.8070643926659207,2,3,2.25,5,5,-0.32778177109816264,1.0,3,3.0,-0.339278280066091,0,0.0,-0.6789146428573514,4,4.0,-0.03450800301867408
34,No,Non-Travel,1375,1375,1.4188386354887739,Sales,10,3,Life Sciences,4,Male,87,87,1.0383393117219484,3,2,Sales Executive,3,Divorced,4001,4001,-0.5314261382944512,0,12313,12313,-0.28100077588843864,1,1.0,-0.6778187248056703,Yes,14,3,3,1,15,15.0,0.4781535221523871,3,3,3.25,15,15,1.3044648535215873,1.0,14,14.0,2.6967647676603903,0,0.0,-0.6789146428573514,7,7.0,0.8062670961106719
53,No,Non-Travel,661,661,-0.350638189350334,Research & Development,1,4,Medical,1,Female,60,60,-0.28978467400790237,2,4,Manufacturing Director,3,Married,12965,12965,1.372584542554995,0,22308,22308,1.1232280022840873,4,4.0,0.5231377140199149,Yes,20,4,4,3,27,27.0,2.0204150199343562,2,2,2.5,3,3,-0.6542310960221126,0.1111111111111111,2,2.0,-0.6152821934957711,0,0.0,-0.6789146428573514,2,2.0,-0.5950247357715714
43,No,Travel_Rarely,244,244,-1.3840721332689727,Human Resources,2,3,Life Sciences,2,Male,97,97,1.5302370842144857,3,1,Human Resources,4,Single,3539,3539,-0.6295578802123946,0,5033,5033,-1.3037907213707787,0,0.0,-1.078137537747532,No,13,3,2,0,10,10.0,-0.16445543525676679,5,3,2.75,9,9,0.32511687874973727,0.9,7,7.0,0.7647373736526294,1,1.0,-0.3685898527395261,8,8.0,1.0865254624871206
34,No,Travel_Rarely,511,511,-0.7223770180980458,Sales,3,2,Life Sciences,4,Female,32,32,-1.6670984369870068,1,2,Sales Executive,4,Single,6029,6029,-0.10066602442088173,0,25353,25353,1.551029566019489,5,5.0,0.9234565269617766,No,12,3,1,0,6,6.0,-0.6785426011840899,3,3,3.0,2,2,-0.8174557584840876,0.3333333333333333,2,2.0,-0.6152821934957711,2,2.0,-0.058265062621700905,2,2.0,-0.5950247357715714
21,Yes,Travel_Rarely,337,337,-1.1535940594453913,Sales,7,1,Marketing,2,Male,31,31,-1.7162882142362605,3,1,Sales Representative,2,Single,2679,2679,-0.8122273565098649,0,4567,4567,-1.3692605173315988,1,1.0,-0.6778187248056703,No,13,3,2,0,1,1.0,-1.3211515585932438,3,3,2.25,1,1,-0.9806804209460626,1.0,0,0.0,-1.1672900203551313,1,1.0,-0.3685898527395261,0,0.0,-1.1555414685244687
38,No,Travel_Rarely,1153,1153,0.8686651689421605,Research & Development,6,2,Other,4,Female,40,40,-1.273580218992977,2,1,Laboratory Technician,3,Married,3702,3702,-0.5949356422629903,0,16376,16376,0.2898227884652355,1,1.0,-0.6778187248056703,No,11,3,2,1,5,5.0,-0.8070643926659207,3,3,3.0,5,5,-0.32778177109816264,1.0,4,4.0,-0.06327436663641088,0,0.0,-0.6789146428573514,4,4.0,-0.03450800301867408
22,Yes,Travel_Rarely,1294,1294,1.2180996679650096,Research & Development,8,1,Medical,3,Female,79,79,0.6448210937279185,3,1,Laboratory Technician,1,Married,2398,2398,-0.8719135458582243,0,15999,15999,0.23685688057418575,1,1.0,-0.6778187248056703,Yes,17,3,3,0,1,1.0,-1.3211515585932438,6,3,2.5,1,1,-0.9806804209460626,1.0,0,0.0,-1.1672900203551313,0,0.0,-0.6789146428573514,0,0.0,-1.1555414685244687
31,No,Travel_Rarely,196,196,-1.5030285584682403,Sales,29,4,Marketing,1,Female,91,91,1.2350984207189633,2,2,Sales Executive,4,Married,5468,5468,-0.21982599674981293,0,13402,13402,-0.12800376343922595,1,1.0,-0.6778187248056703,No,14,3,1,2,13,13.0,0.22110993918872554,3,3,2.25,12,12,0.8147908661356622,0.9230769230769231,7,7.0,0.7647373736526294,5,5.0,0.8727093077317748,7,7.0,0.8062670961106719
51,No,Travel_Rarely,942,942,0.34575254983704595,Research & Development,3,3,Technical Degree,1,Female,53,53,-0.6341131147526785,3,3,Manager,3,Married,13116,13116,1.4046579040909462,0,22984,22984,1.2182013543645902,2,2.0,-0.27749991186380857,No,11,3,4,0,15,15.0,0.4781535221523871,2,3,2.75,2,2,-0.8174557584840876,0.13333333333333333,2,2.0,-0.6152821934957711,2,2.0,-0.058265062621700905,2,2.0,-0.5950247357715714
37,No,Travel_Rarely,589,589,-0.5290728271492356,Sales,9,2,Marketing,2,Male,46,46,-0.9784415554974546,2,2,Sales Executive,2,Married,4189,4189,-0.49149374115035305,0,8800,8800,-0.7745531218334195,1,1.0,-0.6778187248056703,No,14,3,1,2,5,5.0,-0.8070643926659207,2,3,2.0,5,5,-0.32778177109816264,1.0,2,2.0,-0.6152821934957711,0,0.0,-0.6789146428573514,3,3.0,-0.31476636939512276
46,No,Travel_Rarely,734,734,-0.1697252926931143,Research & Development,2,4,Medical,3,Male,46,46,-0.9784415554974546,3,5,Research Director,4,Divorced,19328,16581,2.140645968475521,1,14218,14218,-0.01336137394560102,7,7.0,1.7240941528455003,Yes,17,3,3,1,24,24.0,1.6348496454888641,3,3,3.25,2,2,-0.8174557584840876,0.08333333333333333,1,1.0,-0.8912861069254512,2,2.0,-0.058265062621700905,2,2.0,-0.5950247357715714
36,No,Travel_Rarely,1383,1383,1.4386647063553184,Research & Development,10,3,Life Sciences,4,Male,90,90,1.1859086434697095,3,3,Healthcare Representative,1,Married,8321,8321,0.38616937054865536,0,25949,25949,1.6347634681496368,7,7.0,1.7240941528455003,Yes,13,3,4,1,15,15.0,0.4781535221523871,1,3,3.0,12,12,0.8147908661356622,0.8,8,8.0,1.0407412870823096,5,5.0,0.8727093077317748,7,7.0,0.8062670961106719
44,Yes,Travel_Frequently,429,429,-0.9255942444801282,Research & Development,1,2,Medical,3,Male,99,99,1.628616638712993,3,1,Research Scientist,2,Divorced,2342,2342,-0.8838083024543386,0,11092,11092,-0.4525428807557377,1,1.0,-0.6778187248056703,Yes,12,3,3,3,6,6.0,-0.6785426011840899,2,2,2.5,5,5,-0.32778177109816264,0.8333333333333334,3,3.0,-0.339278280066091,2,2.0,-0.058265062621700905,3,3.0,-0.31476636939512276
37,No,Travel_Rarely,1239,1239,1.0817954307575153,Human Resources,8,2,Other,3,Male,89,89,1.1367188662204557,3,2,Human Resources,2,Divorced,4071,4071,-0.5165576925493083,0,12832,12832,-0.20808484433550806,2,2.0,-0.27749991186380857,No,13,3,3,0,19,19.0,0.9922406880797102,4,2,2.5,10,10,0.48834154121171225,0.5263157894736842,0,0.0,-1.1672900203551313,4,4.0,0.5623845176139496,7,7.0,0.8062670961106719
35,Yes,Travel_Rarely,303,303,-1.237854860628206,Sales,27,3,Life Sciences,3,Male,84,84,0.8907699799741872,3,2,Sales Executive,4,Single,5813,5813,-0.14654579986303704,0,13492,13492,-0.11535938224507614,1,1.0,-0.6778187248056703,Yes,18,3,4,0,10,10.0,-0.16445543525676679,2,3,3.5,10,10,0.48834154121171225,1.0,7,7.0,0.7647373736526294,7,7.0,1.493358887967425,7,7.0,0.8062670961106719
33,No,Travel_Rarely,867,867,0.1598831354631901,Research & Development,8,4,Life Sciences,4,Male,90,90,1.1859086434697095,4,1,Research Scientist,1,Married,3143,3143,-0.713670801856346,0,6076,6076,-1.1572563926430204,6,6.0,1.3237753399036383,No,19,3,2,1,14,14.0,0.3496317306705563,1,3,2.5,10,10,0.48834154121171225,0.7142857142857143,8,8.0,1.0407412870823096,7,7.0,1.493358887967425,6,6.0,0.5260087297342232
28,No,Travel_Rarely,1181,1181,0.9380564169750667,Research & Development,1,3,Life Sciences,3,Male,82,82,0.7923904254756797,3,1,Research Scientist,4,Married,2044,2044,-0.94710540005509,0,5531,5531,-1.2338251454298164,1,1.0,-0.6778187248056703,No,11,3,3,1,5,5.0,-0.8070643926659207,6,4,3.5,5,5,-0.32778177109816264,1.0,3,3.0,-0.339278280066091,0,0.0,-0.6789146428573514,3,3.0,-0.31476636939512276
39,No,Travel_Rarely,1253,1253,1.1164910547739684,Research & Development,10,1,Medical,3,Male,65,65,-0.04383578776163373,3,3,Research Director,3,Single,13464,13464,1.4785753200810852,0,7914,7914,-0.8990300300336054,7,7.0,1.7240941528455003,No,21,4,3,0,9,9.0,-0.29297722673859755,3,3,3.0,4,4,-0.4910064335601377,0.4444444444444444,3,3.0,-0.339278280066091,2,2.0,-0.058265062621700905,2,2.0,-0.5950247357715714
46,No,Non-Travel,849,849,0.1152744760134647,Sales,26,2,Life Sciences,2,Male,98,98,1.5794268614637395,2,2,Sales Executive,2,Single,7991,7991,0.31607526917869583,0,25166,25166,1.5247573517605335,8,8.0,2.124412965787362,No,15,3,3,0,6,6.0,-0.6785426011840899,3,3,2.5,2,2,-0.8174557584840876,0.3333333333333333,2,2.0,-0.6152821934957711,2,2.0,-0.058265062621700905,2,2.0,-0.5950247357715714
40,No,Travel_Rarely,616,616,-0.4621598379746475,Research & Development,2,2,Life Sciences,3,Female,99,99,1.628616638712993,3,1,Laboratory Technician,1,Married,3377,3377,-0.663967711794011,0,25605,25605,1.5864338333631085,4,4.0,0.5231377140199149,No,17,3,4,1,7,7.0,-0.5500208097022591,5,2,2.5,4,4,-0.4910064335601377,0.5714285714285714,3,3.0,-0.339278280066091,0,0.0,-0.6789146428573514,2,2.0,-0.5950247357715714
42,No,Travel_Rarely,1128,1128,0.8067086974842085,Research & Development,13,3,Medical,2,Male,95,95,1.4318575297159781,4,2,Healthcare Representative,1,Married,5538,5538,-0.20495755100467,0,5696,5696,-1.2106437799072085,5,5.0,0.9234565269617766,No,18,3,3,2,10,10.0,-0.16445543525676679,2,2,2.0,0,0,-1.1439050834080375,0.0,0,0.0,-1.1672900203551313,0,0.0,-0.6789146428573514,0,0.0,-1.1555414685244687
35,No,Non-Travel,1180,1180,0.9355781581167486,Research & Development,2,2,Medical,2,Male,90,90,1.1859086434697095,3,2,Manufacturing Director,4,Divorced,5762,5762,-0.15737852462021262,0,24442,24442,1.423040329709817,2,2.0,-0.27749991186380857,No,14,3,3,1,15,15.0,0.4781535221523871,6,3,3.0,7,7,-0.0013324461742127045,0.4666666666666667,7,7.0,0.7647373736526294,1,1.0,-0.3685898527395261,7,7.0,0.8062670961106719
38,No,Non-Travel,1336,1336,1.3221865400143689,Human Resources,2,3,Human Resources,1,Male,100,100,1.6778064159622468,3,1,Human Resources,2,Divorced,2592,2592,-0.8307067105073996,0,7129,7129,-1.0093171326714676,5,5.0,0.9234565269617766,No,13,3,4,3,13,13.0,0.22110993918872554,3,3,2.5,11,11,0.6515662036736872,0.8461538461538461,10,10.0,1.5927491139416698,3,3.0,0.2520597274961243,8,8.0,1.0865254624871206
34,Yes,Travel_Frequently,234,234,-1.4088547218521534,Research & Development,9,4,Life Sciences,4,Male,93,93,1.3334779752174708,3,2,Laboratory Technician,1,Married,5346,5346,-0.24573957361991916,0,6208,6208,-1.138711300224934,4,4.0,0.5231377140199149,No,17,3,3,1,11,11.0,-0.035933643774936005,3,2,2.5,7,7,-0.0013324461742127045,0.6363636363636364,1,1.0,-0.8912861069254512,0,0.0,-0.6789146428573514,7,7.0,0.8062670961106719
37,Yes,Travel_Rarely,370,370,-1.0718115171208948,Research & Development,10,4,Medical,4,Male,58,58,-0.38816422850640986,3,2,Manufacturing Director,1,Single,4213,4213,-0.4863959883234469,0,4992,4992,-1.3095509394703357,1,1.0,-0.6778187248056703,No,15,3,2,0,10,10.0,-0.16445543525676679,4,1,2.0,10,10,0.48834154121171225,1.0,3,3.0,-0.339278280066091,0,0.0,-0.6789146428573514,8,8.0,1.0865254624871206
39,No,Travel_Frequently,766,766,-0.09042100922693579,Sales,20,3,Life Sciences,3,Male,83,83,0.8415802027249334,3,2,Sales Executive,4,Divorced,4127,4127,-0.5046629359531939,0,19188,19188,0.6848894542202273,2,2.0,-0.27749991186380857,No,18,3,4,1,7,7.0,-0.5500208097022591,6,3,3.5,2,2,-0.8174557584840876,0.2857142857142857,1,1.0,-0.8912861069254512,2,2.0,-0.058265062621700905,2,2.0,-0.5950247357715714
43,No,Non-Travel,343,343,-1.138724506295483,Research & Development,9,3,Life Sciences,1,Male,52,52,-0.6833028920019322,3,1,Research Scientist,3,Single,2438,2438,-0.8634172911467141,0,24978,24978,1.4983446443771982,4,4.0,0.5231377140199149,No,13,3,3,0,7,7.0,-0.5500208097022591,2,2,2.25,3,3,-0.6542310960221126,0.42857142857142855,2,2.0,-0.6152821934957711,1,1.0,-0.3685898527395261,2,2.0,-0.5950247357715714
41,No,Travel_Rarely,447,447,-0.8809855850304027,Research & Development,5,3,Life Sciences,2,Male,85,85,0.9399597572234408,4,2,Healthcare Representative,2,Single,6870,6870,0.0779677308886212,0,15530,15530,0.1709656052402273,3,3.0,0.12281890107805317,No,12,3,1,0,11,11.0,-0.035933643774936005,3,1,1.5,3,3,-0.6542310960221126,0.2727272727272727,2,2.0,-0.6152821934957711,1,1.0,-0.3685898527395261,2,2.0,-0.5950247357715714
41,No,Travel_Rarely,796,796,-0.016073243477393438,Sales,4,1,Marketing,3,Female,81,81,0.743200648226426,3,3,Sales Executive,3,Divorced,10447,10447,0.8377453084654249,0,26458,26458,1.706274468458773,0,0.0,-1.078137537747532,Yes,13,3,4,1,23,23.0,1.5063278540070333,3,4,3.5,22,18,1.794138840907512,0.9565217391304348,14,14.0,2.6967647676603903,13,7.5,1.6485212830263376,5,5.0,0.2457503633577746
30,No,Travel_Rarely,1092,1092,0.7174913785847578,Research & Development,10,3,Medical,1,Female,64,64,-0.09302556501088746,3,3,Manufacturing Director,3,Single,9667,9667,0.6720683415909752,0,2739,2739,-1.6260819486972193,9,8.5,2.324572372258293,No,14,3,2,0,9,9.0,-0.29297722673859755,3,3,2.25,7,7,-0.0013324461742127045,0.7777777777777778,7,7.0,0.7647373736526294,0,0.0,-0.6789146428573514,2,2.0,-0.5950247357715714
26,Yes,Travel_Rarely,920,920,0.29123085495404827,Human Resources,20,2,Medical,4,Female,69,69,0.1529233212353812,3,1,Human Resources,2,Married,2148,2148,-0.9250151378051633,0,6889,6889,-1.0430354825225336,0,0.0,-1.078137537747532,Yes,11,3,3,0,6,6.0,-0.6785426011840899,3,3,3.0,5,5,-0.32778177109816264,0.8333333333333334,1,1.0,-0.8912861069254512,1,1.0,-0.3685898527395261,4,4.0,-0.03450800301867408
46,Yes,Travel_Rarely,261,261,-1.3419417326775653,Research & Development,21,2,Medical,4,Female,66,66,0.005353989487620002,3,2,Healthcare Representative,2,Married,8926,8926,0.5146752230602478,0,10842,10842,-0.48766616185059825,4,4.0,0.5231377140199149,No,22,4,4,1,13,13.0,0.22110993918872554,2,4,3.5,9,9,0.32511687874973727,0.6923076923076923,7,7.0,0.7647373736526294,3,3.0,0.2520597274961243,7,7.0,0.8062670961106719
40,No,Travel_Rarely,1194,1194,0.9702737821332017,Research & Development,1,3,Life Sciences,3,Female,52,52,-0.6833028920019322,3,2,Healthcare Representative,4,Divorced,6513,6513,0.0021386575883922576,0,9060,9060,-0.7380249094947645,4,4.0,0.5231377140199149,No,17,3,4,1,12,12.0,0.09258814770689477,3,3,3.5,5,5,-0.32778177109816264,0.4166666666666667,3,3.0,-0.339278280066091,0,0.0,-0.6789146428573514,3,3.0,-0.31476636939512276
34,No,Travel_Rarely,810,810,0.018622380539059655,Sales,8,2,Technical Degree,2,Male,92,92,1.284288197968217,4,2,Sales Executive,3,Married,6799,6799,0.06288687877569052,0,22128,22128,1.0979392398957877,1,1.0,-0.6778187248056703,No,21,4,3,2,10,10.0,-0.16445543525676679,5,3,2.75,10,10,0.48834154121171225,1.0,8,8.0,1.0407412870823096,4,4.0,0.5623845176139496,8,8.0,1.0865254624871206
58,No,Non-Travel,350,350,-1.1213766942872563,Sales,2,3,Medical,2,Male,52,52,-0.6833028920019322,3,4,Manager,2,Divorced,16291,16291,2.0790481218170718,0,22577,22577,1.1610206527421574,4,4.0,0.5231377140199149,No,22,4,4,1,37,28.5,2.2131977071571027,0,2,2.5,16,16,1.4676895159835621,0.43243243243243246,9,9.0,1.3167452005119897,14,7.5,1.6485212830263376,14,14.0,2.7680756607458123
35,No,Travel_Rarely,185,185,-1.5302894059097392,Research & Development,23,4,Medical,2,Male,91,91,1.2350984207189633,1,1,Laboratory Technician,3,Married,2705,2705,-0.8067047909473831,0,9696,9696,-0.6486712823894392,0,0.0,-1.078137537747532,No,16,3,2,1,6,6.0,-0.6785426011840899,2,4,2.75,5,5,-0.32778177109816264,0.8333333333333334,4,4.0,-0.06327436663641088,0,0.0,-0.6789146428573514,3,3.0,-0.31476636939512276
47,No,Travel_Rarely,1001,1001,0.49196982247781257,Research & Development,4,3,Life Sciences,3,Female,92,92,1.284288197968217,2,3,Manufacturing Director,2,Divorced,10333,10333,0.8135309825376208,0,19271,19271,0.696550383543721,8,8.0,2.124412965787362,Yes,12,3,3,1,28,28.0,2.1489368114161875,4,3,2.75,22,18,1.794138840907512,0.7857142857142857,11,11.0,1.8687530273713497,14,7.5,1.6485212830263376,10,10.0,1.6470421952400178
40,No,Travel_Rarely,750,750,-0.13007315096002503,Research & Development,12,3,Life Sciences,2,Female,47,47,-0.9292517782482008,3,2,Healthcare Representative,1,Divorced,4448,4448,-0.4364804918933242,0,10748,10748,-0.5008725155422659,2,2.0,-0.27749991186380857,No,12,3,2,1,15,15.0,0.4781535221523871,3,3,2.0,7,7,-0.0013324461742127045,0.4666666666666667,4,4.0,-0.06327436663641088,7,7.0,1.493358887967425,7,7.0,0.8062670961106719
54,No,Travel_Rarely,431,431,-0.920637726763492,Research & Development,7,4,Medical,4,Female,68,68,0.10373354398612747,3,2,Research Scientist,4,Married,6854,6854,0.0745692290040171,0,15696,15696,0.1942874638872147,4,4.0,0.5231377140199149,No,15,3,2,1,14,14.0,0.3496317306705563,2,2,3.0,7,7,-0.0013324461742127045,0.5,1,1.0,-0.8912861069254512,1,1.0,-0.3685898527395261,7,7.0,0.8062670961106719
31,No,Travel_Frequently,1125,1125,0.7992739209092543,Sales,7,4,Marketing,1,Female,68,68,0.10373354398612747,3,3,Sales Executive,1,Married,9637,9637,0.6656961505573424,0,8277,8277,-0.8480310258838678,2,2.0,-0.27749991186380857,No,14,3,4,2,9,9.0,-0.29297722673859755,3,3,2.25,3,3,-0.6542310960221126,0.3333333333333333,2,2.0,-0.6152821934957711,2,2.0,-0.058265062621700905,2,2.0,-0.5950247357715714
28,No,Travel_Rarely,1217,1217,1.0272737358745174,Research & Development,1,3,Medical,3,Female,67,67,0.05454376673687373,3,1,Research Scientist,1,Married,3591,3591,-0.6185127490874313,0,12719,12719,-0.22396056739038506,1,1.0,-0.6778187248056703,No,25,4,3,1,3,3.0,-1.0641079756295821,3,3,2.5,3,3,-0.6542310960221126,1.0,2,2.0,-0.6152821934957711,1,1.0,-0.3685898527395261,2,2.0,-0.5950247357715714
38,No,Travel_Rarely,723,723,-0.19698614013461316,Sales,2,4,Marketing,2,Female,77,77,0.5464415392294111,1,2,Sales Representative,4,Married,5405,5405,-0.23320759792044155,0,4244,4244,-1.4146397965061586,2,2.0,-0.27749991186380857,Yes,20,4,1,2,20,20.0,1.120762479561541,4,2,2.25,4,4,-0.4910064335601377,0.2,2,2.0,-0.6152821934957711,0,0.0,-0.6789146428573514,3,3.0,-0.31476636939512276
26,No,Travel_Rarely,572,572,-0.5712032277406429,Sales,10,3,Medical,3,Male,46,46,-0.9784415554974546,3,2,Sales Executive,4,Single,4684,4684,-0.38635258909541376,0,9125,9125,-0.7288928564101007,1,1.0,-0.6778187248056703,No,13,3,1,0,5,5.0,-0.8070643926659207,4,3,2.75,5,5,-0.32778177109816264,1.0,3,3.0,-0.339278280066091,1,1.0,-0.3685898527395261,2,2.0,-0.5950247357715714
58,No,Travel_Frequently,1216,1216,1.0247954770161993,Research & Development,15,4,Life Sciences,1,Male,87,87,1.0383393117219484,3,4,Research Director,3,Married,15787,15787,1.9719953124520426,0,21624,21624,1.0271307052085488,2,2.0,-0.27749991186380857,Yes,14,3,2,0,23,23.0,1.5063278540070333,3,3,2.25,2,2,-0.8174557584840876,0.08695652173913043,2,2.0,-0.6152821934957711,2,2.0,-0.058265062621700905,2,2.0,-0.5950247357715714
18,No,Non-Travel,1431,1431,1.5576211315545863,Research & Development,14,3,Medical,2,Female,33,33,-1.617908659737753,3,1,Research Scientist,3,Single,1514,1514,-1.0596807749826007,0,8018,8018,-0.8844187450981433,1,1.0,-0.6778187248056703,No,16,3,3,0,0,0.0,-1.4496733500750745,4,1,2.25,0,0,-1.1439050834080375,0.0,0,0.0,-1.1672900203551313,0,0.0,-0.6789146428573514,0,0.0,-1.1555414685244687
31,Yes,Travel_Rarely,359,359,-1.0990723645623937,Human Resources,18,5,Human Resources,4,Male,89,89,1.1367188662204557,4,1,Human Resources,1,Married,2956,2956,-0.7533907926326564,0,21495,21495,1.0090070921636007,0,0.0,-1.078137537747532,No,17,3,3,0,2,2.0,-1.192629767111413,4,3,2.75,1,1,-0.9806804209460626,0.5,0,0.0,-1.1672900203551313,0,0.0,-0.6789146428573514,0,0.0,-1.1555414685244687
29,Yes,Travel_Rarely,350,350,-1.1213766942872563,Human Resources,13,3,Human Resources,1,Male,56,56,-0.4865437830049173,2,1,Human Resources,1,Divorced,2335,2335,-0.8852951470288529,0,3157,3157,-1.5673558227066124,4,4.0,0.5231377140199149,Yes,15,3,4,3,4,4.0,-0.9355861841477514,3,3,2.25,2,2,-0.8174557584840876,0.5,2,2.0,-0.6152821934957711,2,2.0,-0.058265062621700905,0,0.0,-1.1555414685244687
45,No,Non-Travel,589,589,-0.5290728271492356,Sales,2,4,Life Sciences,3,Female,67,67,0.05454376673687373,3,2,Sales Executive,3,Married,5154,5154,-0.2865215962351684,0,19665,19665,0.7519046745492213,4,4.0,0.5231377140199149,No,22,4,2,2,10,10.0,-0.16445543525676679,3,4,3.0,8,8,0.1618922162877623,0.8,7,7.0,0.7647373736526294,5,5.0,0.8727093077317748,7,7.0,0.8062670961106719
36,No,Travel_Rarely,430,430,-0.9231159856218101,Research & Development,2,4,Other,4,Female,73,73,0.3496824302323961,3,2,Research Scientist,2,Married,6962,6962,0.09750911672509477,0,19573,19573,0.7389793071063125,4,4.0,0.5231377140199149,Yes,22,4,4,1,15,15.0,0.4781535221523871,2,3,3.25,1,1,-0.9806804209460626,0.06666666666666667,0,0.0,-1.1672900203551313,0,0.0,-0.6789146428573514,0,0.0,-1.1555414685244687
43,No,Travel_Frequently,1422,1422,1.5353168018297234,Sales,2,4,Life Sciences,1,Male,92,92,1.284288197968217,3,2,Sales Executive,4,Married,5675,5675,-0.1758578786177474,0,19246,19246,0.6930380554342349,1,1.0,-0.6778187248056703,No,20,4,3,1,7,7.0,-0.5500208097022591,5,3,2.75,7,7,-0.0013324461742127045,1.0,7,7.0,0.7647373736526294,7,7.0,1.493358887967425,7,7.0,0.8062670961106719
27,No,Travel_Frequently,1297,1297,1.2255344445399639,Research & Development,5,2,Life Sciences,4,Female,53,53,-0.6341131147526785,3,1,Laboratory Technician,4,Single,2379,2379,-0.8759492668461917,0,19826,19826,0.7745240675743115,0,0.0,-1.078137537747532,Yes,14,3,3,0,6,6.0,-0.6785426011840899,3,2,3.25,5,5,-0.32778177109816264,0.8333333333333334,4,4.0,-0.06327436663641088,0,0.0,-0.6789146428573514,2,2.0,-0.5950247357715714
29,No,Travel_Frequently,574,574,-0.5662467100240068,Research & Development,20,1,Medical,4,Male,40,40,-1.273580218992977,3,1,Laboratory Technician,4,Married,3812,3812,-0.5715709418063372,0,7003,7003,-1.0270192663432773,1,1.0,-0.6778187248056703,No,13,3,2,0,11,11.0,-0.035933643774936005,3,4,3.5,11,11,0.6515662036736872,1.0,8,8.0,1.0407412870823096,3,3.0,0.2520597274961243,10,10.0,1.6470421952400178
32,No,Travel_Frequently,1318,1318,1.2775778805646434,Sales,10,4,Marketing,4,Male,79,79,0.6448210937279185,3,2,Sales Executive,4,Single,4648,4648,-0.39399921833577295,0,26075,26075,1.6524656018214465,8,8.0,2.124412965787362,No,13,3,3,0,4,4.0,-0.9355861841477514,2,4,3.75,0,0,-1.1439050834080375,0.0,0,0.0,-1.1672900203551313,0,0.0,-0.6789146428573514,0,0.0,-1.1555414685244687
42,No,Non-Travel,355,355,-1.108985399995666,Research & Development,10,4,Technical Degree,3,Male,38,38,-1.3719597734914843,3,1,Research Scientist,3,Married,2936,2936,-0.7576389199884115,0,6161,6161,-1.1453144770707677,3,3.0,0.12281890107805317,No,22,4,2,2,10,10.0,-0.16445543525676679,1,2,2.5,6,6,-0.1645571086361877,0.6,3,3.0,-0.339278280066091,3,3.0,0.2520597274961243,3,3.0,-0.31476636939512276
47,No,Travel_Rarely,207,207,-1.4757677110267415,Research & Development,9,4,Life Sciences,2,Female,64,64,-0.09302556501088746,3,1,Laboratory Technician,3,Single,2105,2105,-0.9341486116200368,0,5411,5411,-1.2506843203553495,4,4.0,0.5231377140199149,No,12,3,3,0,7,7.0,-0.5500208097022591,2,3,2.75,2,2,-0.8174557584840876,0.2857142857142857,2,2.0,-0.6152821934957711,2,2.0,-0.058265062621700905,0,0.0,-1.1555414685244687
46,No,Travel_Rarely,706,706,-0.23911654072602048,Research & Development,2,2,Life Sciences,4,Male,82,82,0.7923904254756797,3,3,Manufacturing Director,4,Divorced,8578,8578,0.4407578070701087,0,19989,19989,0.7974244468481606,3,3.0,0.12281890107805317,No,14,3,3,1,12,12.0,0.09258814770689477,4,2,3.25,9,9,0.32511687874973727,0.75,8,8.0,1.0407412870823096,4,4.0,0.5623845176139496,7,7.0,0.8062670961106719
28,No,Non-Travel,280,280,-1.2948548143695218,Human Resources,1,2,Life Sciences,3,Male,43,43,-1.1260108872452157,3,1,Human Resources,4,Divorced,2706,2706,-0.8064923845795954,0,10494,10494,-0.5365577691346441,1,1.0,-0.6778187248056703,No,15,3,2,1,3,3.0,-1.0641079756295821,2,3,3.0,3,3,-0.6542310960221126,1.0,2,2.0,-0.6152821934957711,2,2.0,-0.058265062621700905,2,2.0,-0.5950247357715714
29,No,Travel_Rarely,726,726,-0.1895513635596589,Research & Development,29,1,Life Sciences,4,Male,93,93,1.3334779752174708,1,2,Healthcare Representative,3,Divorced,6384,6384,-0.025261763856228286,0,21143,21143,0.959553512382037,8,8.0,2.124412965787362,No,17,3,4,2,11,11.0,-0.035933643774936005,3,3,3.5,7,7,-0.0013324461742127045,0.6363636363636364,0,0.0,-1.1672900203551313,1,1.0,-0.3685898527395261,6,6.0,0.5260087297342232
42,No,Travel_Rarely,1142,1142,0.8414043215006616,Research & Development,8,3,Life Sciences,4,Male,81,81,0.743200648226426,3,1,Laboratory Technician,3,Single,3968,3968,-0.5384355484314471,0,13624,13624,-0.09681428982698975,4,4.0,0.5231377140199149,No,13,3,4,0,8,8.0,-0.42149901822042835,3,3,3.5,0,0,-1.1439050834080375,0.0,0,0.0,-1.1672900203551313,0,0.0,-0.6789146428573514,0,0.0,-1.1555414685244687
32,Yes,Travel_Rarely,414,414,-0.9627681273548994,Sales,2,4,Marketing,3,Male,82,82,0.7923904254756797,2,2,Sales Executive,2,Single,9907,9907,0.7230458698600366,0,26186,26186,1.6680603386275645,7,7.0,1.7240941528455003,Yes,12,3,3,0,7,7.0,-0.5500208097022591,3,2,2.5,2,2,-0.8174557584840876,0.2857142857142857,2,2.0,-0.6152821934957711,2,2.0,-0.058265062621700905,2,2.0,-0.5950247357715714
46,No,Travel_Rarely,1319,1319,1.2800561394229615,Sales,3,3,Technical Degree,1,Female,45,45,-1.0276313327467084,4,4,Sales Executive,1,Divorced,13225,13225,1.4278101981798115,0,7739,7739,-0.9236163268000077,2,2.0,-0.27749991186380857,No,12,3,4,1,25,25.0,1.7633714369706948,5,3,2.25,19,18,1.794138840907512,0.76,17,14.5,2.8347667243752306,2,2.0,-0.058265062621700905,8,8.0,1.0865254624871206
27,No,Travel_Rarely,728,728,-0.18459484584302277,Sales,23,1,Medical,2,Female,36,36,-1.470339327989992,2,2,Sales Representative,3,Married,3540,3540,-0.6293454738446068,0,7018,7018,-1.0249118694775856,1,1.0,-0.6778187248056703,No,21,4,4,1,9,9.0,-0.29297722673859755,5,3,3.0,9,9,0.32511687874973727,1.0,8,8.0,1.0407412870823096,5,5.0,0.8727093077317748,8,8.0,1.0865254624871206
29,No,Travel_Rarely,352,352,-1.11642017657062,Human Resources,6,1,Medical,4,Male,87,87,1.0383393117219484,2,1,Human Resources,2,Married,2804,2804,-0.7856765605363953,0,15434,15434,0.15747826529980083,1,1.0,-0.6778187248056703,No,11,3,4,0,1,1.0,-1.3211515585932438,3,3,3.25,1,1,-0.9806804209460626,1.0,0,0.0,-1.1672900203551313,0,0.0,-0.6789146428573514,0,0.0,-1.1555414685244687
43,No,Travel_Rarely,823,823,0.05083974569719467,Research & Development,6,3,Medical,1,Female,81,81,0.743200648226426,2,5,Manager,3,Married,19392,16581,2.140645968475521,1,22539,22539,1.1556819140157384,7,7.0,1.7240941528455003,No,13,3,4,0,21,21.0,1.2492842710433718,2,3,2.75,16,16,1.4676895159835621,0.7619047619047619,12,12.0,2.14475694080103,6,6.0,1.1830340978496,14,14.0,2.7680756607458123
48,No,Travel_Rarely,1224,1224,1.044621547882744,Research & Development,10,3,Life Sciences,4,Male,91,91,1.2350984207189633,2,5,Research Director,2,Married,19665,16581,2.140645968475521,1,13583,13583,-0.10257450792654689,4,4.0,0.5231377140199149,No,12,3,4,0,29,28.5,2.2131977071571027,3,3,3.25,22,18,1.794138840907512,0.7586206896551724,10,10.0,1.5927491139416698,12,7.5,1.6485212830263376,9,9.0,1.3667838288635692
29,Yes,Travel_Frequently,459,459,-0.8512464787305858,Research & Development,24,2,Life Sciences,4,Male,73,73,0.3496824302323961,2,1,Research Scientist,4,Single,2439,2439,-0.8632048847789263,0,14753,14753,0.06180244759740062,1,1.0,-0.6778187248056703,Yes,24,4,2,0,1,1.0,-1.3211515585932438,3,2,3.0,1,1,-0.9806804209460626,1.0,0,0.0,-1.1672900203551313,1,1.0,-0.3685898527395261,0,0.0,-1.1555414685244687
46,Yes,Travel_Rarely,1254,1254,1.1189693136322865,Sales,10,3,Life Sciences,3,Female,64,64,-0.09302556501088746,3,3,Sales Executive,2,Married,7314,7314,0.17227615818638495,0,14011,14011,-0.04244345069214558,5,5.0,0.9234565269617766,No,21,4,3,3,14,14.0,0.3496317306705563,2,3,2.75,8,8,0.1618922162877623,0.5714285714285714,7,7.0,0.7647373736526294,0,0.0,-0.6789146428573514,7,7.0,0.8062670961106719
27,No,Travel_Frequently,1131,1131,0.8141434740591628,Research & Development,15,3,Life Sciences,4,Female,77,77,0.5464415392294111,2,1,Research Scientist,1,Married,4774,4774,-0.36723601599451566,0,23844,23844,1.3390254413309106,0,0.0,-1.078137537747532,No,19,3,4,1,8,8.0,-0.42149901822042835,2,2,2.75,7,7,-0.0013324461742127045,0.875,6,6.0,0.48873346022294933,7,7.0,1.493358887967425,3,3.0,-0.31476636939512276
39,No,Travel_Rarely,835,835,0.0805788519970116,Research & Development,19,4,Other,4,Male,41,41,-1.2243904417437232,3,2,Research Scientist,4,Divorced,3902,3902,-0.5524543687054391,0,5141,5141,-1.288617463937799,8,8.0,2.124412965787362,No,14,3,2,3,7,7.0,-0.5500208097022591,2,3,3.25,2,2,-0.8174557584840876,0.2857142857142857,2,2.0,-0.6152821934957711,2,2.0,-0.058265062621700905,2,2.0,-0.5950247357715714
55,No,Travel_Rarely,836,836,0.08305711085532969,Research & Development,2,4,Technical Degree,2,Male,98,98,1.5794268614637395,2,1,Research Scientist,4,Married,2662,2662,-0.8158382647622567,0,7975,7975,-0.8904599494464593,8,8.0,2.124412965787362,No,20,4,2,1,19,19.0,0.9922406880797102,2,4,3.0,5,5,-0.32778177109816264,0.2631578947368421,2,2.0,-0.6152821934957711,0,0.0,-0.6789146428573514,4,4.0,-0.03450800301867408
28,No,Travel_Rarely,1172,1172,0.915752087250204,Sales,3,3,Medical,2,Female,78,78,0.5956313164786647,3,1,Sales Representative,2,Married,2856,2856,-0.774631429411432,0,3692,3692,-1.4921920011636107,1,1.0,-0.6778187248056703,No,19,3,4,1,1,1.0,-1.3211515585932438,3,3,2.75,1,1,-0.9806804209460626,1.0,0,0.0,-1.1672900203551313,0,0.0,-0.6789146428573514,0,0.0,-1.1555414685244687
30,Yes,Travel_Rarely,945,945,0.35318732641200024,Sales,9,3,Medical,2,Male,89,89,1.1367188662204557,3,1,Sales Representative,4,Single,1081,1081,-1.1516527322346992,0,16019,16019,0.23966674306177457,1,1.0,-0.6778187248056703,No,13,3,3,0,1,1.0,-1.3211515585932438,3,2,2.75,1,1,-0.9806804209460626,1.0,0,0.0,-1.1672900203551313,0,0.0,-0.6789146428573514,0,0.0,-1.1555414685244687
22,Yes,Travel_Rarely,391,391,-1.019768081096215,Research & Development,7,1,Life Sciences,4,Male,75,75,0.4480619847309036,3,1,Research Scientist,2,Single,2472,2472,-0.8561954746419304,0,26092,26092,1.654853984935897,1,1.0,-0.6778187248056703,Yes,23,4,1,0,1,1.0,-1.3211515585932438,2,3,2.5,1,1,-0.9806804209460626,1.0,0,0.0,-1.1672900203551313,0,0.0,-0.6789146428573514,0,0.0,-1.1555414685244687
36,No,Travel_Rarely,1266,1266,1.1487084199321034,Sales,10,4,Technical Degree,2,Female,63,63,-0.14221534226014118,2,2,Sales Executive,3,Married,5673,5673,-0.17628269135332292,0,6060,6060,-1.1595042826330915,1,1.0,-0.6778187248056703,Yes,13,3,1,1,10,10.0,-0.16445543525676679,4,3,2.25,10,10,0.48834154121171225,1.0,9,9.0,1.3167452005119897,1,1.0,-0.3685898527395261,7,7.0,0.8062670961106719
31,No,Travel_Rarely,311,311,-1.2180287897616613,Research & Development,20,3,Life Sciences,2,Male,89,89,1.1367188662204557,3,2,Laboratory Technician,3,Divorced,4197,4197,-0.489794490208051,0,18624,18624,0.6056513320702218,1,1.0,-0.6778187248056703,No,11,3,1,1,10,10.0,-0.16445543525676679,2,3,2.25,10,10,0.48834154121171225,1.0,8,8.0,1.0407412870823096,0,0.0,-0.6789146428573514,2,2.0,-0.5950247357715714
34,No,Travel_Rarely,1480,1480,1.679055815612172,Sales,4,3,Life Sciences,3,Male,64,64,-0.09302556501088746,3,3,Sales Executive,4,Married,9713,9713,0.6818390345092119,0,24444,24444,1.423321315958576,2,2.0,-0.27749991186380857,Yes,13,3,4,3,9,9.0,-0.29297722673859755,3,3,3.5,5,5,-0.32778177109816264,0.5555555555555556,3,3.0,-0.339278280066091,1,1.0,-0.3685898527395261,0,0.0,-1.1555414685244687
29,No,Travel_Rarely,592,592,-0.5216380505742814,Research & Development,7,3,Life Sciences,4,Male,59,59,-0.3389744512571561,3,1,Laboratory Technician,1,Single,2062,2062,-0.9432820854349103,0,19384,19384,0.712426106598598,3,3.0,0.12281890107805317,No,14,3,2,0,11,11.0,-0.035933643774936005,2,3,2.5,3,3,-0.6542310960221126,0.2727272727272727,2,2.0,-0.6152821934957711,1,1.0,-0.3685898527395261,2,2.0,-0.5950247357715714
37,No,Travel_Rarely,783,783,-0.048290608635528455,Research & Development,7,4,Medical,4,Male,78,78,0.5956313164786647,3,2,Research Scientist,1,Married,4284,4284,-0.4713151362105162,0,13588,13588,-0.10187204230464968,5,5.0,0.9234565269617766,Yes,22,4,3,1,16,16.0,0.6066753136342179,2,3,2.75,5,5,-0.32778177109816264,0.3125,3,3.0,-0.339278280066091,0,0.0,-0.6789146428573514,4,4.0,-0.03450800301867408
35,No,Travel_Rarely,219,219,-1.4460286047269246,Research & Development,16,2,Other,4,Female,44,44,-1.0768211099959621,2,2,Manufacturing Director,2,Married,4788,4788,-0.3642623268454871,0,25388,25388,1.5559468253727695,0,0.0,-1.078137537747532,Yes,11,3,4,0,4,4.0,-0.9355861841477514,2,3,3.25,3,3,-0.6542310960221126,0.75,2,2.0,-0.6152821934957711,0,0.0,-0.6789146428573514,2,2.0,-0.5950247357715714
45,No,Travel_Rarely,556,556,-0.6108553694737322,Research & Development,25,2,Life Sciences,2,Female,93,93,1.3334779752174708,2,2,Manufacturing Director,4,Married,5906,5906,-0.1267920076587757,0,23888,23888,1.3452071388036062,0,0.0,-1.078137537747532,No,13,3,4,2,10,10.0,-0.16445543525676679,2,2,3.0,9,9,0.32511687874973727,0.9,8,8.0,1.0407412870823096,3,3.0,0.2520597274961243,8,8.0,1.0865254624871206
36,No,Travel_Frequently,1213,1213,1.0173607004412453,Human Resources,2,1,Human Resources,2,Male,94,94,1.3826677524667244,2,2,Human Resources,4,Single,3886,3886,-0.5558528705900432,0,4223,4223,-1.417590152118127,1,1.0,-0.6778187248056703,No,21,4,4,0,10,10.0,-0.16445543525676679,2,2,3.0,10,10,0.48834154121171225,1.0,1,1.0,-0.8912861069254512,0,0.0,-0.6789146428573514,8,8.0,1.0865254624871206
40,No,Travel_Rarely,1137,1137,0.8290130272090712,Research & Development,1,4,Life Sciences,1,Male,98,98,1.5794268614637395,3,4,Manager,1,Divorced,16823,16581,2.140645968475521,1,18991,18991,0.6572123087174772,2,2.0,-0.27749991186380857,No,11,3,1,1,22,22.0,1.3778060625252024,3,3,1.5,19,18,1.794138840907512,0.8636363636363636,7,7.0,0.7647373736526294,11,7.5,1.6485212830263376,16,14.5,2.908204843934037
26,No,Travel_Rarely,482,482,-0.79424652498927,Research & Development,1,2,Life Sciences,2,Female,90,90,1.1859086434697095,2,1,Research Scientist,3,Married,2933,2933,-0.7582761390917747,0,14908,14908,0.08357888187621418,1,1.0,-0.6778187248056703,Yes,13,3,3,1,1,1.0,-1.3211515585932438,3,2,2.5,1,1,-0.9806804209460626,1.0,0,0.0,-1.1672900203551313,1,1.0,-0.3685898527395261,0,0.0,-1.1555414685244687
27,No,Travel_Rarely,511,511,-0.7223770180980458,Sales,2,2,Medical,1,Female,89,89,1.1367188662204557,4,2,Sales Executive,3,Single,6500,6500,-6.226251928485722E-4,0,26997,26997,1.7820002624992923,0,0.0,-1.078137537747532,No,14,3,2,0,9,9.0,-0.29297722673859755,5,2,2.0,8,8,0.1618922162877623,0.8888888888888888,7,7.0,0.7647373736526294,0,0.0,-0.6789146428573514,7,7.0,0.8062670961106719
48,No,Travel_Frequently,117,117,-1.6988110082753685,Research & Development,22,3,Medical,4,Female,58,58,-0.38816422850640986,3,4,Manager,4,Divorced,17174,16581,2.140645968475521,1,2437,2437,-1.668510872259811,3,3.0,0.12281890107805317,No,11,3,2,1,24,24.0,1.6348496454888641,3,3,3.25,22,18,1.794138840907512,0.9166666666666666,17,14.5,2.8347667243752306,4,4.0,0.5623845176139496,7,7.0,0.8062670961106719
44,No,Travel_Rarely,170,170,-1.5674632887845104,Research & Development,1,4,Life Sciences,2,Male,78,78,0.5956313164786647,4,2,Healthcare Representative,1,Married,5033,5033,-0.31222276673748683,0,9364,9364,-0.695314999683414,2,2.0,-0.27749991186380857,No,15,3,4,1,10,10.0,-0.16445543525676679,5,3,2.5,2,2,-0.8174557584840876,0.2,0,0.0,-1.1672900203551313,2,2.0,-0.058265062621700905,2,2.0,-0.5950247357715714
34,Yes,Non-Travel,967,967,0.4077090212949979,Research & Development,16,4,Technical Degree,4,Male,85,85,0.9399597572234408,1,1,Research Scientist,1,Married,2307,2307,-0.8912425253269101,0,14460,14460,0.020637962154224018,1,1.0,-0.6778187248056703,Yes,23,4,2,1,5,5.0,-0.8070643926659207,2,3,2.5,5,5,-0.32778177109816264,1.0,2,2.0,-0.6152821934957711,3,3.0,0.2520597274961243,0,0.0,-1.1555414685244687
56,Yes,Travel_Rarely,1162,1162,0.8909694986670232,Research & Development,24,2,Life Sciences,1,Male,97,97,1.5302370842144857,3,1,Laboratory Technician,4,Single,2587,2587,-0.8317687423463384,0,10261,10261,-0.5692926671150542,1,1.0,-0.6778187248056703,No,16,3,4,0,5,5.0,-0.8070643926659207,3,3,3.0,4,4,-0.4910064335601377,0.8,2,2.0,-0.6152821934957711,1,1.0,-0.3685898527395261,0,0.0,-1.1555414685244687
36,No,Travel_Rarely,335,335,-1.1585505771620275,Sales,17,2,Marketing,3,Male,33,33,-1.617908659737753,2,2,Sales Executive,2,Married,5507,5507,-0.21154214840609042,0,16822,16822,0.35248272193846675,2,2.0,-0.27749991186380857,No,16,3,3,2,12,12.0,0.09258814770689477,1,1,2.25,4,4,-0.4910064335601377,0.3333333333333333,2,2.0,-0.6152821934957711,1,1.0,-0.3685898527395261,3,3.0,-0.31476636939512276
41,No,Travel_Rarely,337,337,-1.1535940594453913,Sales,8,3,Marketing,3,Female,54,54,-0.5849233375034247,3,2,Sales Executive,2,Married,4393,4393,-0.4481628421216508,0,26841,26841,1.7600833350960994,5,5.0,0.9234565269617766,No,21,4,3,1,14,14.0,0.3496317306705563,3,3,2.75,5,5,-0.32778177109816264,0.35714285714285715,4,4.0,-0.06327436663641088,1,1.0,-0.3685898527395261,4,4.0,-0.03450800301867408
42,No,Travel_Rarely,1396,1396,1.4708820715134534,Research & Development,6,3,Medical,3,Male,83,83,0.8415802027249334,3,3,Research Director,1,Married,13348,13348,1.4539361814177056,0,14842,14842,0.07430633566717099,9,8.5,2.324572372258293,No,13,3,2,1,18,18.0,0.8637188965978794,3,4,2.5,13,13,0.9780155285976372,0.7222222222222222,7,7.0,0.7647373736526294,5,5.0,0.8727093077317748,7,7.0,0.8062670961106719
31,No,Travel_Rarely,1079,1079,0.6852740134266226,Sales,10,2,Medical,3,Female,86,86,0.9891495344726946,3,2,Sales Executive,4,Divorced,6583,6583,0.017007103333535188,0,20115,20115,0.8151265805199703,2,2.0,-0.27749991186380857,Yes,11,3,4,1,8,8.0,-0.42149901822042835,2,3,3.5,5,5,-0.32778177109816264,0.625,2,2.0,-0.6152821934957711,1,1.0,-0.3685898527395261,4,4.0,-0.03450800301867408
34,No,Travel_Rarely,735,735,-0.16724703383479622,Sales,3,1,Medical,4,Female,75,75,0.4480619847309036,2,2,Sales Executive,4,Married,8103,8103,0.33986478237092455,0,16495,16495,0.3065414702663891,3,3.0,0.12281890107805317,Yes,12,3,3,0,9,9.0,-0.29297722673859755,3,2,3.25,4,4,-0.4910064335601377,0.4444444444444444,2,2.0,-0.6152821934957711,0,0.0,-0.6789146428573514,1,1.0,-0.8752831021480201
31,No,Travel_Rarely,471,471,-0.8215073724307689,Research & Development,4,3,Medical,1,Female,62,62,-0.19140511950939493,4,1,Laboratory Technician,3,Divorced,3978,3978,-0.5363114847535696,0,16031,16031,0.24135266055432789,8,8.0,2.124412965787362,No,12,3,2,1,4,4.0,-0.9355861841477514,0,2,2.0,2,2,-0.8174557584840876,0.5,2,2.0,-0.6152821934957711,2,2.0,-0.058265062621700905,2,2.0,-0.5950247357715714
26,No,Travel_Frequently,1096,1096,0.72740441401803,Research & Development,6,3,Other,3,Male,61,61,-0.24059489675864865,4,1,Laboratory Technician,4,Married,2544,2544,-0.8409022161612119,0,7102,7102,-1.0131104470297125,0,0.0,-1.078137537747532,No,18,3,1,1,8,8.0,-0.42149901822042835,3,3,2.75,7,7,-0.0013324461742127045,0.875,7,7.0,0.7647373736526294,7,7.0,1.493358887967425,7,7.0,0.8062670961106719
45,No,Travel_Frequently,1297,1297,1.2255344445399639,Research & Development,1,4,Medical,2,Male,44,44,-1.0768211099959621,3,2,Healthcare Representative,3,Single,5399,5399,-0.2344820361271681,0,14511,14511,0.027803111497575576,4,4.0,0.5231377140199149,No,12,3,3,0,12,12.0,0.09258814770689477,3,3,2.75,4,4,-0.4910064335601377,0.3333333333333333,2,2.0,-0.6152821934957711,0,0.0,-0.6789146428573514,3,3.0,-0.31476636939512276
33,No,Travel_Rarely,217,217,-1.4509851224435608,Sales,10,4,Marketing,2,Male,43,43,-1.1260108872452157,3,2,Sales Executive,3,Single,5487,5487,-0.21579027576184556,0,10410,10410,-0.5483591915825173,1,1.0,-0.6778187248056703,No,14,3,2,0,10,10.0,-0.16445543525676679,2,2,2.25,10,10,0.48834154121171225,1.0,4,4.0,-0.06327436663641088,0,0.0,-0.6789146428573514,9,9.0,1.3667838288635692
28,No,Travel_Frequently,783,783,-0.048290608635528455,Sales,1,2,Life Sciences,3,Male,42,42,-1.1752006644944695,2,2,Sales Executive,4,Married,6834,6834,0.07032110164826198,0,19255,19255,0.6943024935536499,1,1.0,-0.6778187248056703,Yes,12,3,3,1,7,7.0,-0.5500208097022591,2,3,3.25,7,7,-0.0013324461742127045,1.0,7,7.0,0.7647373736526294,0,0.0,-0.6789146428573514,7,7.0,0.8062670961106719
29,Yes,Travel_Frequently,746,746,-0.13998618639329735,Sales,24,3,Technical Degree,3,Male,45,45,-1.0276313327467084,4,1,Sales Representative,1,Single,1091,1091,-1.1495286685568216,0,10642,10642,-0.5157647867264867,1,1.0,-0.6778187248056703,No,17,3,4,0,1,1.0,-1.3211515585932438,3,3,2.75,1,1,-0.9806804209460626,1.0,0,0.0,-1.1672900203551313,0,0.0,-0.6789146428573514,0,0.0,-1.1555414685244687
39,No,Non-Travel,1251,1251,1.1115345370573322,Sales,21,4,Life Sciences,1,Female,32,32,-1.6670984369870068,1,2,Sales Executive,3,Married,5736,5736,-0.16290109018269427,0,3987,3987,-1.4507465294716753,6,6.0,1.3237753399036383,No,19,3,3,1,10,10.0,-0.16445543525676679,1,3,2.5,3,3,-0.6542310960221126,0.3,2,2.0,-0.6152821934957711,1,1.0,-0.3685898527395261,2,2.0,-0.5950247357715714
27,No,Travel_Rarely,1354,1354,1.3667951994640941,Research & Development,2,4,Technical Degree,2,Male,41,41,-1.2243904417437232,3,1,Research Scientist,2,Married,2226,2226,-0.9084474411177184,0,6073,6073,-1.1576778720161587,1,1.0,-0.6778187248056703,No,11,3,3,1,6,6.0,-0.6785426011840899,3,2,2.25,5,5,-0.32778177109816264,0.8333333333333334,3,3.0,-0.339278280066091,1,1.0,-0.3685898527395261,2,2.0,-0.5950247357715714
34,No,Travel_Frequently,735,735,-0.16724703383479622,Research & Development,22,4,Other,3,Male,86,86,0.9891495344726946,2,2,Research Scientist,4,Married,5747,5747,-0.16056462013702896,0,26496,26496,1.7116132071851917,1,1.0,-0.6778187248056703,Yes,15,3,2,0,16,16.0,0.6066753136342179,3,3,3.0,15,15,1.3044648535215873,0.9375,10,10.0,1.5927491139416698,6,6.0,1.1830340978496,11,11.0,1.9273005616164665
28,Yes,Travel_Rarely,1475,1475,1.6666645213205817,Sales,13,2,Marketing,4,Female,84,84,0.8907699799741872,3,2,Sales Executive,3,Single,9854,9854,0.7117883323672856,0,23352,23352,1.2699028241362251,3,3.0,0.12281890107805317,Yes,11,3,4,0,6,6.0,-0.6785426011840899,0,3,3.5,2,2,-0.8174557584840876,0.3333333333333333,0,0.0,-1.1672900203551313,2,2.0,-0.058265062621700905,2,2.0,-0.5950247357715714
47,No,Non-Travel,1169,1169,0.9083173106752497,Research & Development,14,4,Technical Degree,3,Male,64,64,-0.09302556501088746,3,2,Research Scientist,2,Married,5467,5467,-0.22003840311760067,0,2125,2125,-1.712344727066197,8,8.0,2.124412965787362,No,18,3,3,1,16,16.0,0.6066753136342179,4,4,3.0,8,8,0.1618922162877623,0.5,7,7.0,0.7647373736526294,1,1.0,-0.3685898527395261,7,7.0,0.8062670961106719
56,No,Travel_Rarely,1443,1443,1.5873602378544032,Sales,11,5,Marketing,4,Female,89,89,1.1367188662204557,2,2,Sales Executive,1,Married,5380,5380,-0.23851775711513545,0,20328,20328,0.8450516160127916,4,4.0,0.5231377140199149,No,16,3,3,1,6,6.0,-0.6785426011840899,3,3,2.75,0,0,-1.1439050834080375,0.0,0,0.0,-1.1672900203551313,0,0.0,-0.6789146428573514,0,0.0,-1.1555414685244687
39,No,Travel_Rarely,867,867,0.1598831354631901,Research & Development,9,2,Medical,1,Male,87,87,1.0383393117219484,3,2,Manufacturing Director,1,Married,5151,5151,-0.2871588153385316,0,12315,12315,-0.28071978963967975,1,1.0,-0.6778187248056703,No,25,4,4,1,10,10.0,-0.16445543525676679,3,3,2.25,10,10,0.48834154121171225,1.0,0,0.0,-1.1672900203551313,7,7.0,1.493358887967425,9,9.0,1.3667838288635692
38,No,Travel_Frequently,1394,1394,1.4659255537968174,Research & Development,8,3,Medical,4,Female,58,58,-0.38816422850640986,2,2,Research Scientist,2,Divorced,2133,2133,-0.9282012333219797,0,18115,18115,0.5341403317610857,1,1.0,-0.6778187248056703,Yes,16,3,3,1,20,20.0,1.120762479561541,3,3,3.0,20,18,1.794138840907512,1.0,11,11.0,1.8687530273713497,0,0.0,-0.6789146428573514,7,7.0,0.8062670961106719
58,No,Travel_Rarely,605,605,-0.48942068541614636,Sales,21,3,Life Sciences,4,Female,72,72,0.30049265298314237,3,4,Manager,4,Married,17875,16581,2.140645968475521,1,11761,11761,-0.3585529805458908,4,4.0,0.5231377140199149,Yes,13,3,3,1,29,28.5,2.2131977071571027,2,2,3.25,1,1,-0.9806804209460626,0.034482758620689655,0,0.0,-1.1672900203551313,0,0.0,-0.6789146428573514,0,0.0,-1.1555414685244687
32,Yes,Travel_Frequently,238,238,-1.398941686418881,Research & Development,5,2,Life Sciences,1,Female,47,47,-0.9292517782482008,4,1,Research Scientist,3,Single,2432,2432,-0.8646917293534406,0,15318,15318,0.14118106287178553,3,3.0,0.12281890107805317,Yes,14,3,1,0,8,8.0,-0.42149901822042835,2,3,2.0,4,4,-0.4910064335601377,0.5,1,1.0,-0.8912861069254512,0,0.0,-0.6789146428573514,3,3.0,-0.31476636939512276
38,No,Travel_Rarely,1206,1206,1.0000128884330186,Research & Development,9,2,Life Sciences,2,Male,71,71,0.25130287573388865,3,1,Research Scientist,4,Divorced,4771,4771,-0.36787323509787895,0,14293,14293,-0.0028243896171428477,2,2.0,-0.27749991186380857,No,19,3,4,2,10,10.0,-0.16445543525676679,0,4,3.5,5,5,-0.32778177109816264,0.5,2,2.0,-0.6152821934957711,0,0.0,-0.6789146428573514,3,3.0,-0.31476636939512276
49,No,Travel_Frequently,1064,1064,0.6481001305518516,Research & Development,2,1,Life Sciences,2,Male,42,42,-1.1752006644944695,3,5,Research Director,4,Married,19161,16581,2.140645968475521,1,13738,13738,-0.08079807364773334,3,3.0,0.12281890107805317,No,15,3,4,0,28,28.0,2.1489368114161875,3,3,3.25,5,5,-0.32778177109816264,0.17857142857142858,4,4.0,-0.06327436663641088,4,4.0,0.5623845176139496,3,3.0,-0.31476636939512276
42,No,Travel_Rarely,419,419,-0.9503768330633089,Sales,12,4,Marketing,2,Male,77,77,0.5464415392294111,3,2,Sales Executive,4,Divorced,5087,5087,-0.300752822876948,0,2900,2900,-1.6034625556721291,3,3.0,0.12281890107805317,Yes,12,3,3,2,14,14.0,0.3496317306705563,4,3,3.0,0,0,-1.1439050834080375,0.0,0,0.0,-1.1672900203551313,0,0.0,-0.6789146428573514,0,0.0,-1.1555414685244687
27,Yes,Travel_Frequently,1337,1337,1.324664798872687,Human Resources,22,3,Human Resources,1,Female,58,58,-0.38816422850640986,2,1,Human Resources,2,Married,2863,2863,-0.7731445848369177,0,19555,19555,0.7364504308674826,1,1.0,-0.6778187248056703,No,12,3,1,0,1,1.0,-1.3211515585932438,2,3,1.75,1,1,-0.9806804209460626,1.0,0,0.0,-1.1672900203551313,0,0.0,-0.6789146428573514,0,0.0,-1.1555414685244687
35,No,Travel_Rarely,682,682,-0.2985947533256544,Sales,18,4,Medical,2,Male,71,71,0.25130287573388865,3,2,Sales Executive,1,Married,5561,5561,-0.2000722045455516,0,15975,15975,0.23348504558907912,0,0.0,-1.078137537747532,No,16,3,4,1,6,6.0,-0.6785426011840899,2,1,2.0,5,5,-0.32778177109816264,0.8333333333333334,3,3.0,-0.339278280066091,0,0.0,-0.6789146428573514,4,4.0,-0.03450800301867408
28,No,Non-Travel,1103,1103,0.7447522260262566,Research & Development,16,3,Medical,3,Male,49,49,-0.8308722237496934,3,1,Research Scientist,3,Single,2144,2144,-0.9258647632763144,0,2122,2122,-1.7127662064393352,1,1.0,-0.6778187248056703,No,14,3,3,0,5,5.0,-0.8070643926659207,3,2,2.75,5,5,-0.32778177109816264,1.0,3,3.0,-0.339278280066091,1,1.0,-0.3685898527395261,4,4.0,-0.03450800301867408
31,No,Non-Travel,976,976,0.43001335101986066,Research & Development,3,2,Medical,3,Male,48,48,-0.8800620009989472,3,1,Research Scientist,1,Divorced,3065,3065,-0.730238498543791,0,3995,3995,-1.4496225844766397,1,1.0,-0.6778187248056703,Yes,13,3,4,1,4,4.0,-0.9355861841477514,3,4,3.0,4,4,-0.4910064335601377,1.0,2,2.0,-0.6152821934957711,2,2.0,-0.058265062621700905,3,3.0,-0.31476636939512276
36,No,Non-Travel,1351,1351,1.35936042288914,Research & Development,9,4,Life Sciences,1,Male,66,66,0.005353989487620002,4,1,Laboratory Technician,2,Married,2810,2810,-0.7844021223296688,0,9238,9238,-0.7130171333552238,1,1.0,-0.6778187248056703,No,22,4,2,0,5,5.0,-0.8070643926659207,3,3,2.0,5,5,-0.32778177109816264,1.0,4,4.0,-0.06327436663641088,0,0.0,-0.6789146428573514,2,2.0,-0.5950247357715714
34,No,Travel_Rarely,937,937,0.3333612555454556,Sales,1,3,Marketing,1,Male,32,32,-1.6670984369870068,3,3,Sales Executive,4,Single,9888,9888,0.7190101488720693,0,6770,6770,-1.0597541643236874,1,1.0,-0.6778187248056703,No,21,4,1,0,14,14.0,0.3496317306705563,3,2,2.0,14,14,1.1412401910596122,1.0,8,8.0,1.0407412870823096,2,2.0,-0.058265062621700905,1,1.0,-0.8752831021480201
34,No,Travel_Rarely,1239,1239,1.0817954307575153,Sales,13,4,Medical,4,Male,39,39,-1.3227699962422308,3,3,Sales Executive,3,Divorced,8628,8628,0.4513781254594965,0,22914,22914,1.2083668356580293,1,1.0,-0.6778187248056703,No,18,3,3,1,9,9.0,-0.29297722673859755,2,2,3.0,8,8,0.1618922162877623,0.8888888888888888,7,7.0,0.7647373736526294,1,1.0,-0.3685898527395261,1,1.0,-0.8752831021480201
26,No,Travel_Rarely,157,157,-1.5996806539426454,Research & Development,1,3,Medical,3,Male,95,95,1.4318575297159781,3,1,Laboratory Technician,1,Single,2867,2867,-0.7722949593657666,0,20006,20006,0.799812829962611,0,0.0,-1.078137537747532,No,13,3,4,0,8,8.0,-0.42149901822042835,6,2,2.5,7,7,-0.0013324461742127045,0.875,7,7.0,0.7647373736526294,7,7.0,1.493358887967425,6,6.0,0.5260087297342232
29,No,Travel_Rarely,136,136,-1.6517240899673251,Research & Development,1,3,Life Sciences,1,Male,89,89,1.1367188662204557,3,2,Healthcare Representative,1,Married,5373,5373,-0.24000460168964977,0,6225,6225,-1.1363229171104834,0,0.0,-1.078137537747532,No,12,3,1,1,6,6.0,-0.6785426011840899,5,2,1.25,5,5,-0.32778177109816264,0.8333333333333334,3,3.0,-0.339278280066091,0,0.0,-0.6789146428573514,2,2.0,-0.5950247357715714
32,No,Non-Travel,1146,1146,0.851317356933934,Research & Development,15,4,Medical,3,Female,34,34,-1.5687188824884994,3,2,Healthcare Representative,4,Divorced,6667,6667,0.034849238227706705,0,16542,16542,0.3131446471122229,5,5.0,0.9234565269617766,No,18,3,2,1,9,9.0,-0.29297722673859755,6,3,3.0,5,5,-0.32778177109816264,0.5555555555555556,1,1.0,-0.8912861069254512,1,1.0,-0.3685898527395261,2,2.0,-0.5950247357715714
31,No,Travel_Frequently,1125,1125,0.7992739209092543,Research & Development,1,3,Life Sciences,4,Male,48,48,-0.8800620009989472,1,2,Research Scientist,1,Married,5003,5003,-0.3185949577711195,0,5771,5771,-1.2001067955787503,1,1.0,-0.6778187248056703,No,21,4,2,0,10,10.0,-0.16445543525676679,6,3,2.5,10,10,0.48834154121171225,1.0,8,8.0,1.0407412870823096,8,7.5,1.6485212830263376,7,7.0,0.8062670961106719
28,Yes,Travel_Rarely,1404,1404,1.4907081423799982,Research & Development,17,3,Technical Degree,3,Male,32,32,-1.6670984369870068,2,1,Laboratory Technician,4,Divorced,2367,2367,-0.8784981432596447,0,18779,18779,0.6274277663490354,5,5.0,0.9234565269617766,No,12,3,1,1,6,6.0,-0.6785426011840899,2,2,2.5,4,4,-0.4910064335601377,0.6666666666666666,1,1.0,-0.8912861069254512,0,0.0,-0.6789146428573514,3,3.0,-0.31476636939512276
38,No,Travel_Rarely,1404,1404,1.4907081423799982,Sales,1,3,Life Sciences,1,Male,59,59,-0.3389744512571561,2,1,Sales Representative,1,Single,2858,2858,-0.7742066166758564,0,11473,11473,-0.3990150003671702,4,4.0,0.5231377140199149,No,14,3,1,0,20,20.0,1.120762479561541,3,2,1.25,1,1,-0.9806804209460626,0.05,0,0.0,-1.1672900203551313,0,0.0,-0.6789146428573514,0,0.0,-1.1555414685244687
35,No,Travel_Rarely,1224,1224,1.044621547882744,Sales,7,4,Life Sciences,3,Female,55,55,-0.5357335602541711,3,2,Sales Executive,4,Married,5204,5204,-0.27590127784578056,0,13586,13586,-0.10215302855340856,1,1.0,-0.6778187248056703,Yes,11,3,4,0,10,10.0,-0.16445543525676679,2,3,3.5,10,10,0.48834154121171225,1.0,8,8.0,1.0407412870823096,0,0.0,-0.6789146428573514,9,9.0,1.3667838288635692
27,No,Travel_Rarely,954,954,0.3754916561368629,Sales,9,3,Marketing,4,Male,44,44,-1.0768211099959621,3,2,Sales Executive,4,Single,4105,4105,-0.5093358760445246,0,5099,5099,-1.2945181751617354,1,1.0,-0.6778187248056703,No,14,3,1,0,7,7.0,-0.5500208097022591,5,3,3.0,7,7,-0.0013324461742127045,1.0,7,7.0,0.7647373736526294,0,0.0,-0.6789146428573514,7,7.0,0.8062670961106719
32,No,Travel_Rarely,1373,1373,1.4138821177721377,Research & Development,5,4,Life Sciences,4,Male,56,56,-0.4865437830049173,2,2,Manufacturing Director,4,Single,9679,9679,0.6746172180044282,0,10138,10138,-0.5865733214137256,8,8.0,2.124412965787362,No,24,4,2,0,8,8.0,-0.42149901822042835,1,3,3.25,1,1,-0.9806804209460626,0.125,0,0.0,-1.1672900203551313,0,0.0,-0.6789146428573514,0,0.0,-1.1555414685244687
31,Yes,Travel_Frequently,754,754,-0.12016011552675272,Sales,26,4,Marketing,1,Male,63,63,-0.14221534226014118,3,2,Sales Executive,4,Married,5617,5617,-0.18817744794943725,0,21075,21075,0.9499999799242349,1,1.0,-0.6778187248056703,Yes,11,3,3,0,10,10.0,-0.16445543525676679,4,3,2.75,10,10,0.48834154121171225,1.0,7,7.0,0.7647373736526294,0,0.0,-0.6789146428573514,8,8.0,1.0865254624871206
53,Yes,Travel_Rarely,1168,1168,0.9058390518169317,Sales,24,4,Life Sciences,1,Male,66,66,0.005353989487620002,3,3,Sales Executive,1,Single,10448,10448,0.8379577148332127,0,5843,5843,-1.1899912906234305,6,6.0,1.3237753399036383,Yes,13,3,2,0,15,15.0,0.4781535221523871,2,2,1.5,2,2,-0.8174557584840876,0.13333333333333333,2,2.0,-0.6152821934957711,2,2.0,-0.058265062621700905,2,2.0,-0.5950247357715714
54,No,Travel_Rarely,155,155,-1.6046371716592815,Research & Development,9,2,Life Sciences,1,Female,67,67,0.05454376673687373,3,2,Research Scientist,3,Married,2897,2897,-0.765922768332134,0,22474,22474,1.1465498609310747,3,3.0,0.12281890107805317,No,11,3,3,2,9,9.0,-0.29297722673859755,6,2,2.25,4,4,-0.4910064335601377,0.4444444444444444,3,3.0,-0.339278280066091,2,2.0,-0.058265062621700905,3,3.0,-0.31476636939512276
33,No,Travel_Frequently,1303,1303,1.2404039976898722,Research & Development,7,2,Life Sciences,4,Male,36,36,-1.470339327989992,3,2,Healthcare Representative,3,Divorced,5968,5968,-0.11362281285593484,0,18079,18079,0.5290825792834257,1,1.0,-0.6778187248056703,No,20,4,3,3,9,9.0,-0.29297722673859755,2,3,3.25,9,9,0.32511687874973727,1.0,7,7.0,0.7647373736526294,2,2.0,-0.058265062621700905,8,8.0,1.0865254624871206
43,No,Travel_Rarely,574,574,-0.5662467100240068,Research & Development,11,3,Life Sciences,1,Male,30,30,-1.7654779914855143,3,3,Healthcare Representative,3,Married,7510,7510,0.21390780627278513,0,16873,16873,0.3596478712818183,1,1.0,-0.6778187248056703,No,17,3,2,1,10,10.0,-0.16445543525676679,1,3,2.25,10,10,0.48834154121171225,1.0,9,9.0,1.3167452005119897,0,0.0,-0.6789146428573514,9,9.0,1.3667838288635692
38,No,Travel_Frequently,1444,1444,1.5898384967127213,Human Resources,1,4,Other,4,Male,88,88,1.0875290889712022,3,1,Human Resources,2,Married,2991,2991,-0.745956569760085,0,5224,5224,-1.2769565346143052,0,0.0,-1.078137537747532,Yes,11,3,2,1,7,7.0,-0.5500208097022591,2,3,2.75,6,6,-0.1645571086361877,0.8571428571428571,2,2.0,-0.6152821934957711,1,1.0,-0.3685898527395261,2,2.0,-0.5950247357715714
55,No,Travel_Rarely,189,189,-1.520376370476467,Human Resources,26,4,Human Resources,3,Male,71,71,0.25130287573388865,4,5,Manager,2,Married,19636,16581,2.140645968475521,1,25811,25811,1.6153754169852736,4,4.0,0.5231377140199149,Yes,18,3,1,1,35,28.5,2.2131977071571027,0,3,2.25,10,10,0.48834154121171225,0.2857142857142857,9,9.0,1.3167452005119897,1,1.0,-0.3685898527395261,4,4.0,-0.03450800301867408
31,No,Travel_Rarely,1276,1276,1.173491008515284,Research & Development,2,1,Medical,4,Female,59,59,-0.3389744512571561,1,1,Laboratory Technician,4,Divorced,1129,1129,-1.1414572265808869,0,17536,17536,0.4527948127453886,1,1.0,-0.6778187248056703,Yes,11,3,3,3,1,1.0,-1.3211515585932438,4,3,3.5,1,1,-0.9806804209460626,1.0,0,0.0,-1.1672900203551313,0,0.0,-0.6789146428573514,0,0.0,-1.1555414685244687
39,No,Travel_Rarely,119,119,-1.6938544905587325,Sales,15,4,Marketing,2,Male,77,77,0.5464415392294111,3,4,Sales Executive,1,Single,13341,13341,1.4524493368431912,0,25098,25098,1.5152038193027313,0,0.0,-1.078137537747532,No,12,3,1,0,21,21.0,1.2492842710433718,3,3,1.75,20,18,1.794138840907512,0.9523809523809523,8,8.0,1.0407412870823096,11,7.5,1.6485212830263376,10,10.0,1.6470421952400178
42,No,Non-Travel,335,335,-1.1585505771620275,Research & Development,23,2,Life Sciences,4,Male,37,37,-1.4211495507407381,2,2,Research Scientist,3,Single,4332,4332,-0.4611196305567039,0,14811,14811,0.06995104881140828,1,1.0,-0.6778187248056703,No,12,3,4,0,20,20.0,1.120762479561541,2,3,3.5,20,18,1.794138840907512,1.0,9,9.0,1.3167452005119897,3,3.0,0.2520597274961243,7,7.0,0.8062670961106719
31,No,Non-Travel,697,697,-0.2614208704508832,Research & Development,10,3,Medical,3,Female,40,40,-1.273580218992977,3,3,Research Director,3,Married,11031,11031,0.9617906272534745,0,26862,26862,1.7630336907080675,4,4.0,0.5231377140199149,No,20,4,3,1,13,13.0,0.22110993918872554,2,4,3.25,11,11,0.6515662036736872,0.8461538461538461,7,7.0,0.7647373736526294,4,4.0,0.5623845176139496,8,8.0,1.0865254624871206
54,No,Travel_Rarely,157,157,-1.5996806539426454,Research & Development,10,3,Medical,3,Female,77,77,0.5464415392294111,3,2,Manufacturing Director,1,Single,4440,4440,-0.4381797428356262,0,25198,25198,1.5292531317406757,6,6.0,1.3237753399036383,Yes,19,3,4,0,9,9.0,-0.29297722673859755,3,3,2.75,5,5,-0.32778177109816264,0.5555555555555556,2,2.0,-0.6152821934957711,1,1.0,-0.3685898527395261,4,4.0,-0.03450800301867408
24,No,Travel_Rarely,771,771,-0.0780297149353454,Research & Development,1,2,Life Sciences,2,Male,45,45,-1.0276313327467084,2,2,Healthcare Representative,3,Single,4617,4617,-0.4005838157371934,0,14120,14120,-0.02712970013478637,1,1.0,-0.6778187248056703,No,12,3,2,0,4,4.0,-0.9355861841477514,2,2,2.25,4,4,-0.4910064335601377,1.0,3,3.0,-0.339278280066091,1,1.0,-0.3685898527395261,2,2.0,-0.5950247357715714
23,No,Travel_Rarely,571,571,-0.573681486598961,Research & Development,12,2,Other,4,Male,78,78,0.5956313164786647,3,1,Laboratory Technician,4,Single,2647,2647,-0.819024360279073,0,13672,13672,-0.09007061985677653,1,1.0,-0.6778187248056703,No,13,3,3,0,5,5.0,-0.8070643926659207,6,4,3.75,5,5,-0.32778177109816264,1.0,2,2.0,-0.6152821934957711,1,1.0,-0.3685898527395261,4,4.0,-0.03450800301867408
40,No,Travel_Frequently,692,692,-0.27381216474247355,Research & Development,11,3,Technical Degree,4,Female,73,73,0.3496824302323961,3,2,Laboratory Technician,3,Married,6323,6323,-0.03821855229128141,0,26849,26849,1.761207280091135,1,1.0,-0.6778187248056703,No,11,3,1,1,10,10.0,-0.16445543525676679,2,4,3.0,10,10,0.48834154121171225,1.0,9,9.0,1.3167452005119897,9,7.5,1.6485212830263376,4,4.0,-0.03450800301867408
40,No,Travel_Rarely,444,444,-0.888420361605357,Sales,2,2,Marketing,2,Female,92,92,1.284288197968217,3,2,Sales Executive,2,Married,5677,5677,-0.1754330658821719,0,4258,4258,-1.4126728927648464,3,3.0,0.12281890107805317,No,14,3,3,1,15,15.0,0.4781535221523871,4,3,2.5,11,11,0.6515662036736872,0.7333333333333333,8,8.0,1.0407412870823096,5,5.0,0.8727093077317748,10,10.0,1.6470421952400178
25,No,Travel_Rarely,309,309,-1.2229853074782975,Human Resources,2,3,Human Resources,3,Female,82,82,0.7923904254756797,3,1,Human Resources,2,Married,2187,2187,-0.9167312894614409,0,19655,19655,0.7504997433054268,4,4.0,0.5231377140199149,No,14,3,3,0,6,6.0,-0.6785426011840899,3,3,2.75,2,2,-0.8174557584840876,0.3333333333333333,0,0.0,-1.1672900203551313,1,1.0,-0.3685898527395261,2,2.0,-0.5950247357715714
30,No,Travel_Rarely,911,911,0.26892652522918553,Research & Development,1,2,Medical,4,Male,76,76,0.4972517619801573,3,1,Laboratory Technician,2,Married,3748,3748,-0.5851649493447535,0,4077,4077,-1.4381021482775256,1,1.0,-0.6778187248056703,No,13,3,3,0,12,12.0,0.09258814770689477,6,2,2.75,12,12,0.8147908661356622,1.0,8,8.0,1.0407412870823096,1,1.0,-0.3685898527395261,7,7.0,0.8062670961106719
25,No,Travel_Rarely,977,977,0.4324916098781787,Research & Development,2,1,Other,4,Male,57,57,-0.4373540057556636,3,1,Laboratory Technician,3,Divorced,3977,3977,-0.5365238911213573,0,7298,7298,-0.9855737946513419,6,6.0,1.3237753399036383,Yes,19,3,3,1,7,7.0,-0.5500208097022591,2,2,3.0,2,2,-0.8174557584840876,0.2857142857142857,2,2.0,-0.6152821934957711,0,0.0,-0.6789146428573514,2,2.0,-0.5950247357715714
47,No,Travel_Rarely,1180,1180,0.9355781581167486,Research & Development,25,3,Medical,1,Male,84,84,0.8907699799741872,3,3,Healthcare Representative,3,Single,8633,8633,0.4524401572984353,0,13084,13084,-0.1726805769918886,2,2.0,-0.27749991186380857,No,23,4,2,0,25,25.0,1.7633714369706948,3,3,2.25,17,17,1.6309141784455372,0.68,14,14.0,2.6967647676603903,12,7.5,1.6485212830263376,11,11.0,1.9273005616164665
33,No,Non-Travel,1313,1313,1.265186586273053,Research & Development,1,2,Medical,2,Male,59,59,-0.3389744512571561,2,1,Laboratory Technician,3,Divorced,2008,2008,-0.9547520292954492,0,20439,20439,0.8606463528189096,1,1.0,-0.6778187248056703,No,12,3,3,3,1,1.0,-1.3211515585932438,2,2,2.5,1,1,-0.9806804209460626,1.0,1,1.0,-0.8912861069254512,0,0.0,-0.6789146428573514,0,0.0,-1.1555414685244687
38,No,Travel_Rarely,1321,1321,1.2850126571395977,Sales,1,4,Life Sciences,4,Male,86,86,0.9891495344726946,3,2,Sales Executive,2,Married,4440,4440,-0.4381797428356262,0,7636,7636,-0.9380871186110903,0,0.0,-1.078137537747532,No,15,3,1,2,16,16.0,0.6066753136342179,3,3,2.5,15,15,1.3044648535215873,0.9375,13,13.0,2.42076085423071,5,5.0,0.8727093077317748,8,8.0,1.0865254624871206
31,No,Travel_Rarely,1154,1154,0.8711434278004786,Sales,2,2,Life Sciences,1,Male,54,54,-0.5849233375034247,3,1,Sales Representative,3,Married,3067,3067,-0.7298136858082155,0,6393,6393,-1.112720072214737,0,0.0,-1.078137537747532,No,19,3,3,1,3,3.0,-1.0641079756295821,1,3,2.5,2,2,-0.8174557584840876,0.6666666666666666,2,2.0,-0.6152821934957711,1,1.0,-0.3685898527395261,2,2.0,-0.5950247357715714
38,No,Travel_Frequently,508,508,-0.729811794673,Research & Development,6,4,Life Sciences,1,Male,72,72,0.30049265298314237,2,2,Manufacturing Director,3,Married,5321,5321,-0.25104973281461307,0,14284,14284,-0.004088827736557828,2,2.0,-0.27749991186380857,No,11,3,4,1,10,10.0,-0.16445543525676679,1,3,2.75,8,8,0.1618922162877623,0.8,3,3.0,-0.339278280066091,7,7.0,1.493358887967425,7,7.0,0.8062670961106719
42,No,Travel_Rarely,557,557,-0.6083771106154141,Research & Development,18,4,Life Sciences,4,Male,35,35,-1.5195291052392457,3,2,Research Scientist,1,Divorced,5410,5410,-0.23214556608150277,0,11189,11189,-0.43891504769093176,6,6.0,1.3237753399036383,Yes,17,3,3,1,9,9.0,-0.29297722673859755,3,2,2.5,4,4,-0.4910064335601377,0.4444444444444444,3,3.0,-0.339278280066091,1,1.0,-0.3685898527395261,2,2.0,-0.5950247357715714
41,No,Travel_Rarely,642,642,-0.3977251076583775,Research & Development,1,3,Life Sciences,4,Male,76,76,0.4972517619801573,3,1,Research Scientist,4,Married,2782,2782,-0.7903495006277259,0,21412,21412,0.997346162840107,3,3.0,0.12281890107805317,No,22,4,1,1,12,12.0,0.09258814770689477,3,3,3.0,5,5,-0.32778177109816264,0.4166666666666667,3,3.0,-0.339278280066091,1,1.0,-0.3685898527395261,0,0.0,-1.1555414685244687
47,No,Non-Travel,1162,1162,0.8909694986670232,Research & Development,1,1,Medical,3,Female,98,98,1.5794268614637395,3,3,Research Director,2,Married,11957,11957,1.1584789238249367,0,17231,17231,0.4099444098096587,0,0.0,-1.078137537747532,No,18,3,1,2,14,14.0,0.3496317306705563,3,1,1.75,13,13,0.9780155285976372,0.9285714285714286,8,8.0,1.0407412870823096,5,5.0,0.8727093077317748,12,12.0,2.207558927992915
35,No,Travel_Rarely,1490,1490,1.703838404195353,Research & Development,11,4,Medical,4,Male,43,43,-1.1260108872452157,3,1,Laboratory Technician,3,Married,2660,2660,-0.8162630774978322,0,20232,20232,0.831564276072365,7,7.0,1.7240941528455003,Yes,11,3,3,1,5,5.0,-0.8070643926659207,3,3,3.25,2,2,-0.8174557584840876,0.4,2,2.0,-0.6152821934957711,2,2.0,-0.058265062621700905,2,2.0,-0.5950247357715714
22,No,Travel_Rarely,581,581,-0.5488988980157803,Research & Development,1,2,Life Sciences,4,Male,63,63,-0.14221534226014118,3,1,Research Scientist,3,Single,3375,3375,-0.6643925245295865,0,17624,17624,0.4651582076907795,0,0.0,-1.078137537747532,No,12,3,4,0,4,4.0,-0.9355861841477514,2,4,3.75,3,3,-0.6542310960221126,0.75,2,2.0,-0.6152821934957711,1,1.0,-0.3685898527395261,2,2.0,-0.5950247357715714
35,No,Travel_Rarely,1395,1395,1.4684038126551353,Research & Development,9,4,Medical,2,Male,48,48,-0.8800620009989472,3,2,Research Scientist,3,Single,5098,5098,-0.2984163528312827,0,18698,18698,0.6160478232743005,1,1.0,-0.6778187248056703,No,19,3,2,0,10,10.0,-0.16445543525676679,5,3,2.5,10,10,0.48834154121171225,1.0,7,7.0,0.7647373736526294,0,0.0,-0.6789146428573514,8,8.0,1.0865254624871206
33,No,Travel_Rarely,501,501,-0.7471596066812265,Research & Development,15,2,Medical,2,Female,95,95,1.4318575297159781,3,2,Healthcare Representative,4,Married,4878,4878,-0.34514575374458906,0,21653,21653,1.0312050058155526,0,0.0,-1.078137537747532,Yes,13,3,1,1,10,10.0,-0.16445543525676679,6,3,2.5,9,9,0.32511687874973727,0.9,7,7.0,0.7647373736526294,8,7.5,1.6485212830263376,1,1.0,-0.8752831021480201
32,No,Travel_Rarely,267,267,-1.3270721795276568,Research & Development,29,4,Life Sciences,3,Female,49,49,-0.8308722237496934,2,1,Laboratory Technician,2,Single,2837,2837,-0.7786671503993994,0,15919,15919,0.22561743062383036,1,1.0,-0.6778187248056703,No,13,3,3,0,6,6.0,-0.6785426011840899,3,3,2.75,6,6,-0.1645571086361877,1.0,2,2.0,-0.6152821934957711,4,4.0,0.5623845176139496,1,1.0,-0.8752831021480201
40,No,Travel_Rarely,543,543,-0.6430727346318672,Research & Development,1,4,Life Sciences,1,Male,83,83,0.8415802027249334,3,1,Laboratory Technician,4,Married,2406,2406,-0.8702142949159223,0,4060,4060,-1.440490531391976,8,8.0,2.124412965787362,No,19,3,3,2,8,8.0,-0.42149901822042835,3,2,2.5,1,1,-0.9806804209460626,0.125,0,0.0,-1.1672900203551313,0,0.0,-0.6789146428573514,0,0.0,-1.1555414685244687
32,No,Travel_Rarely,234,234,-1.4088547218521534,Sales,1,4,Medical,2,Male,68,68,0.10373354398612747,2,1,Sales Representative,2,Married,2269,2269,-0.8993139673028449,0,18024,18024,0.5213554574425564,0,0.0,-1.078137537747532,No,14,3,2,1,3,3.0,-1.0641079756295821,2,3,2.25,2,2,-0.8174557584840876,0.6666666666666666,2,2.0,-0.6152821934957711,2,2.0,-0.058265062621700905,2,2.0,-0.5950247357715714
39,No,Travel_Rarely,116,116,-1.7012892671336866,Research & Development,24,1,Life Sciences,1,Male,52,52,-0.6833028920019322,3,2,Research Scientist,4,Single,4108,4108,-0.5086986569411613,0,5340,5340,-1.2606593321862898,7,7.0,1.7240941528455003,No,13,3,1,0,18,18.0,0.8637188965978794,2,3,2.25,7,7,-0.0013324461742127045,0.3888888888888889,7,7.0,0.7647373736526294,1,1.0,-0.3685898527395261,7,7.0,0.8062670961106719
38,No,Travel_Rarely,201,201,-1.4906372641766499,Research & Development,10,3,Medical,2,Female,99,99,1.628616638712993,1,3,Research Director,3,Married,13206,13206,1.4237744771918441,0,3376,3376,-1.5365878284675145,3,3.0,0.12281890107805317,No,12,3,1,1,20,20.0,1.120762479561541,3,3,2.25,18,18,1.794138840907512,0.9,16,14.5,2.8347667243752306,1,1.0,-0.3685898527395261,11,11.0,1.9273005616164665
32,No,Travel_Rarely,801,801,-0.003681949185803049,Sales,1,4,Marketing,3,Female,48,48,-0.8800620009989472,3,3,Sales Executive,4,Married,10422,10422,0.832435149270731,0,24032,24032,1.3654381487142457,1,1.0,-0.6778187248056703,No,19,3,3,2,14,14.0,0.3496317306705563,3,3,3.25,14,14,1.1412401910596122,1.0,10,10.0,1.5927491139416698,5,5.0,0.8727093077317748,7,7.0,0.8062670961106719
37,No,Travel_Rarely,161,161,-1.5897676185093732,Research & Development,10,3,Life Sciences,3,Female,42,42,-1.1752006644944695,4,3,Research Director,4,Married,13744,13744,1.538049103061657,0,15471,15471,0.1626765109018402,1,1.0,-0.6778187248056703,Yes,25,4,1,1,16,16.0,0.6066753136342179,2,3,2.75,16,16,1.4676895159835621,1.0,11,11.0,1.8687530273713497,6,6.0,1.1830340978496,8,8.0,1.0865254624871206
25,No,Travel_Rarely,1382,1382,1.4361864474970003,Sales,8,2,Other,1,Female,85,85,0.9399597572234408,3,2,Sales Executive,3,Divorced,4907,4907,-0.3389859690787441,0,13684,13684,-0.08838470236422322,0,0.0,-1.078137537747532,Yes,22,4,2,1,6,6.0,-0.6785426011840899,3,2,2.0,5,5,-0.32778177109816264,0.8333333333333334,3,3.0,-0.339278280066091,0,0.0,-0.6789146428573514,4,4.0,-0.03450800301867408
52,No,Non-Travel,585,585,-0.5389858625825079,Sales,29,4,Life Sciences,1,Male,40,40,-1.273580218992977,3,1,Sales Representative,4,Divorced,3482,3482,-0.6416650431762967,0,19788,19788,0.7691853288478927,2,2.0,-0.27749991186380857,No,15,3,2,2,16,16.0,0.6066753136342179,3,2,2.25,9,9,0.32511687874973727,0.5625,8,8.0,1.0407412870823096,0,0.0,-0.6789146428573514,0,0.0,-1.1555414685244687
44,No,Travel_Rarely,1037,1037,0.5811871413772635,Research & Development,1,3,Medical,2,Male,42,42,-1.1752006644944695,3,1,Research Scientist,4,Single,2436,2436,-0.8638421038822895,0,13422,13422,-0.1251939009516371,6,6.0,1.3237753399036383,Yes,12,3,3,0,6,6.0,-0.6785426011840899,2,3,3.0,4,4,-0.4910064335601377,0.6666666666666666,3,3.0,-0.339278280066091,1,1.0,-0.3685898527395261,2,2.0,-0.5950247357715714
21,No,Travel_Rarely,501,501,-0.7471596066812265,Sales,5,1,Medical,3,Male,58,58,-0.38816422850640986,3,1,Sales Representative,1,Single,2380,2380,-0.8757368604784039,0,25479,25479,1.5687316996912988,1,1.0,-0.6778187248056703,Yes,11,3,4,0,2,2.0,-1.192629767111413,6,3,2.75,2,2,-0.8174557584840876,1.0,2,2.0,-0.6152821934957711,1,1.0,-0.3685898527395261,2,2.0,-0.5950247357715714
39,No,Non-Travel,105,105,-1.7285501145751856,Research & Development,9,3,Life Sciences,4,Male,87,87,1.0383393117219484,3,5,Manager,4,Single,19431,16581,2.140645968475521,1,15302,15302,0.13893317288171445,2,2.0,-0.27749991186380857,No,13,3,3,0,21,21.0,1.2492842710433718,3,2,3.25,6,6,-0.1645571086361877,0.2857142857142857,0,0.0,-1.1672900203551313,1,1.0,-0.3685898527395261,3,3.0,-0.31476636939512276
23,Yes,Travel_Frequently,638,638,-0.4076381430916498,Sales,9,3,Marketing,4,Male,33,33,-1.617908659737753,3,1,Sales Representative,1,Married,1790,1790,-1.00105661747318,0,26956,26956,1.7762400443997353,1,1.0,-0.6778187248056703,No,19,3,1,1,1,1.0,-1.3211515585932438,3,2,2.0,1,1,-0.9806804209460626,1.0,0,0.0,-1.1672900203551313,1,1.0,-0.3685898527395261,0,0.0,-1.1555414685244687
36,No,Travel_Rarely,557,557,-0.6083771106154141,Sales,3,3,Medical,1,Female,94,94,1.3826677524667244,2,3,Sales Executive,4,Married,7644,7644,0.24237025955634448,0,12695,12695,-0.22733240237549165,0,0.0,-1.078137537747532,No,19,3,3,2,10,10.0,-0.16445543525676679,2,3,2.75,9,9,0.32511687874973727,0.9,7,7.0,0.7647373736526294,3,3.0,0.2520597274961243,4,4.0,-0.03450800301867408
36,No,Travel_Frequently,688,688,-0.2837252001757459,Research & Development,4,2,Life Sciences,4,Female,97,97,1.5302370842144857,3,2,Manufacturing Director,2,Divorced,5131,5131,-0.29140694269428674,0,9192,9192,-0.7194798170766781,7,7.0,1.7240941528455003,No,13,3,2,3,18,18.0,0.8637188965978794,3,3,2.75,4,4,-0.4910064335601377,0.2222222222222222,2,2.0,-0.6152821934957711,0,0.0,-0.6789146428573514,2,2.0,-0.5950247357715714
56,No,Non-Travel,667,667,-0.3357686362004255,Research & Development,1,4,Life Sciences,3,Male,57,57,-0.4373540057556636,3,2,Healthcare Representative,3,Divorced,6306,6306,-0.041829460543673265,0,26236,26236,1.6750849948465367,1,1.0,-0.6778187248056703,No,21,4,1,1,13,13.0,0.22110993918872554,2,2,2.25,13,13,0.9780155285976372,1.0,12,12.0,2.14475694080103,1,1.0,-0.3685898527395261,9,9.0,1.3667838288635692
29,Yes,Travel_Rarely,1092,1092,0.7174913785847578,Research & Development,1,4,Medical,1,Male,36,36,-1.470339327989992,3,1,Research Scientist,4,Married,4787,4787,-0.36447473321327484,0,26124,26124,1.6593497649160391,9,8.5,2.324572372258293,Yes,14,3,2,3,4,4.0,-0.9355861841477514,3,4,2.75,2,2,-0.8174557584840876,0.5,2,2.0,-0.6152821934957711,2,2.0,-0.058265062621700905,2,2.0,-0.5950247357715714
42,No,Travel_Rarely,300,300,-1.2452896372031603,Research & Development,2,3,Life Sciences,1,Male,56,56,-0.4865437830049173,3,5,Manager,3,Married,18880,16581,2.140645968475521,1,17312,17312,0.4213243528843935,5,5.0,0.9234565269617766,No,11,3,1,0,24,24.0,1.6348496454888641,2,2,1.75,22,18,1.794138840907512,0.9166666666666666,6,6.0,0.48873346022294933,4,4.0,0.5623845176139496,14,14.0,2.7680756607458123
56,Yes,Travel_Rarely,310,310,-1.2205070486199794,Research & Development,7,2,Technical Degree,4,Male,72,72,0.30049265298314237,3,1,Laboratory Technician,3,Married,2339,2339,-0.884445521557702,0,3666,3666,-1.4958448223974763,8,8.0,2.124412965787362,No,11,3,4,1,14,14.0,0.3496317306705563,4,1,3.0,10,10,0.48834154121171225,0.7142857142857143,9,9.0,1.3167452005119897,9,7.5,1.6485212830263376,8,8.0,1.0865254624871206
41,No,Travel_Rarely,582,582,-0.5464206391574622,Research & Development,28,4,Life Sciences,1,Female,60,60,-0.28978467400790237,2,4,Manufacturing Director,2,Married,13570,13570,1.5010903950665875,0,5640,5640,-1.218511394872457,0,0.0,-1.078137537747532,No,23,4,3,1,21,21.0,1.2492842710433718,3,3,2.25,20,18,1.794138840907512,0.9523809523809523,7,7.0,0.7647373736526294,0,0.0,-0.6789146428573514,10,10.0,1.6470421952400178
34,No,Travel_Rarely,704,704,-0.24407305844265664,Sales,28,3,Marketing,4,Female,95,95,1.4318575297159781,2,2,Sales Executive,3,Married,6712,6712,0.04440752477815573,0,8978,8978,-0.7495453456938788,1,1.0,-0.6778187248056703,No,21,4,4,2,8,8.0,-0.42149901822042835,2,3,3.5,8,8,0.1618922162877623,1.0,7,7.0,0.7647373736526294,1,1.0,-0.3685898527395261,7,7.0,0.8062670961106719
36,No,Non-Travel,301,301,-1.2428113783448422,Sales,15,4,Marketing,4,Male,88,88,1.0875290889712022,1,2,Sales Executive,4,Divorced,5406,5406,-0.2329951915526538,0,10436,10436,-0.5447063703486519,1,1.0,-0.6778187248056703,No,24,4,1,1,15,15.0,0.4781535221523871,4,2,2.75,15,15,1.3044648535215873,1.0,12,12.0,2.14475694080103,11,7.5,1.6485212830263376,11,11.0,1.9273005616164665
41,No,Travel_Rarely,930,930,0.31601344353722904,Sales,3,3,Life Sciences,3,Male,57,57,-0.4373540057556636,2,2,Sales Executive,2,Divorced,8938,8938,0.517224099473701,0,12227,12227,-0.29308318458507066,2,2.0,-0.27749991186380857,No,11,3,3,1,14,14.0,0.3496317306705563,5,3,2.75,5,5,-0.32778177109816264,0.35714285714285715,4,4.0,-0.06327436663641088,0,0.0,-0.6789146428573514,4,4.0,-0.03450800301867408
32,No,Travel_Rarely,529,529,-0.6777683586483203,Research & Development,2,3,Technical Degree,4,Male,78,78,0.5956313164786647,3,1,Research Scientist,1,Single,2439,2439,-0.8632048847789263,0,11288,11288,-0.425006228377367,1,1.0,-0.6778187248056703,No,14,3,4,0,4,4.0,-0.9355861841477514,4,3,3.0,4,4,-0.4910064335601377,1.0,2,2.0,-0.6152821934957711,1,1.0,-0.3685898527395261,2,2.0,-0.5950247357715714
35,No,Travel_Rarely,1146,1146,0.851317356933934,Human Resources,26,4,Life Sciences,3,Female,31,31,-1.7162882142362605,3,3,Human Resources,4,Single,8837,8837,0.4957710563271375,0,16642,16642,0.32719395955016717,1,1.0,-0.6778187248056703,Yes,16,3,3,0,9,9.0,-0.29297722673859755,2,3,3.25,9,9,0.32511687874973727,1.0,0,0.0,-1.1672900203551313,1,1.0,-0.3685898527395261,7,7.0,0.8062670961106719
38,No,Travel_Rarely,345,345,-1.1337679885788468,Sales,10,2,Life Sciences,1,Female,100,100,1.6778064159622468,3,2,Sales Executive,4,Married,5343,5343,-0.24637679272328245,0,5982,5982,-1.170462746334688,1,1.0,-0.6778187248056703,No,11,3,3,1,10,10.0,-0.16445543525676679,1,3,2.75,10,10,0.48834154121171225,1.0,7,7.0,0.7647373736526294,1,1.0,-0.3685898527395261,9,9.0,1.3667838288635692
50,Yes,Travel_Frequently,878,878,0.18714398290468898,Sales,1,4,Life Sciences,2,Male,94,94,1.3826677524667244,3,2,Sales Executive,3,Divorced,6728,6728,0.04780602666275983,0,14255,14255,-0.008163128343561655,7,7.0,1.7240941528455003,No,12,3,4,2,12,12.0,0.09258814770689477,3,3,3.0,6,6,-0.1645571086361877,0.5,3,3.0,-0.339278280066091,0,0.0,-0.6789146428573514,1,1.0,-0.8752831021480201
36,No,Travel_Rarely,1120,1120,0.786882626617664,Sales,11,4,Marketing,2,Female,100,100,1.6778064159622468,2,2,Sales Executive,4,Married,6652,6652,0.031663142710890366,0,14369,14369,0.007853087835694769,4,4.0,0.5231377140199149,No,13,3,1,1,8,8.0,-0.42149901822042835,2,2,2.25,6,6,-0.1645571086361877,0.75,3,3.0,-0.339278280066091,0,0.0,-0.6789146428573514,0,0.0,-1.1555414685244687
45,No,Travel_Rarely,374,374,-1.0618984816876225,Sales,20,3,Life Sciences,4,Female,50,50,-0.7816824465004397,3,2,Sales Executive,3,Single,4850,4850,-0.35109313204264625,0,23333,23333,1.2672334547730157,8,8.0,2.124412965787362,No,15,3,3,0,8,8.0,-0.42149901822042835,3,3,3.25,5,5,-0.32778177109816264,0.625,3,3.0,-0.339278280066091,0,0.0,-0.6789146428573514,1,1.0,-0.8752831021480201
40,No,Travel_Rarely,1322,1322,1.2874909159979158,Research & Development,2,4,Life Sciences,3,Male,52,52,-0.6833028920019322,2,1,Research Scientist,3,Single,2809,2809,-0.7846145286974565,0,2725,2725,-1.6280488524385315,2,2.0,-0.27749991186380857,No,14,3,4,0,8,8.0,-0.42149901822042835,2,3,3.25,2,2,-0.8174557584840876,0.25,2,2.0,-0.6152821934957711,2,2.0,-0.058265062621700905,2,2.0,-0.5950247357715714
35,No,Travel_Frequently,1199,1199,0.9826650764247921,Research & Development,18,4,Life Sciences,3,Male,80,80,0.6940108709771722,3,2,Healthcare Representative,3,Married,5689,5689,-0.1728841894687188,0,24594,24594,1.4443952846154924,1,1.0,-0.6778187248056703,Yes,14,3,4,2,10,10.0,-0.16445543525676679,2,4,3.5,10,10,0.48834154121171225,1.0,2,2.0,-0.6152821934957711,0,0.0,-0.6789146428573514,2,2.0,-0.5950247357715714
40,No,Travel_Rarely,1194,1194,0.9702737821332017,Research & Development,2,4,Medical,3,Female,98,98,1.5794268614637395,3,1,Research Scientist,3,Married,2001,2001,-0.9562388738699635,0,12549,12549,-0.24784439853489024,2,2.0,-0.27749991186380857,No,14,3,2,3,20,20.0,1.120762479561541,2,3,2.75,5,5,-0.32778177109816264,0.25,3,3.0,-0.339278280066091,0,0.0,-0.6789146428573514,2,2.0,-0.5950247357715714
35,No,Travel_Rarely,287,287,-1.2775070023612953,Research & Development,1,4,Life Sciences,3,Female,62,62,-0.19140511950939493,1,1,Research Scientist,4,Married,2977,2977,-0.7489302589091135,0,8952,8952,-0.7531981669277442,1,1.0,-0.6778187248056703,No,12,3,4,1,4,4.0,-0.9355861841477514,5,3,3.5,4,4,-0.4910064335601377,1.0,3,3.0,-0.339278280066091,1,1.0,-0.3685898527395261,1,1.0,-0.8752831021480201
29,No,Travel_Rarely,1378,1378,1.4262734120637282,Research & Development,13,2,Other,4,Male,46,46,-0.9784415554974546,2,2,Laboratory Technician,2,Married,4025,4025,-0.526328385467545,0,23679,23679,1.3158440758083028,4,4.0,0.5231377140199149,Yes,13,3,1,1,10,10.0,-0.16445543525676679,2,3,2.5,4,4,-0.4910064335601377,0.4,3,3.0,-0.339278280066091,0,0.0,-0.6789146428573514,3,3.0,-0.31476636939512276
29,No,Travel_Rarely,468,468,-0.828942149005723,Research & Development,28,4,Medical,4,Female,73,73,0.3496824302323961,2,1,Research Scientist,1,Single,3785,3785,-0.5773059137366066,0,8489,8489,-0.8182464835154261,1,1.0,-0.6778187248056703,No,14,3,2,0,5,5.0,-0.8070643926659207,3,1,2.0,5,5,-0.32778177109816264,1.0,4,4.0,-0.06327436663641088,0,0.0,-0.6789146428573514,4,4.0,-0.03450800301867408
50,Yes,Travel_Rarely,410,410,-0.9726811627881716,Sales,28,3,Marketing,4,Male,39,39,-1.3227699962422308,2,3,Sales Executive,1,Divorced,10854,10854,0.9241947001550417,0,16586,16586,0.3193263445849184,4,4.0,0.5231377140199149,Yes,13,3,2,1,20,20.0,1.120762479561541,3,3,2.5,3,3,-0.6542310960221126,0.15,2,2.0,-0.6152821934957711,2,2.0,-0.058265062621700905,0,0.0,-1.1555414685244687
39,No,Travel_Rarely,722,722,-0.19946439899293122,Sales,24,1,Marketing,2,Female,60,60,-0.28978467400790237,2,4,Sales Executive,4,Married,12031,12031,1.1741969950412308,0,8828,8828,-0.7706193143507951,0,0.0,-1.078137537747532,No,11,3,1,1,21,21.0,1.2492842710433718,2,2,2.25,20,18,1.794138840907512,0.9523809523809523,9,9.0,1.3167452005119897,9,7.5,1.6485212830263376,6,6.0,0.5260087297342232
31,No,Non-Travel,325,325,-1.1833331657452082,Research & Development,5,3,Medical,2,Male,74,74,0.39887220748164987,3,2,Manufacturing Director,1,Single,9936,9936,0.7292056545258816,0,3787,3787,-1.4788451543475638,0,0.0,-1.078137537747532,No,19,3,2,0,10,10.0,-0.16445543525676679,2,3,2.0,9,9,0.32511687874973727,0.9,4,4.0,-0.06327436663641088,1,1.0,-0.3685898527395261,7,7.0,0.8062670961106719
26,No,Travel_Rarely,1167,1167,0.9033607929586136,Sales,5,3,Other,4,Female,30,30,-1.7654779914855143,2,1,Sales Representative,3,Single,2966,2966,-0.7512667289547789,0,21378,21378,0.9925693966112059,0,0.0,-1.078137537747532,No,18,3,4,0,5,5.0,-0.8070643926659207,2,3,3.5,4,4,-0.4910064335601377,0.8,2,2.0,-0.6152821934957711,0,0.0,-0.6789146428573514,0,0.0,-1.1555414685244687
36,No,Travel_Frequently,884,884,0.20201353605459743,Research & Development,23,2,Medical,3,Male,41,41,-1.2243904417437232,4,2,Laboratory Technician,4,Married,2571,2571,-0.8351672442309425,0,12290,12290,-0.2842321177491658,4,4.0,0.5231377140199149,No,17,3,3,1,17,17.0,0.7351971051160486,3,3,3.25,5,5,-0.32778177109816264,0.29411764705882354,2,2.0,-0.6152821934957711,0,0.0,-0.6789146428573514,3,3.0,-0.31476636939512276
39,No,Travel_Rarely,613,613,-0.4695946145496018,Research & Development,6,1,Medical,4,Male,42,42,-1.1752006644944695,2,3,Healthcare Representative,1,Married,9991,9991,0.7408880047542081,0,21457,21457,1.003668353437182,4,4.0,0.5231377140199149,No,15,3,1,1,9,9.0,-0.29297722673859755,5,3,2.25,7,7,-0.0013324461742127045,0.7777777777777778,7,7.0,0.7647373736526294,1,1.0,-0.3685898527395261,7,7.0,0.8062670961106719
27,No,Travel_Rarely,155,155,-1.6046371716592815,Research & Development,4,3,Life Sciences,2,Male,87,87,1.0383393117219484,4,2,Manufacturing Director,2,Married,6142,6142,-0.07666410486086528,0,5174,5174,-1.2839811908332772,1,1.0,-0.6778187248056703,Yes,20,4,2,1,6,6.0,-0.6785426011840899,0,3,2.25,6,6,-0.1645571086361877,1.0,2,2.0,-0.6152821934957711,0,0.0,-0.6789146428573514,3,3.0,-0.31476636939512276
49,No,Travel_Frequently,1023,1023,0.5464915173608104,Sales,2,3,Medical,4,Male,63,63,-0.14221534226014118,2,2,Sales Executive,2,Married,5390,5390,-0.2363936934372579,0,13243,13243,-0.15034217021555726,2,2.0,-0.27749991186380857,No,14,3,4,0,17,17.0,0.7351971051160486,3,2,3.0,9,9,0.32511687874973727,0.5294117647058824,6,6.0,0.48873346022294933,0,0.0,-0.6789146428573514,8,8.0,1.0865254624871206
34,No,Travel_Rarely,628,628,-0.4324207316748306,Research & Development,8,3,Medical,2,Male,82,82,0.7923904254756797,4,2,Laboratory Technician,3,Married,4404,4404,-0.44582637207598547,0,10228,10228,-0.5739289402195759,2,2.0,-0.27749991186380857,No,12,3,1,0,6,6.0,-0.6785426011840899,3,4,2.5,4,4,-0.4910064335601377,0.6666666666666666,3,3.0,-0.339278280066091,1,1.0,-0.3685898527395261,2,2.0,-0.5950247357715714
