Age,BusinessTravel,DailyRate_capped,DailyRate_z,Department,DistanceFromHome,Education,EducationField,Gender,HourlyRate_capped,HourlyRate_z,JobInvolvement,JobLevel,JobRole,MaritalStatus,MonthlyIncome_capped,MonthlyIncome_z,MonthlyRate_capped,MonthlyRate_z,NumCompaniesWorked_capped,NumCompaniesWorked_z,OverTime,PercentSalaryHike,PerformanceRating,StockOptionLevel,TotalWorkingYears_capped,TotalWorkingYears_z,TrainingTimesLastYear,WorkLifeBalance,SatisfactionIndex,YearsAtCompany_capped,YearsAtCompany_z,TenureRatio,YearsInCurrentRole_capped,YearsInCurrentRole_z,YearsSinceLastPromotion_capped,YearsSinceLastPromotion_z,YearsWithCurrManager_capped,YearsWithCurrManager_z
41,Travel_Rarely,1102,0.7422739671679385,Sales,1,2,Life Sciences,Female,94,1.3826677524667244,3,2,Sales Executive,Single,5993,-0.10831265366124095,19479,0.725772953414645,8.0,2.124412965787362,Yes,11,3,0,8.0,-0.42149901822042835,0,1,2.0,6,-0.1645571086361877,0.75,4.0,-0.06327436663641088,0.0,-0.6789146428573514,5.0,0.2457503633577746
49,Travel_Frequently,279,-1.2973330732278399,Research & Development,8,1,Life Sciences,Male,61,-0.24059489675864865,2,2,Research Scientist,Married,5130,-0.2916193490620745,24907,1.4883696325462579,1.0,-0.6778187248056703,No,23,4,1,10.0,-0.16445543525676679,3,3,3.0,10,0.48834154121171225,1.0,7.0,0.7647373736526294,1.0,-0.3685898527395261,7.0,0.8062670961106719
37,Travel_Rarely,1373,1.4138821177721377,Research & Development,2,2,Other,Male,92,1.284288197968217,2,1,Laboratory Technician,Single,2090,-0.9373347071368532,2396,-1.674271090359368,6.0,1.3237753399036383,Yes,15,3,0,7.0,-0.5500208097022591,3,3,3.0,0,-1.1439050834080375,0.0,0.0,-1.1672900203551313,0.0,-0.6789146428573514,0.0,-1.1555414685244687
38,Travel_Frequently,216,-1.453463381301879,Research & Development,23,3,Life Sciences,Male,44,-1.0768211099959621,2,3,Manufacturing Director,Single,9526,0.6421190437329015,8787,-0.7763795324503522,0.0,-1.078137537747532,No,21,4,0,10.0,-0.16445543525676679,2,3,3.0,9,0.32511687874973727,0.9,7.0,0.7647373736526294,1.0,-0.3685898527395261,8.0,1.0865254624871206
36,Travel_Rarely,1299,1.2304909622565998,Research & Development,27,3,Medical,Male,94,1.3826677524667244,3,2,Healthcare Representative,Married,5237,-0.2688918677087846,16577,0.3180619064655034,6.0,1.3237753399036383,No,13,3,2,17.0,0.7351971051160486,3,2,2.5,7,-0.0013324461742127045,0.4117647058823529,7.0,0.7647373736526294,7.0,1.493358887967425,7.0,0.8062670961106719
31,Travel_Rarely,670,-0.3283338596254713,Research & Development,26,1,Life Sciences,Male,31,-1.7162882142362605,3,1,Research Scientist,Divorced,2911,-0.7629490791831054,15170,0.12038808046362806,1.0,-0.6778187248056703,No,17,3,1,5.0,-0.8070643926659207,1,2,2.5,5,-0.32778177109816264,1.0,2.0,-0.6152821934957711,4.0,0.5623845176139496,3.0,-0.31476636939512276
34,Travel_Rarely,1346,1.3469691285975496,Research & Development,19,2,Medical,Male,93,1.3334779752174708,3,1,Laboratory Technician,Divorced,2661,-0.8160506711300445,8758,-0.780453833057356,0.0,-1.078137537747532,No,11,3,1,3.0,-1.0641079756295821,2,3,3.0,2,-0.8174557584840876,0.6666666666666666,2.0,-0.6152821934957711,1.0,-0.3685898527395261,2.0,-0.5950247357715714
28,Travel_Rarely,103,-1.7335066322918216,Research & Development,24,3,Life Sciences,Male,50,-0.7816824465004397,2,1,Laboratory Technician,Single,2028,-0.950503901939694,12947,-0.1919281350318722,5.0,0.9234565269617766,Yes,14,3,0,6.0,-0.6785426011840899,4,3,2.75,4,-0.4910064335601377,0.6666666666666666,2.0,-0.6152821934957711,0.0,-0.6789146428573514,3.0,-0.31476636939512276
22,Non-Travel,1123,0.7943174031926181,Research & Development,16,2,Medical,Male,96,1.481047306965232,4,1,Laboratory Technician,Divorced,2935,-0.7578513263561992,7324,-0.9819209734174763,1.0,-0.6778187248056703,Yes,13,3,2,1.0,-1.3211515585932438,2,2,3.0,1,-0.9806804209460626,1.0,0.0,-1.1672900203551313,0.0,-0.6789146428573514,0.0,-1.1555414685244687
53,Travel_Rarely,1219,1.0322302535911536,Sales,2,4,Life Sciences,Female,78,0.5956313164786647,2,4,Manager,Married,15427,1.8955290200484505,22021,1.0829064755871873,2.0,-0.27749991186380857,No,16,3,0,28.5,2.2131977071571027,3,3,2.75,18,1.794138840907512,0.8064516129032258,8.0,1.0407412870823096,3.0,0.2520597274961243,7.0,0.8062670961106719
24,Non-Travel,673,-0.32089908305051706,Research & Development,11,2,Other,Female,96,1.481047306965232,4,2,Manufacturing Director,Divorced,4011,-0.5293020746165736,8232,-0.8543532164809428,0.0,-1.078137537747532,No,18,3,1,5.0,-0.8070643926659207,5,2,2.5,4,-0.4910064335601377,0.8,2.0,-0.6152821934957711,1.0,-0.3685898527395261,3.0,-0.31476636939512276
34,Travel_Rarely,419,-0.9503768330633089,Research & Development,7,4,Life Sciences,Female,53,-0.6341131147526785,3,3,Research Director,Single,11994,1.1663379594330838,21293,0.9806274810389534,0.0,-1.078137537747532,No,11,3,0,13.0,0.22110993918872554,4,3,2.25,12,0.8147908661356622,0.9230769230769231,6.0,0.48873346022294933,2.0,-0.058265062621700905,11.0,1.9273005616164665
34,Travel_Rarely,699,-0.256464352734247,Research & Development,6,1,Medical,Male,83,0.8415802027249334,3,1,Research Scientist,Single,2960,-0.7525411671615053,17102,0.3918207967647106,2.0,-0.27749991186380857,No,11,3,0,8.0,-0.42149901822042835,2,3,2.25,4,-0.4910064335601377,0.5,2.0,-0.6152821934957711,1.0,-0.3685898527395261,3.0,-0.31476636939512276
53,Travel_Rarely,1282,1.1883605616651927,Research & Development,5,3,Other,Female,58,-0.38816422850640986,3,5,Manager,Divorced,16581,2.140645968475521,10735,-0.5026989261591986,4.0,0.5231377140199149,No,11,3,1,26.0,1.8918932284525256,3,2,3.0,14,1.1412401910596122,0.5384615384615384,13.0,2.42076085423071,4.0,0.5623845176139496,8.0,1.0865254624871206
32,Travel_Frequently,1125,0.7992739209092543,Research & Development,16,1,Life Sciences,Female,72,0.30049265298314237,1,1,Research Scientist,Single,3919,-0.5488434604530472,4681,-1.3532443011523423,1.0,-0.6778187248056703,Yes,22,4,0,10.0,-0.16445543525676679,5,3,2.0,10,0.48834154121171225,1.0,2.0,-0.6152821934957711,6.0,1.1830340978496,7.0,0.8062670961106719
42,Travel_Rarely,691,-0.27629042360079165,Sales,8,4,Marketing,Male,48,-0.8800620009989472,3,2,Sales Executive,Married,6825,0.06840944433817217,21173,0.9637683061134202,0.0,-1.078137537747532,No,11,3,1,10.0,-0.16445543525676679,2,3,3.0,9,0.32511687874973727,0.9,7.0,0.7647373736526294,4.0,0.5623845176139496,2.0,-0.5950247357715714
46,Travel_Rarely,705,-0.24159479958433855,Sales,2,4,Marketing,Female,83,0.8415802027249334,3,5,Manager,Single,16581,2.140645968475521,22822,1.1954414682151207,3.0,0.12281890107805317,No,12,3,0,22.0,1.3778060625252024,2,2,2.25,2,-0.8174557584840876,0.09090909090909091,2.0,-0.6152821934957711,2.0,-0.058265062621700905,1.0,-0.8752831021480201
33,Travel_Rarely,924,0.3011438903873206,Research & Development,2,3,Medical,Male,78,0.5956313164786647,3,1,Laboratory Technician,Single,2496,-0.8510977218150242,6670,-1.0738034767616316,4.0,0.5231377140199149,No,11,3,0,7.0,-0.5500208097022591,3,3,3.5,1,-0.9806804209460626,0.14285714285714285,1.0,-0.8912861069254512,0.0,-0.6789146428573514,0.0,-1.1555414685244687
30,Travel_Rarely,125,-1.678984937408824,Research & Development,9,2,Medical,Male,83,0.8415802027249334,2,1,Laboratory Technician,Single,2206,-0.9126955684734734,16117,0.25343506925095993,1.0,-0.6778187248056703,No,13,3,0,10.0,-0.16445543525676679,5,3,2.75,10,0.48834154121171225,1.0,0.0,-1.1672900203551313,1.0,-0.3685898527395261,8.0,1.0865254624871206
39,Travel_Rarely,895,0.2292743834960963,Sales,5,3,Technical Degree,Male,56,-0.4865437830049173,3,2,Sales Representative,Married,2086,-0.9381843326080043,3335,-1.5423480465670718,3.0,0.12281890107805317,No,14,3,1,19.0,0.9922406880797102,6,4,3.75,1,-0.9806804209460626,0.05263157894736842,0.0,-1.1672900203551313,0.0,-0.6789146428573514,0.0,-1.1555414685244687
24,Travel_Rarely,813,0.02605715711401389,Research & Development,1,3,Medical,Male,61,-0.24059489675864865,3,1,Research Scientist,Married,2293,-0.8942162144759387,3020,-1.586603380746596,2.0,-0.27749991186380857,Yes,16,3,1,6.0,-0.6785426011840899,2,2,2.25,2,-0.8174557584840876,0.3333333333333333,0.0,-1.1672900203551313,2.0,-0.058265062621700905,0.0,-1.1555414685244687
43,Travel_Rarely,1273,1.1660562319403298,Research & Development,2,2,Medical,Female,72,0.30049265298314237,4,1,Research Scientist,Divorced,2645,-0.8194491730146486,21923,1.069138149398002,1.0,-0.6778187248056703,No,12,3,2,6.0,-0.6785426011840899,3,2,3.25,5,-0.32778177109816264,0.8333333333333334,3.0,-0.339278280066091,1.0,-0.3685898527395261,4.0,-0.03450800301867408
50,Travel_Rarely,869,0.16483965317982627,Sales,3,2,Marketing,Male,86,0.9891495344726946,2,1,Sales Representative,Married,2683,-0.8113777310387138,3810,-1.4756138124868365,1.0,-0.6778187248056703,Yes,14,3,0,3.0,-1.0641079756295821,2,3,2.5,3,-0.6542310960221126,1.0,2.0,-0.6152821934957711,0.0,-0.6789146428573514,2.0,-0.5950247357715714
35,Travel_Rarely,464,-0.8388551844389954,Research & Development,4,2,Other,Male,75,0.4480619847309036,3,1,Laboratory Technician,Divorced,1951,-0.9668591922593514,10910,-0.4781126293927962,1.0,-0.6778187248056703,No,12,3,1,1.0,-1.3211515585932438,3,3,3.25,1,-0.9806804209460626,1.0,0.0,-1.1672900203551313,0.0,-0.6789146428573514,0.0,-1.1555414685244687
26,Travel_Rarely,1357,1.3742299760390484,Research & Development,25,3,Life Sciences,Male,48,-0.8800620009989472,1,1,Laboratory Technician,Single,2293,-0.8942162144759387,10558,-0.5275662091743599,1.0,-0.6778187248056703,No,12,3,0,1.0,-1.3211515585932438,2,2,2.25,1,-0.9806804209460626,1.0,0.0,-1.1672900203551313,0.0,-0.6789146428573514,1.0,-0.8752831021480201
27,Travel_Frequently,994,0.474622010469586,Sales,8,3,Life Sciences,Male,37,-1.4211495507407381,3,3,Sales Executive,Single,8726,0.4721939495026966,2975,-1.592925571343671,1.0,-0.6778187248056703,No,15,3,0,9.0,-0.29297722673859755,0,3,3.5,9,0.32511687874973727,1.0,8.0,1.0407412870823096,1.0,-0.3685898527395261,7.0,0.8062670961106719
34,Non-Travel,1065,0.6505783894101695,Sales,23,4,Marketing,Male,72,0.30049265298314237,3,2,Sales Executive,Single,4568,-0.41099172775879345,10034,-0.6011846063491877,0.0,-1.078137537747532,No,20,4,0,10.0,-0.16445543525676679,2,3,2.75,9,0.32511687874973727,0.9,5.0,0.21272954679326922,7.5,1.6485212830263376,7.0,0.8062670961106719
37,Travel_Rarely,408,-0.9776376805048078,Research & Development,19,2,Life Sciences,Male,73,0.3496824302323961,3,1,Research Scientist,Married,3022,-0.7393719723586645,10227,-0.5740694333439553,4.0,0.5231377140199149,No,21,4,0,8.0,-0.42149901822042835,1,3,2.0,1,-0.9806804209460626,0.125,0.0,-1.1672900203551313,0.0,-0.6789146428573514,0.0,-1.1555414685244687
46,Travel_Frequently,1211,1.012404182724609,Sales,5,4,Marketing,Male,98,1.5794268614637395,3,2,Sales Executive,Single,5772,-0.15525446094233505,20445,0.8614893115651863,4.0,0.5231377140199149,Yes,21,4,0,14.0,0.3496317306705563,4,3,2.75,9,0.32511687874973727,0.6428571428571429,6.0,0.48873346022294933,0.0,-0.6789146428573514,8.0,1.0865254624871206
48,Travel_Rarely,626,-0.4373772493914667,Research & Development,1,2,Life Sciences,Male,98,1.5794268614637395,2,3,Laboratory Technician,Single,5381,-0.2383053507473477,19294,0.6997817254044482,8.5,2.324572372258293,Yes,13,3,0,23.0,1.5063278540070333,2,3,2.75,1,-0.9806804209460626,0.043478260869565216,0.0,-1.1672900203551313,0.0,-0.6789146428573514,0.0,-1.1555414685244687
28,Travel_Rarely,1434,1.5650559081295405,Research & Development,5,4,Technical Degree,Male,50,-0.7816824465004397,3,1,Laboratory Technician,Single,3441,-0.6503737042555946,11179,-0.4403199789347262,1.0,-0.6778187248056703,Yes,13,3,0,2.0,-1.192629767111413,3,2,2.75,2,-0.8174557584840876,1.0,2.0,-0.6152821934957711,2.0,-0.058265062621700905,2.0,-0.5950247357715714
26,Travel_Rarely,1443,1.5873602378544032,Sales,23,3,Marketing,Female,47,-0.9292517782482008,2,2,Sales Executive,Married,4157,-0.4982907449195612,21436,1.0007179978252136,7.0,1.7240941528455003,Yes,19,3,1,5.0,-0.8070643926659207,2,2,3.0,2,-0.8174557584840876,0.4,2.0,-0.6152821934957711,0.0,-0.6789146428573514,0.0,-1.1555414685244687
33,Travel_Frequently,515,-0.7124639826647734,Research & Development,1,2,Life Sciences,Female,98,1.5794268614637395,3,3,Research Director,Single,13458,1.4773008818743587,15146,0.11701624547852145,1.0,-0.6778187248056703,Yes,12,3,0,15.0,0.4781535221523871,1,3,2.75,15,1.3044648535215873,1.0,14.0,2.6967647676603903,7.5,1.6485212830263376,12.0,2.207558927992915
35,Travel_Frequently,853,0.125187511446737,Sales,18,5,Life Sciences,Male,71,0.25130287573388865,3,3,Sales Executive,Married,9069,0.545049333653897,11031,-0.46111296134288365,1.0,-0.6778187248056703,No,22,4,1,9.0,-0.29297722673859755,3,2,2.25,9,0.32511687874973727,1.0,8.0,1.0407412870823096,1.0,-0.3685898527395261,8.0,1.0865254624871206
37,Travel_Rarely,1115,0.7744913323260735,Research & Development,1,4,Life Sciences,Male,51,-0.732492669251186,2,2,Manufacturing Director,Divorced,5993,-0.10831265366124095,2689,-1.6331066049161915,1.0,-0.6778187248056703,No,18,3,1,7.0,-0.5500208097022591,2,4,2.75,7,-0.0013324461742127045,1.0,5.0,0.21272954679326922,0.0,-0.6789146428573514,7.0,0.8062670961106719
32,Travel_Rarely,427,-0.9305507621967642,Research & Development,1,3,Medical,Male,33,-1.617908659737753,3,2,Manufacturing Director,Married,6162,-0.07241597750511015,10877,-0.4827489024973178,1.0,-0.6778187248056703,Yes,22,4,1,9.0,-0.29297722673859755,3,3,2.5,9,0.32511687874973727,1.0,8.0,1.0407412870823096,7.0,1.493358887967425,8.0,1.0865254624871206
50,Travel_Rarely,989,0.46223071617799566,Research & Development,7,2,Medical,Female,43,-1.1260108872452157,2,5,Research Director,Divorced,16581,2.140645968475521,16701,0.33548305388855426,5.0,0.9234565269617766,Yes,12,3,1,28.5,2.2131977071571027,2,2,2.75,18,1.794138840907512,0.9310344827586207,3.0,-0.339278280066091,7.5,1.6485212830263376,8.0,1.0865254624871206
59,Travel_Rarely,1435,1.5675341669878586,Sales,25,3,Life Sciences,Female,99,1.628616638712993,3,3,Sales Executive,Single,7637,0.24088341498183016,2354,-1.6801718015833047,7.0,1.7240941528455003,No,11,3,0,28.0,2.1489368114161875,3,2,2.0,18,1.794138840907512,0.75,14.5,2.8347667243752306,7.0,1.493358887967425,9.0,1.3667838288635692
36,Travel_Rarely,1223,1.042143289024426,Research & Development,8,3,Technical Degree,Female,59,-0.3389744512571561,3,3,Healthcare Representative,Divorced,10096,0.7631906733719226,8202,-0.858568010212326,1.0,-0.6778187248056703,No,13,3,3,17.0,0.7351971051160486,2,3,2.75,17,1.6309141784455372,1.0,14.0,2.6967647676603903,7.5,1.6485212830263376,8.0,1.0865254624871206
55,Travel_Rarely,836,0.08305711085532969,Research & Development,8,3,Medical,Female,33,-1.617908659737753,3,4,Manager,Divorced,14756,1.753004347262866,19730,0.761036727633885,2.0,-0.27749991186380857,Yes,14,3,3,21.0,1.2492842710433718,2,3,3.25,5,-0.32778177109816264,0.23809523809523808,0.0,-1.1672900203551313,0.0,-0.6789146428573514,2.0,-0.5950247357715714
36,Travel_Frequently,1195,0.9727520409915198,Research & Development,11,3,Life Sciences,Male,95,1.4318575297159781,2,2,Manufacturing Director,Single,6499,-8.350315606363283E-4,22656,1.1721196095681332,1.0,-0.6778187248056703,No,13,3,0,6.0,-0.6785426011840899,3,3,2.5,6,-0.1645571086361877,1.0,5.0,0.21272954679326922,0.0,-0.6789146428573514,3.0,-0.31476636939512276
45,Travel_Rarely,1339,1.329621316589323,Research & Development,7,3,Life Sciences,Male,59,-0.3389744512571561,3,3,Research Scientist,Divorced,9724,0.6841755045548773,18787,0.628551711344071,2.0,-0.27749991186380857,No,17,3,1,25.0,1.7633714369706948,2,3,2.25,1,-0.9806804209460626,0.04,0.0,-1.1672900203551313,0.0,-0.6789146428573514,0.0,-1.1555414685244687
35,Travel_Frequently,664,-0.34320341277537975,Research & Development,1,3,Medical,Male,79,0.6448210937279185,3,1,Research Scientist,Married,2194,-0.9152444448869266,5868,-1.1864789625139442,4.0,0.5231377140199149,No,13,3,1,5.0,-0.8070643926659207,2,2,2.25,3,-0.6542310960221126,0.6,2.0,-0.6152821934957711,1.0,-0.3685898527395261,2.0,-0.5950247357715714
36,Travel_Rarely,318,-1.2006809777534349,Research & Development,9,3,Medical,Male,79,0.6448210937279185,2,1,Research Scientist,Married,3388,-0.6616312417483458,21777,1.0486261532386034,0.0,-1.078137537747532,Yes,17,3,1,2.0,-1.192629767111413,0,2,2.5,1,-0.9806804209460626,0.5,0.0,-1.1672900203551313,0.0,-0.6789146428573514,0.0,-1.1555414685244687
29,Travel_Rarely,1328,1.302360469147824,Research & Development,2,3,Life Sciences,Male,76,0.4972517619801573,3,1,Research Scientist,Married,2703,-0.8071296036829587,4956,-1.3146086919479958,0.0,-1.078137537747532,No,23,4,1,6.0,-0.6785426011840899,3,3,3.0,5,-0.32778177109816264,0.8333333333333334,4.0,-0.06327436663641088,0.0,-0.6789146428573514,4.0,-0.03450800301867408
31,Travel_Rarely,1082,0.6927087900015769,Research & Development,1,4,Medical,Male,87,1.0383393117219484,3,1,Research Scientist,Single,2501,-0.8500356899760855,18775,0.6268657938515176,1.0,-0.6778187248056703,No,17,3,0,1.0,-1.3211515585932438,4,3,2.5,1,-0.9806804209460626,1.0,1.0,-0.8912861069254512,1.0,-0.3685898527395261,0.0,-1.1555414685244687
32,Travel_Rarely,548,-0.6306814403402768,Research & Development,1,3,Life Sciences,Male,66,0.005353989487620002,3,2,Research Scientist,Married,6220,-0.060096408173420296,7346,-0.9788301246811286,1.0,-0.6778187248056703,No,17,3,2,10.0,-0.16445543525676679,3,3,2.25,10,0.48834154121171225,1.0,4.0,-0.06327436663641088,0.0,-0.6789146428573514,9.0,1.3667838288635692
36,Travel_Rarely,132,-1.6616371254005973,Research & Development,6,3,Life Sciences,Female,55,-0.5357335602541711,4,1,Laboratory Technician,Married,3038,-0.7359734704740604,22002,1.080237106223978,3.0,0.12281890107805317,No,12,3,0,5.0,-0.8070643926659207,3,3,2.75,1,-0.9806804209460626,0.2,0.0,-1.1672900203551313,0.0,-0.6789146428573514,0.0,-1.1555414685244687
31,Travel_Rarely,746,-0.13998618639329735,Research & Development,8,4,Life Sciences,Female,61,-0.24059489675864865,3,2,Manufacturing Director,Single,4424,-0.44157824472023033,20682,0.8947861820431141,1.0,-0.6778187248056703,No,23,4,0,11.0,-0.035933643774936005,2,3,3.5,11,0.6515662036736872,1.0,7.0,0.7647373736526294,1.0,-0.3685898527395261,8.0,1.0865254624871206
35,Travel_Rarely,776,-0.06563842064375501,Sales,1,4,Marketing,Male,32,-1.6670984369870068,2,2,Sales Executive,Single,4312,-0.46536775791245905,23016,1.2226971343447324,0.0,-1.078137537747532,No,14,3,0,16.0,0.6066753136342179,2,3,2.25,15,1.3044648535215873,0.9375,13.0,2.42076085423071,2.0,-0.058265062621700905,8.0,1.0865254624871206
45,Travel_Rarely,193,-1.5104633350431946,Research & Development,6,4,Other,Male,52,-0.6833028920019322,3,3,Research Director,Married,13245,1.4320583255355668,15067,0.1059172886525455,4.0,0.5231377140199149,Yes,14,3,0,17.0,0.7351971051160486,3,4,2.75,0,-1.1439050834080375,0.0,0.0,-1.1672900203551313,0.0,-0.6789146428573514,0.0,-1.1555414685244687
30,Travel_Rarely,852,0.12270925258841894,Research & Development,1,1,Life Sciences,Male,55,-0.5357335602541711,2,2,Laboratory Technician,Married,5126,-0.2924689745332255,15998,0.2367163874498063,1.0,-0.6778187248056703,Yes,12,3,2,10.0,-0.16445543525676679,1,2,3.25,10,0.48834154121171225,1.0,8.0,1.0407412870823096,3.0,0.2520597274961243,0.0,-1.1555414685244687
35,Travel_Rarely,1214,1.0198389592995634,Research & Development,1,3,Medical,Male,30,-1.7654779914855143,2,1,Research Scientist,Single,2859,-0.7739942103080687,26278,1.6809857060704734,1.0,-0.6778187248056703,No,18,3,0,6.0,-0.6785426011840899,3,3,2.25,6,-0.1645571086361877,1.0,4.0,-0.06327436663641088,0.0,-0.6789146428573514,4.0,-0.03450800301867408
55,Travel_Rarely,111,-1.713680561425277,Sales,1,2,Life Sciences,Male,70,0.20211309848463493,3,3,Sales Executive,Married,10239,0.7935647839655717,18092,0.5309089899003585,3.0,0.12281890107805317,No,14,3,1,24.0,1.6348496454888641,4,3,3.0,1,-0.9806804209460626,0.041666666666666664,0.0,-1.1672900203551313,1.0,-0.3685898527395261,0.0,-1.1555414685244687
38,Non-Travel,573,-0.5687249688823249,Research & Development,6,3,Medical,Female,79,0.6448210937279185,1,2,Research Scientist,Divorced,5329,-0.24935048187231101,15717,0.197237819499183,7.0,1.7240941528455003,Yes,12,3,3,17.0,0.7351971051160486,3,3,3.25,13,0.9780155285976372,0.7647058823529411,11.0,1.8687530273713497,1.0,-0.3685898527395261,9.0,1.3667838288635692
34,Travel_Rarely,1153,0.8686651689421605,Research & Development,1,2,Medical,Male,94,1.3826677524667244,3,2,Manufacturing Director,Married,4325,-0.4626064751312182,17736,0.480893437621277,1.0,-0.6778187248056703,No,15,3,0,5.0,-0.8070643926659207,2,3,2.25,5,-0.32778177109816264,1.0,2.0,-0.6152821934957711,1.0,-0.3685898527395261,3.0,-0.31476636939512276
56,Travel_Rarely,1400,1.4807951069467258,Research & Development,7,3,Life Sciences,Male,49,-0.8308722237496934,1,3,Manufacturing Director,Single,7260,0.1608062143258461,21698,1.0375271964126276,4.0,0.5231377140199149,No,11,3,0,28.5,2.2131977071571027,3,2,2.75,6,-0.1645571086361877,0.16216216216216217,4.0,-0.06327436663641088,0.0,-0.6789146428573514,2.0,-0.5950247357715714
23,Travel_Rarely,541,-0.6480292523485034,Sales,2,1,Technical Degree,Male,62,-0.19140511950939493,3,1,Sales Representative,Divorced,2322,-0.8880564298100938,9518,-0.6736790585289799,3.0,0.12281890107805317,No,13,3,1,3.0,-1.0641079756295821,3,3,2.5,0,-1.1439050834080375,0.0,0.0,-1.1672900203551313,0.0,-0.6789146428573514,0.0,-1.1555414685244687
51,Travel_Rarely,432,-0.9181594679051739,Research & Development,9,4,Life Sciences,Male,96,1.481047306965232,3,1,Laboratory Technician,Married,2075,-0.9405208026536696,18725,0.6198411376325454,3.0,0.12281890107805317,No,23,4,2,10.0,-0.16445543525676679,4,3,3.25,4,-0.4910064335601377,0.4,2.0,-0.6152821934957711,0.0,-0.6789146428573514,3.0,-0.31476636939512276
30,Travel_Rarely,288,-1.2750287435029772,Research & Development,2,3,Life Sciences,Male,99,1.628616638712993,2,2,Healthcare Representative,Married,4152,-0.49935277675850004,15830,0.21311354255405998,1.0,-0.6778187248056703,No,19,3,3,11.0,-0.035933643774936005,3,3,2.75,11,0.6515662036736872,1.0,10.0,1.5927491139416698,7.5,1.6485212830263376,8.0,1.0865254624871206
46,Travel_Rarely,669,-0.3308121184837894,Sales,9,2,Medical,Male,64,-0.09302556501088746,2,3,Sales Executive,Single,9619,0.6618728359371628,13596,-0.10074809730961413,1.0,-0.6778187248056703,No,16,3,0,9.0,-0.29297722673859755,3,3,3.5,9,0.32511687874973727,1.0,8.0,1.0407412870823096,4.0,0.5623845176139496,7.0,0.8062670961106719
30,Travel_Rarely,1334,1.3172300222977327,Sales,4,2,Medical,Female,63,-0.14221534226014118,2,2,Sales Executive,Divorced,5209,-0.2748392460068418,19760,0.7652515213652683,1.0,-0.6778187248056703,Yes,12,3,3,11.0,-0.035933643774936005,4,2,2.25,11,0.6515662036736872,1.0,8.0,1.0407412870823096,2.0,-0.058265062621700905,7.0,0.8062670961106719
46,Travel_Frequently,638,-0.4076381430916498,Research & Development,1,3,Medical,Male,40,-1.273580218992977,2,3,Healthcare Representative,Married,10673,0.8857491475854579,3142,-1.5694632195723042,2.0,-0.27749991186380857,Yes,13,3,1,21.0,1.2492842710433718,5,2,2.25,10,0.48834154121171225,0.47619047619047616,9.0,1.3167452005119897,7.5,1.6485212830263376,5.0,0.2457503633577746
32,Travel_Rarely,1093,0.7199696374430757,Sales,6,4,Medical,Male,87,1.0383393117219484,3,2,Sales Executive,Single,5010,-0.31710811319660526,24301,1.4032307991723159,1.0,-0.6778187248056703,No,16,3,0,12.0,0.09258814770689477,0,3,2.25,11,0.6515662036736872,0.9166666666666666,8.0,1.0407412870823096,5.0,0.8727093077317748,7.0,0.8062670961106719
54,Travel_Rarely,1217,1.0272737358745174,Research & Development,2,4,Technical Degree,Female,60,-0.28978467400790237,3,3,Research Director,Married,13549,1.4966298613430444,24001,1.3610828618584832,8.5,2.324572372258293,No,12,3,1,16.0,0.6066753136342179,5,1,1.5,4,-0.4910064335601377,0.25,3.0,-0.339278280066091,0.0,-0.6789146428573514,3.0,-0.31476636939512276
24,Travel_Rarely,1353,1.364316940605776,Sales,3,2,Other,Female,33,-1.617908659737753,3,2,Sales Executive,Married,4999,-0.31944458324227054,17519,0.4504064296309381,0.0,-1.078137537747532,No,21,4,1,4.0,-0.9355861841477514,2,2,1.75,3,-0.6542310960221126,0.75,2.0,-0.6152821934957711,0.0,-0.6789146428573514,2.0,-0.5950247357715714
28,Non-Travel,120,-1.6913762317004144,Sales,4,3,Medical,Male,43,-1.1260108872452157,3,2,Sales Executive,Married,4221,-0.4846967373811448,8863,-0.7657020549975146,1.0,-0.6778187248056703,No,15,3,0,5.0,-0.8070643926659207,3,4,2.75,5,-0.32778177109816264,1.0,4.0,-0.06327436663641088,0.0,-0.6789146428573514,4.0,-0.03450800301867408
58,Travel_Rarely,682,-0.2985947533256544,Sales,10,4,Medical,Male,37,-1.4211495507407381,3,4,Sales Executive,Single,13872,1.5652371181384899,24409,1.4184040566052956,0.0,-1.078137537747532,No,13,3,0,28.5,2.2131977071571027,1,2,3.0,18,1.794138840907512,0.9736842105263158,10.0,1.5927491139416698,1.0,-0.3685898527395261,8.0,1.0865254624871206
32,Travel_Rarely,827,0.06075278113046698,Research & Development,1,1,Life Sciences,Male,71,0.25130287573388865,3,1,Research Scientist,Single,2956,-0.7533907926326564,15178,0.1215120254586636,1.0,-0.6778187248056703,No,13,3,0,1.0,-1.3211515585932438,2,3,3.0,1,-0.9806804209460626,1.0,0.0,-1.1672900203551313,0.0,-0.6789146428573514,0.0,-1.1555414685244687
20,Travel_Frequently,871,0.16979617089646243,Research & Development,6,3,Life Sciences,Female,66,0.005353989487620002,2,1,Laboratory Technician,Single,2926,-0.759762983666289,19783,0.7684828632259955,1.0,-0.6778187248056703,Yes,18,3,0,1.0,-1.3211515585932438,5,3,3.25,1,-0.9806804209460626,1.0,0.0,-1.1672900203551313,1.0,-0.3685898527395261,0.0,-1.1555414685244687
34,Travel_Rarely,665,-0.3407251539170617,Research & Development,6,4,Other,Female,41,-1.2243904417437232,3,2,Research Scientist,Single,4809,-0.3598017931219442,12482,-0.2572574378683129,1.0,-0.6778187248056703,No,14,3,0,16.0,0.6066753136342179,3,3,2.5,16,1.4676895159835621,1.0,13.0,2.42076085423071,2.0,-0.058265062621700905,10.0,1.6470421952400178
59,Non-Travel,1420,1.5303602841130874,Human Resources,2,4,Human Resources,Female,32,-1.6670984369870068,2,5,Manager,Married,16581,2.140645968475521,21922,1.0689976562736225,8.5,2.324572372258293,No,21,4,1,28.5,2.2131977071571027,3,3,3.5,3,-0.6542310960221126,0.1,2.0,-0.6152821934957711,2.0,-0.058265062621700905,2.0,-0.5950247357715714
50,Travel_Frequently,1115,0.7744913323260735,Research & Development,1,3,Life Sciences,Female,73,0.3496824302323961,3,5,Research Director,Married,16581,2.140645968475521,9755,-0.6403821880510521,3.0,0.12281890107805317,Yes,19,3,0,28.0,2.1489368114161875,1,2,1.5,8,0.1618922162877623,0.2857142857142857,3.0,-0.339278280066091,0.0,-0.6789146428573514,7.0,0.8062670961106719
25,Travel_Rarely,1280,1.1834040439485565,Research & Development,7,1,Medical,Male,64,-0.09302556501088746,2,1,Research Scientist,Married,2889,-0.7676220192744361,26897,1.767950950061348,1.0,-0.6778187248056703,No,11,3,2,2.0,-1.192629767111413,2,3,3.5,2,-0.8174557584840876,1.0,2.0,-0.6152821934957711,2.0,-0.058265062621700905,1.0,-0.8752831021480201
22,Travel_Rarely,534,-0.6653770643567299,Research & Development,15,3,Medical,Female,59,-0.3389744512571561,3,1,Laboratory Technician,Single,2871,-0.7714453338946157,23785,1.3307363469925235,1.0,-0.6778187248056703,No,15,3,0,1.0,-1.3211515585932438,5,3,3.0,0,-1.1439050834080375,0.0,0.0,-1.1672900203551313,0.0,-0.6789146428573514,0.0,-1.1555414685244687
34,Travel_Frequently,658,-0.35807296592528826,Research & Development,7,3,Life Sciences,Male,66,0.005353989487620002,1,2,Laboratory Technician,Single,6074,-0.09110773787043269,22887,1.2045735212997843,1.0,-0.6778187248056703,Yes,24,4,0,9.0,-0.29297722673859755,3,3,2.75,9,0.32511687874973727,1.0,7.0,0.7647373736526294,0.0,-0.6789146428573514,6.0,0.5260087297342232
54,Non-Travel,142,-1.6368545368174165,Human Resources,26,3,Human Resources,Female,30,-1.7654779914855143,4,4,Manager,Single,16581,2.140645968475521,13871,-0.0621124881052675,2.0,-0.27749991186380857,Yes,12,3,0,23.0,1.5063278540070333,3,3,3.5,5,-0.32778177109816264,0.21739130434782608,3.0,-0.339278280066091,4.0,0.5623845176139496,4.0,-0.03450800301867408
34,Travel_Rarely,1031,0.5663175882273549,Research & Development,6,4,Life Sciences,Female,45,-1.0276313327467084,2,2,Research Scientist,Divorced,4505,-0.4243733289294221,15000,0.09650424931912287,6.0,1.3237753399036383,No,15,3,1,12.0,0.09258814770689477,3,3,2.75,1,-0.9806804209460626,0.08333333333333333,0.0,-1.1672900203551313,0.0,-0.6789146428573514,0.0,-1.1555414685244687
34,Travel_Rarely,1354,1.3667951994640941,Research & Development,5,3,Medical,Female,45,-1.0276313327467084,2,3,Manager,Single,11631,1.0892344479261282,5615,-1.2220237229819433,2.0,-0.27749991186380857,No,12,3,0,14.0,0.3496317306705563,6,3,2.75,11,0.6515662036736872,0.7857142857142857,10.0,1.5927491139416698,5.0,0.8727093077317748,8.0,1.0865254624871206
36,Travel_Frequently,1467,1.646838450454037,Sales,11,2,Technical Degree,Female,92,1.284288197968217,3,3,Sales Executive,Married,9738,0.6871491937039058,22952,1.213705574384448,0.0,-1.078137537747532,No,14,3,1,10.0,-0.16445543525676679,6,3,3.0,9,0.32511687874973727,0.9,7.0,0.7647373736526294,2.0,-0.058265062621700905,8.0,1.0865254624871206
43,Travel_Frequently,394,-1.0123333045212608,Sales,26,2,Life Sciences,Male,92,1.284288197968217,3,4,Manager,Married,16581,2.140645968475521,19494,0.7278803502803366,1.0,-0.6778187248056703,Yes,12,3,2,25.0,1.7633714369706948,3,4,3.75,18,1.794138840907512,1.0,12.0,2.14475694080103,4.0,0.5623845176139496,12.0,2.207558927992915
30,Travel_Frequently,1312,1.2627083274147348,Research & Development,23,3,Life Sciences,Male,96,1.481047306965232,1,1,Research Scientist,Divorced,2613,-0.8262461767838567,22310,1.1235089885328462,1.0,-0.6778187248056703,No,25,4,3,10.0,-0.16445543525676679,2,2,2.25,10,0.48834154121171225,1.0,7.0,0.7647373736526294,0.0,-0.6789146428573514,9.0,1.3667838288635692
33,Non-Travel,750,-0.13007315096002503,Sales,22,2,Marketing,Male,95,1.4318575297159781,3,2,Sales Executive,Married,6146,-0.07581447938971425,15480,0.16394094902125517,0.0,-1.078137537747532,No,13,3,1,8.0,-0.42149901822042835,2,4,2.5,7,-0.0013324461742127045,0.875,7.0,0.7647373736526294,0.0,-0.6789146428573514,7.0,0.8062670961106719
56,Travel_Rarely,441,-0.8958551381803112,Research & Development,14,4,Life Sciences,Female,72,0.30049265298314237,3,1,Research Scientist,Married,4963,-0.3270912124826298,4510,-1.377268625421227,8.5,2.324572372258293,Yes,18,3,3,7.0,-0.5500208097022591,2,3,2.0,5,-0.32778177109816264,0.7142857142857143,4.0,-0.06327436663641088,4.0,0.5623845176139496,3.0,-0.31476636939512276
31,Travel_Rarely,249,-1.3716808389773822,Sales,6,4,Life Sciences,Male,76,0.4972517619801573,1,2,Sales Executive,Married,6172,-0.07029191382723259,20739,0.9027942901327423,4.0,0.5231377140199149,Yes,18,3,0,12.0,0.09258814770689477,3,2,2.25,7,-0.0013324461742127045,0.5833333333333334,7.0,0.7647373736526294,7.0,1.493358887967425,7.0,0.8062670961106719
58,Travel_Rarely,147,-1.6244632425258263,Research & Development,23,4,Medical,Female,94,1.3826677524667244,3,3,Healthcare Representative,Married,10312,0.8090704488140779,3465,-1.5240839403977442,1.0,-0.6778187248056703,No,12,3,1,28.5,2.2131977071571027,3,2,3.5,18,1.794138840907512,1.0,10.0,1.5927491139416698,7.5,1.6485212830263376,6.0,0.5260087297342232
19,Travel_Rarely,528,-0.6802466175066384,Sales,22,1,Marketing,Male,50,-0.7816824465004397,3,1,Sales Representative,Single,1675,-1.025483349768772,26820,1.757132979484131,1.0,-0.6778187248056703,Yes,19,3,0,0.0,-1.4496733500750745,2,2,3.25,0,-1.1439050834080375,0.0,0.0,-1.1672900203551313,0.0,-0.6789146428573514,0.0,-1.1555414685244687
22,Travel_Rarely,594,-0.5166815328576453,Research & Development,2,1,Technical Degree,Male,100,1.6778064159622468,3,1,Laboratory Technician,Married,2523,-0.8453627498847548,19299,0.7004841910263454,0.0,-1.078137537747532,No,14,3,1,3.0,-1.0641079756295821,2,3,3.25,2,-0.8174557584840876,0.6666666666666666,1.0,-0.8912861069254512,2.0,-0.058265062621700905,1.0,-0.8752831021480201
50,Travel_Frequently,809,0.016144121680741575,Sales,12,3,Marketing,Female,77,0.5464415392294111,3,3,Sales Executive,Single,9208,0.5745738187763951,6645,-1.0773158048711176,4.0,0.5231377140199149,No,11,3,0,16.0,0.6066753136342179,3,3,3.5,2,-0.8174557584840876,0.125,2.0,-0.6152821934957711,2.0,-0.058265062621700905,1.0,-0.8752831021480201
26,Travel_Rarely,1355,1.3692734583224122,Human Resources,25,1,Life Sciences,Female,61,-0.24059489675864865,3,1,Human Resources,Married,2942,-0.7563644817816849,8916,-0.7582559194054042,1.0,-0.6778187248056703,No,23,4,1,8.0,-0.42149901822042835,3,3,3.25,8,0.1618922162877623,1.0,7.0,0.7647373736526294,5.0,0.8727093077317748,7.0,0.8062670961106719
36,Travel_Rarely,216,-1.453463381301879,Research & Development,6,2,Medical,Male,84,0.8907699799741872,3,2,Manufacturing Director,Divorced,4941,-0.3317641525739604,2819,-1.614842498746864,6.0,1.3237753399036383,No,20,4,2,7.0,-0.5500208097022591,0,3,2.75,3,-0.6542310960221126,0.42857142857142855,2.0,-0.6152821934957711,0.0,-0.6789146428573514,1.0,-0.8752831021480201
51,Travel_Frequently,1150,0.8612303923672062,Research & Development,8,4,Life Sciences,Male,53,-0.6341131147526785,1,3,Manufacturing Director,Single,10650,0.8808638011263394,25150,1.5225094617704624,2.0,-0.27749991186380857,No,15,3,0,18.0,0.8637188965978794,2,3,3.0,4,-0.4910064335601377,0.2222222222222222,2.0,-0.6152821934957711,0.0,-0.6789146428573514,3.0,-0.31476636939512276
39,Travel_Rarely,1329,1.3048387280061422,Sales,4,4,Life Sciences,Female,47,-0.9292517782482008,2,2,Sales Executive,Married,5902,-0.12764163312992674,14590,0.03890206832355152,4.0,0.5231377140199149,No,14,3,1,17.0,0.7351971051160486,1,4,3.5,15,1.3044648535215873,0.8823529411764706,11.0,1.8687530273713497,5.0,0.8727093077317748,9.0,1.3667838288635692
25,Travel_Rarely,959,0.38788295042845333,Sales,28,3,Life Sciences,Male,41,-1.2243904417437232,2,2,Sales Executive,Married,8639,0.45371459550516186,24835,1.478254127590938,2.0,-0.27749991186380857,No,18,3,0,6.0,-0.6785426011840899,3,3,2.75,2,-0.8174557584840876,0.3333333333333333,2.0,-0.6152821934957711,2.0,-0.058265062621700905,2.0,-0.5950247357715714
32,Travel_Rarely,1033,0.5712741059439911,Research & Development,9,3,Medical,Female,41,-1.2243904417437232,3,1,Laboratory Technician,Single,4200,-0.4891572711046877,10224,-0.5744909127170936,7.0,1.7240941528455003,No,22,4,0,10.0,-0.16445543525676679,2,4,1.75,5,-0.32778177109816264,0.5,4.0,-0.06327436663641088,0.0,-0.6789146428573514,4.0,-0.03450800301867408
45,Travel_Rarely,1316,1.2726213628480072,Research & Development,29,3,Medical,Male,83,0.8415802027249334,3,1,Research Scientist,Single,3452,-0.6480372342099293,9752,-0.6408036674241904,5.0,0.9234565269617766,No,13,3,0,9.0,-0.29297722673859755,2,2,2.75,6,-0.1645571086361877,0.6666666666666666,5.0,0.21272954679326922,0.0,-0.6789146428573514,3.0,-0.31476636939512276
30,Travel_Rarely,438,-0.9032899147552654,Research & Development,18,3,Life Sciences,Female,75,0.4480619847309036,3,1,Research Scientist,Single,2632,-0.8222104557958894,23910,1.348297987539954,1.0,-0.6778187248056703,No,14,3,0,5.0,-0.8070643926659207,4,2,2.25,5,-0.32778177109816264,1.0,4.0,-0.06327436663641088,0.0,-0.6789146428573514,4.0,-0.03450800301867408
32,Travel_Frequently,689,-0.28124694131742783,Sales,9,2,Medical,Male,35,-1.5195291052392457,1,2,Sales Executive,Divorced,4668,-0.38975109098001787,22812,1.1940365369713262,0.0,-1.078137537747532,No,17,3,3,9.0,-0.29297722673859755,2,4,4.0,8,0.1618922162877623,0.8888888888888888,7.0,0.7647373736526294,0.0,-0.6789146428573514,7.0,0.8062670961106719
30,Travel_Rarely,201,-1.4906372641766499,Research & Development,5,3,Technical Degree,Female,84,0.8907699799741872,3,1,Research Scientist,Divorced,3204,-0.7007140134212928,10415,-0.5476567259606201,5.0,0.9234565269617766,No,14,3,1,8.0,-0.42149901822042835,3,3,3.0,3,-0.6542310960221126,0.375,2.0,-0.6152821934957711,2.0,-0.058265062621700905,2.0,-0.5950247357715714
41,Travel_Frequently,857,0.13510054688000933,Research & Development,10,3,Life Sciences,Male,91,1.2350984207189633,2,4,Manager,Divorced,16581,2.140645968475521,12888,-0.2002172293702593,4.0,0.5231377140199149,No,13,3,1,21.0,1.2492842710433718,2,2,2.25,7,-0.0013324461742127045,0.3333333333333333,6.0,0.48873346022294933,7.0,1.493358887967425,7.0,0.8062670961106719
41,Travel_Rarely,933,0.32344822011218327,Research & Development,9,4,Life Sciences,Male,94,1.3826677524667244,3,1,Laboratory Technician,Married,2238,-0.9058985647042653,6961,-1.032919977567214,2.0,-0.27749991186380857,No,21,4,1,7.0,-0.5500208097022591,2,3,2.75,5,-0.32778177109816264,0.7142857142857143,0.0,-1.1672900203551313,1.0,-0.3685898527395261,4.0,-0.03450800301867408
35,Travel_Rarely,662,-0.34815993049201593,Sales,1,5,Marketing,Male,94,1.3826677524667244,3,3,Sales Executive,Married,7295,0.16824043719841758,11439,-0.4037917665960712,1.0,-0.6778187248056703,No,13,3,2,10.0,-0.16445543525676679,3,3,2.25,10,0.48834154121171225,1.0,8.0,1.0407412870823096,0.0,-0.6789146428573514,6.0,0.5260087297342232
32,Travel_Frequently,967,0.4077090212949979,Sales,8,3,Marketing,Female,43,-1.1260108872452157,3,3,Sales Executive,Single,8998,0.5299684815409663,15589,0.1792546995786144,1.0,-0.6778187248056703,No,14,3,0,9.0,-0.29297722673859755,2,3,3.25,9,0.32511687874973727,1.0,8.0,1.0407412870823096,3.0,0.2520597274961243,7.0,0.8062670961106719
51,Travel_Rarely,1169,0.9083173106752497,Research & Development,7,4,Medical,Male,34,-1.5687188824884994,2,2,Manufacturing Director,Married,6132,-0.07878816853874283,13983,-0.04637725817476997,2.0,-0.27749991186380857,No,17,3,0,10.0,-0.16445543525676679,2,3,2.75,1,-0.9806804209460626,0.1,0.0,-1.1672900203551313,0.0,-0.6789146428573514,0.0,-1.1555414685244687
40,Travel_Rarely,630,-0.42746421395819445,Sales,4,4,Marketing,Male,67,0.05454376673687373,2,3,Sales Executive,Married,10855,0.9244071065228294,8552,-0.8093954166795212,7.0,1.7240941528455003,No,11,3,1,15.0,0.4781535221523871,2,2,2.5,12,0.8147908661356622,0.8,11.0,1.8687530273713497,2.0,-0.058265062621700905,11.0,1.9273005616164665
34,Travel_Frequently,303,-1.237854860628206,Sales,2,4,Marketing,Female,75,0.4480619847309036,3,1,Sales Representative,Married,2231,-0.9073854092787795,11314,-0.4213534071435015,6.0,1.3237753399036383,No,18,3,1,6.0,-0.6785426011840899,3,3,3.25,4,-0.4910064335601377,0.6666666666666666,3.0,-0.339278280066091,1.0,-0.3685898527395261,2.0,-0.5950247357715714
22,Travel_Rarely,1256,1.1239258313489224,Research & Development,19,1,Medical,Male,80,0.6940108709771722,3,1,Research Scientist,Married,2323,-0.8878440234423061,11992,-0.3260990688142396,1.0,-0.6778187248056703,No,24,4,2,2.0,-1.192629767111413,6,3,2.75,2,-0.8174557584840876,1.0,2.0,-0.6152821934957711,2.0,-0.058265062621700905,2.0,-0.5950247357715714
28,Travel_Rarely,440,-0.8983333970386292,Research & Development,21,3,Medical,Male,42,-1.1752006644944695,3,1,Research Scientist,Married,2713,-0.8050055400050811,6672,-1.0735224905128726,1.0,-0.6778187248056703,No,11,3,1,5.0,-0.8070643926659207,2,1,2.75,5,-0.32778177109816264,1.0,2.0,-0.6152821934957711,0.0,-0.6789146428573514,2.0,-0.5950247357715714
57,Travel_Rarely,334,-1.1610288360203456,Research & Development,24,2,Life Sciences,Male,83,0.8415802027249334,4,3,Healthcare Representative,Divorced,9439,0.6236396897353668,23402,1.276927480355197,3.0,0.12281890107805317,Yes,16,3,1,12.0,0.09258814770689477,2,1,2.5,5,-0.32778177109816264,0.4166666666666667,3.0,-0.339278280066091,1.0,-0.3685898527395261,4.0,-0.03450800301867408
27,Non-Travel,1450,1.6047080498626296,Research & Development,3,3,Medical,Male,79,0.6448210937279185,2,1,Research Scientist,Divorced,2566,-0.8362292760698813,25326,1.5472362516612441,1.0,-0.6778187248056703,Yes,15,3,1,1.0,-1.3211515585932438,2,2,3.0,1,-0.9806804209460626,1.0,1.0,-0.8912861069254512,0.0,-0.6789146428573514,1.0,-0.8752831021480201
50,Travel_Rarely,1452,1.6096645675792658,Research & Development,11,3,Life Sciences,Female,53,-0.6341131147526785,3,5,Manager,Single,16581,2.140645968475521,17053,0.38493663367011793,3.0,0.12281890107805317,No,15,3,0,21.0,1.2492842710433718,5,3,2.5,5,-0.32778177109816264,0.23809523809523808,4.0,-0.06327436663641088,4.0,0.5623845176139496,4.0,-0.03450800301867408
41,Travel_Rarely,465,-0.8363769255806773,Research & Development,14,3,Life Sciences,Male,56,-0.4865437830049173,3,1,Research Scientist,Divorced,2451,-0.8606560083654732,4609,-1.3633598061076622,4.0,0.5231377140199149,No,12,3,1,13.0,0.22110993918872554,2,3,2.0,9,0.32511687874973727,0.6923076923076923,8.0,1.0407412870823096,1.0,-0.3685898527395261,8.0,1.0865254624871206
30,Travel_Rarely,1339,1.329621316589323,Sales,5,3,Life Sciences,Female,41,-1.2243904417437232,3,3,Sales Executive,Married,9419,0.6193915623796117,8053,-0.8795014857448629,2.0,-0.27749991186380857,No,12,3,1,12.0,0.09258814770689477,2,3,3.0,10,0.48834154121171225,0.8333333333333334,9.0,1.3167452005119897,7.0,1.493358887967425,4.0,-0.03450800301867408
38,Travel_Rarely,702,-0.2490295761592928,Sales,1,4,Life Sciences,Female,59,-0.3389744512571561,2,2,Sales Executive,Single,8686,0.4636976947911864,12930,-0.19431651814632273,4.0,0.5231377140199149,No,22,4,0,12.0,0.09258814770689477,2,4,3.0,8,0.1618922162877623,0.6666666666666666,3.0,-0.339278280066091,0.0,-0.6789146428573514,7.0,0.8062670961106719
32,Travel_Rarely,120,-1.6913762317004144,Research & Development,6,5,Life Sciences,Male,43,-1.1260108872452157,3,1,Research Scientist,Single,3038,-0.7359734704740604,12430,-0.26456308033604387,3.0,0.12281890107805317,No,20,4,0,8.0,-0.42149901822042835,2,3,2.5,5,-0.32778177109816264,0.625,4.0,-0.06327436663641088,1.0,-0.3685898527395261,4.0,-0.03450800301867408
19,Travel_Frequently,602,-0.4968554619911006,Sales,1,1,Technical Degree,Female,100,1.6778064159622468,1,1,Sales Representative,Single,2325,-0.8874192107067305,20989,0.9379175712276029,0.0,-1.078137537747532,No,21,4,0,1.0,-1.3211515585932438,5,4,2.25,0,-1.1439050834080375,0.0,0.0,-1.1672900203551313,0.0,-0.6789146428573514,0.0,-1.1555414685244687
36,Travel_Frequently,1480,1.679055815612172,Research & Development,3,2,Medical,Male,30,-1.7654779914855143,3,1,Laboratory Technician,Single,2088,-0.9377595198724287,15062,0.10521482303064829,4.0,0.5231377140199149,No,12,3,0,13.0,0.22110993918872554,3,2,2.75,8,0.1618922162877623,0.6153846153846154,7.0,0.7647373736526294,7.0,1.493358887967425,2.0,-0.5950247357715714
56,Travel_Rarely,713,-0.22176872871779393,Research & Development,8,3,Life Sciences,Female,67,0.05454376673687373,3,1,Research Scientist,Divorced,4257,-0.47705010814078563,13939,-0.052558955647465426,4.0,0.5231377140199149,Yes,18,3,1,19.0,0.9922406880797102,3,3,2.5,2,-0.8174557584840876,0.10526315789473684,2.0,-0.6152821934957711,2.0,-0.058265062621700905,2.0,-0.5950247357715714
33,Travel_Rarely,134,-1.6566806076839613,Research & Development,2,3,Life Sciences,Male,90,1.1859086434697095,3,1,Research Scientist,Single,2500,-0.8502480963438732,10515,-0.5336074135226759,0.0,-1.078137537747532,No,14,3,0,4.0,-0.9355861841477514,2,4,3.0,3,-0.6542310960221126,0.75,1.0,-0.8912861069254512,0.0,-0.6789146428573514,2.0,-0.5950247357715714
19,Travel_Rarely,303,-1.237854860628206,Research & Development,2,3,Life Sciences,Male,47,-0.9292517782482008,2,1,Laboratory Technician,Single,1102,-1.1471921985111562,9241,-0.7125956539820855,1.0,-0.6778187248056703,No,22,4,0,1.0,-1.3211515585932438,3,2,2.75,1,-0.9806804209460626,1.0,0.0,-1.1672900203551313,1.0,-0.3685898527395261,0.0,-1.1555414685244687
46,Travel_Rarely,526,-0.6852031352232746,Sales,1,2,Marketing,Female,92,1.284288197968217,3,3,Sales Executive,Divorced,10453,0.8390197466721515,2137,-1.7106588095736437,1.0,-0.6778187248056703,No,25,4,3,24.0,1.6348496454888641,2,3,2.25,18,1.794138840907512,1.0,13.0,2.42076085423071,7.5,1.6485212830263376,7.0,0.8062670961106719
38,Travel_Rarely,1380,1.4312299297803643,Research & Development,9,2,Life Sciences,Female,75,0.4480619847309036,3,1,Laboratory Technician,Single,2288,-0.8952782463148775,6319,-1.1231165634188158,1.0,-0.6778187248056703,No,12,3,0,2.0,-1.192629767111413,3,3,3.25,2,-0.8174557584840876,1.0,2.0,-0.6152821934957711,2.0,-0.058265062621700905,1.0,-0.8752831021480201
34,Travel_Rarely,629,-0.4299424728165125,Research & Development,27,2,Medical,Female,95,1.4318575297159781,3,1,Research Scientist,Single,2311,-0.8903928998557591,5711,-1.2085363830415168,2.0,-0.27749991186380857,No,15,3,0,9.0,-0.29297722673859755,3,3,3.25,3,-0.6542310960221126,0.3333333333333333,2.0,-0.6152821934957711,1.0,-0.3685898527395261,2.0,-0.5950247357715714
41,Travel_Rarely,1356,1.3717517171807303,Sales,20,2,Marketing,Female,70,0.20211309848463493,3,1,Sales Representative,Single,3140,-0.7143080209597092,21728,1.0417419901440108,1.0,-0.6778187248056703,Yes,22,4,0,4.0,-0.9355861841477514,5,2,2.5,4,-0.4910064335601377,1.0,3.0,-0.339278280066091,0.0,-0.6789146428573514,2.0,-0.5950247357715714
50,Travel_Rarely,328,-1.1758983891702541,Research & Development,1,3,Medical,Male,86,0.9891495344726946,2,1,Laboratory Technician,Married,3690,-0.5974845186764434,3425,-1.529703665372922,2.0,-0.27749991186380857,No,15,3,1,5.0,-0.8070643926659207,2,2,3.0,3,-0.6542310960221126,0.6,2.0,-0.6152821934957711,0.0,-0.6789146428573514,2.0,-0.5950247357715714
33,Travel_Rarely,931,0.31849170239554714,Research & Development,14,3,Medical,Female,72,0.30049265298314237,3,1,Research Scientist,Married,2756,-0.7958720661902076,4673,-1.3543682461473778,1.0,-0.6778187248056703,No,13,3,1,8.0,-0.42149901822042835,5,3,3.25,8,0.1618922162877623,1.0,7.0,0.7647373736526294,1.0,-0.3685898527395261,6.0,0.5260087297342232
40,Travel_Rarely,989,0.46223071617799566,Research & Development,4,1,Medical,Female,46,-0.9784415554974546,3,5,Manager,Married,16581,2.140645968475521,6499,-1.0978278010305162,1.0,-0.6778187248056703,No,14,3,1,21.0,1.2492842710433718,2,3,3.0,18,1.794138840907512,0.9523809523809523,8.0,1.0407412870823096,7.5,1.6485212830263376,9.0,1.3667838288635692
55,Travel_Rarely,692,-0.27381216474247355,Research & Development,14,4,Medical,Male,61,-0.24059489675864865,4,5,Research Director,Single,16581,2.140645968475521,13339,-0.13685483027513082,8.0,2.124412965787362,No,11,3,0,28.5,2.2131977071571027,3,3,3.0,18,1.794138840907512,0.6666666666666666,14.5,2.8347667243752306,2.0,-0.058265062621700905,14.5,2.908204843934037
34,Travel_Frequently,1069,0.6604914248434419,Research & Development,2,1,Life Sciences,Male,45,-1.0276313327467084,2,2,Manufacturing Director,Married,9547,0.6465795774564445,14074,-0.033592383856240714,1.0,-0.6778187248056703,No,17,3,0,10.0,-0.16445543525676679,2,2,3.0,10,0.48834154121171225,1.0,9.0,1.3167452005119897,1.0,-0.3685898527395261,9.0,1.3667838288635692
51,Travel_Rarely,313,-1.2130722720450253,Research & Development,3,3,Medical,Female,98,1.5794268614637395,3,4,Healthcare Representative,Single,13734,1.5359250393837793,7192,-1.0004660658355626,3.0,0.12281890107805317,No,18,3,0,21.0,1.2492842710433718,6,3,3.0,7,-0.0013324461742127045,0.3333333333333333,7.0,0.7647373736526294,1.0,-0.3685898527395261,0.0,-1.1555414685244687
52,Travel_Rarely,699,-0.256464352734247,Research & Development,1,4,Life Sciences,Male,65,-0.04383578776163373,2,5,Manager,Married,16581,2.140645968475521,5678,-1.2131726561460383,0.0,-1.078137537747532,No,14,3,1,28.5,2.2131977071571027,5,3,2.5,18,1.794138840907512,0.9705882352941176,14.5,2.8347667243752306,7.5,1.6485212830263376,9.0,1.3667838288635692
27,Travel_Rarely,894,0.22679612463777823,Research & Development,9,3,Medical,Female,99,1.628616638712993,3,1,Research Scientist,Single,2279,-0.8971899036249673,11781,-0.35574311805830194,1.0,-0.6778187248056703,No,16,3,0,7.0,-0.5500208097022591,2,2,3.0,7,-0.0013324461742127045,1.0,7.0,0.7647373736526294,0.0,-0.6789146428573514,3.0,-0.31476636939512276
35,Travel_Rarely,556,-0.6108553694737322,Research & Development,23,2,Life Sciences,Male,50,-0.7816824465004397,2,2,Manufacturing Director,Married,5916,-0.12466794398089817,15497,0.1663293321357057,3.0,0.12281890107805317,Yes,13,3,0,8.0,-0.42149901822042835,1,3,2.25,1,-0.9806804209460626,0.125,0.0,-1.1672900203551313,0.0,-0.6789146428573514,1.0,-0.8752831021480201
43,Non-Travel,1344,1.3420126108809134,Research & Development,7,3,Medical,Male,37,-1.4211495507407381,4,1,Research Scientist,Divorced,2089,-0.9375471135046409,5228,-1.2763945621167874,4.0,0.5231377140199149,No,14,3,3,7.0,-0.5500208097022591,3,4,4.0,5,-0.32778177109816264,0.7142857142857143,4.0,-0.06327436663641088,2.0,-0.058265062621700905,2.0,-0.5950247357715714
45,Non-Travel,1195,0.9727520409915198,Research & Development,2,2,Medical,Male,65,-0.04383578776163373,2,4,Manager,Married,16581,2.140645968475521,20462,0.8638776946796368,8.5,2.324572372258293,No,23,4,1,22.0,1.3778060625252024,1,3,3.0,18,1.794138840907512,0.9090909090909091,8.0,1.0407412870823096,7.5,1.6485212830263376,8.0,1.0865254624871206
37,Travel_Rarely,290,-1.270072225786341,Research & Development,21,3,Life Sciences,Male,65,-0.04383578776163373,4,1,Research Scientist,Married,3564,-0.6242477210177007,22977,1.2172179024939342,1.0,-0.6778187248056703,Yes,12,3,1,8.0,-0.42149901822042835,3,2,1.5,8,0.1618922162877623,1.0,7.0,0.7647373736526294,1.0,-0.3685898527395261,7.0,0.8062670961106719
35,Travel_Frequently,138,-1.646767572250689,Research & Development,2,3,Medical,Female,37,-1.4211495507407381,3,2,Laboratory Technician,Single,4425,-0.4413658383524426,15986,0.235030469957253,5.0,0.9234565269617766,No,11,3,0,10.0,-0.16445543525676679,5,3,2.75,6,-0.1645571086361877,0.6,2.0,-0.6152821934957711,1.0,-0.3685898527395261,2.0,-0.5950247357715714
42,Non-Travel,926,0.3061004081039567,Research & Development,21,2,Medical,Female,36,-1.470339327989992,3,2,Manufacturing Director,Divorced,5265,-0.2629444894107274,16439,0.2986738553011404,2.0,-0.27749991186380857,No,16,3,1,11.0,-0.035933643774936005,5,3,2.75,5,-0.32778177109816264,0.45454545454545453,3.0,-0.339278280066091,0.0,-0.6789146428573514,2.0,-0.5950247357715714
38,Travel_Rarely,1261,1.136317125640513,Research & Development,2,4,Life Sciences,Male,88,1.0875290889712022,3,2,Manufacturing Director,Married,6553,0.010634912299902504,7259,-0.9910530265021401,8.5,2.324572372258293,No,14,3,0,14.0,0.3496317306705563,3,3,3.0,1,-0.9806804209460626,0.07142857142857142,0.0,-1.1672900203551313,0.0,-0.6789146428573514,0.0,-1.1555414685244687
27,Travel_Frequently,472,-0.8190291135724508,Research & Development,1,1,Technical Degree,Male,60,-0.28978467400790237,2,2,Manufacturing Director,Married,4298,-0.4683414470614876,9679,-0.6510596655038897,5.0,0.9234565269617766,No,19,3,1,6.0,-0.6785426011840899,1,3,2.5,2,-0.8174557584840876,0.3333333333333333,2.0,-0.6152821934957711,2.0,-0.058265062621700905,0.0,-1.1555414685244687
49,Non-Travel,1002,0.49444808133613066,Research & Development,18,4,Life Sciences,Male,92,1.284288197968217,3,2,Manufacturing Director,Divorced,6804,0.0639489106146293,23793,1.331860291987559,1.0,-0.6778187248056703,Yes,15,3,2,7.0,-0.5500208097022591,0,3,3.0,7,-0.0013324461742127045,1.0,7.0,0.7647373736526294,1.0,-0.3685898527395261,7.0,0.8062670961106719
40,Travel_Rarely,905,0.2540569720792771,Research & Development,19,2,Medical,Male,99,1.628616638712993,3,2,Laboratory Technician,Married,2741,-0.7990581617070239,16523,0.3104752777490135,8.0,2.124412965787362,Yes,15,3,1,15.0,0.4781535221523871,2,4,3.5,7,-0.0013324461742127045,0.4666666666666667,2.0,-0.6152821934957711,3.0,0.2520597274961243,7.0,0.8062670961106719
38,Travel_Rarely,1180,0.9355781581167486,Research & Development,29,1,Medical,Male,70,0.20211309848463493,3,2,Healthcare Representative,Married,6673,0.03612367643443324,11354,-0.4157336821683238,7.0,1.7240941528455003,Yes,19,3,0,17.0,0.7351971051160486,2,3,2.0,1,-0.9806804209460626,0.058823529411764705,0.0,-1.1672900203551313,0.0,-0.6789146428573514,0.0,-1.1555414685244687
22,Travel_Rarely,1136,0.8265347683507531,Research & Development,5,3,Life Sciences,Male,60,-0.28978467400790237,4,1,Research Scientist,Divorced,2328,-0.8867819916033672,12392,-0.2699018190624627,1.0,-0.6778187248056703,Yes,16,3,1,4.0,-0.9355861841477514,2,2,2.25,4,-0.4910064335601377,1.0,2.0,-0.6152821934957711,2.0,-0.058265062621700905,2.0,-0.5950247357715714
36,Travel_Frequently,635,-0.41507291966660403,Research & Development,18,1,Medical,Female,73,0.3496824302323961,3,1,Laboratory Technician,Single,2153,-0.9239531059662246,7703,-0.9286740792776677,1.0,-0.6778187248056703,No,13,3,0,8.0,-0.42149901822042835,2,3,2.5,8,0.1618922162877623,1.0,1.0,-0.8912861069254512,1.0,-0.3685898527395261,7.0,0.8062670961106719
40,Non-Travel,1151,0.8637086512255243,Research & Development,9,5,Life Sciences,Male,63,-0.14221534226014118,2,2,Healthcare Representative,Married,4876,-0.34557056648016454,14242,-0.009989538960494405,8.5,2.324572372258293,No,14,3,1,5.0,-0.8070643926659207,5,1,3.25,3,-0.6542310960221126,0.6,2.0,-0.6152821934957711,0.0,-0.6789146428573514,2.0,-0.5950247357715714
46,Travel_Rarely,644,-0.39276858994174135,Research & Development,1,4,Medical,Male,97,1.5302370842144857,3,3,Healthcare Representative,Divorced,9396,0.6145062159204933,12368,-0.2732736540475693,7.0,1.7240941528455003,No,16,3,1,17.0,0.7351971051160486,3,3,2.75,4,-0.4910064335601377,0.23529411764705882,2.0,-0.6152821934957711,0.0,-0.6789146428573514,3.0,-0.31476636939512276
32,Travel_Rarely,1045,0.601013212243808,Sales,4,4,Medical,Male,32,-1.6670984369870068,1,3,Sales Executive,Married,10400,0.8277622091794005,25812,1.6155159101096532,1.0,-0.6778187248056703,No,11,3,0,14.0,0.3496317306705563,2,2,3.25,14,1.1412401910596122,1.0,8.0,1.0407412870823096,7.5,1.6485212830263376,8.0,1.0865254624871206
27,Travel_Frequently,1242,1.0892302073324693,Sales,20,3,Life Sciences,Female,90,1.1859086434697095,3,2,Sales Executive,Single,9981,0.7387639410763306,12916,-0.19628342188763492,1.0,-0.6778187248056703,No,14,3,0,7.0,-0.5500208097022591,2,3,3.5,7,-0.0013324461742127045,1.0,7.0,0.7647373736526294,0.0,-0.6789146428573514,7.0,0.8062670961106719
51,Travel_Rarely,1469,1.6517949681706732,Research & Development,8,4,Life Sciences,Male,81,0.743200648226426,2,3,Research Director,Married,12490,1.2716915178558108,15736,0.19990718886239242,5.0,0.9234565269617766,No,16,3,2,16.0,0.6066753136342179,5,1,2.25,10,0.48834154121171225,0.625,9.0,1.3167452005119897,4.0,0.5623845176139496,7.0,0.8062670961106719
30,Travel_Rarely,1005,0.5018828579110849,Research & Development,3,3,Technical Degree,Female,88,1.0875290889712022,3,1,Research Scientist,Single,2657,-0.8169002966011955,8556,-0.8088334441820034,5.0,0.9234565269617766,Yes,11,3,0,8.0,-0.42149901822042835,5,3,2.75,5,-0.32778177109816264,0.625,2.0,-0.6152821934957711,0.0,-0.6789146428573514,4.0,-0.03450800301867408
41,Travel_Rarely,896,0.23175264235441437,Sales,6,3,Life Sciences,Female,75,0.4480619847309036,3,3,Manager,Single,13591,1.5055509287901303,14674,0.05070349077142467,3.0,0.12281890107805317,Yes,18,3,0,16.0,0.6066753136342179,3,3,3.5,1,-0.9806804209460626,0.0625,0.0,-1.1672900203551313,0.0,-0.6789146428573514,0.0,-1.1555414685244687
30,Travel_Frequently,334,-1.1610288360203456,Sales,26,4,Marketing,Female,52,-0.6833028920019322,2,2,Sales Executive,Single,6696,0.041009022893551635,22967,1.2158129712501398,5.0,0.9234565269617766,No,15,3,0,9.0,-0.29297722673859755,5,2,2.25,6,-0.1645571086361877,0.6666666666666666,3.0,-0.339278280066091,0.0,-0.6789146428573514,1.0,-0.8752831021480201
29,Travel_Rarely,992,0.4696654927529499,Research & Development,1,3,Technical Degree,Male,85,0.9399597572234408,3,1,Research Scientist,Single,2058,-0.9441317109060614,19757,0.7648300419921299,0.0,-1.078137537747532,No,14,3,0,7.0,-0.5500208097022591,1,2,3.0,6,-0.1645571086361877,0.8571428571428571,2.0,-0.6152821934957711,1.0,-0.3685898527395261,5.0,0.2457503633577746
45,Non-Travel,1052,0.6183610242520345,Sales,6,3,Medical,Female,57,-0.4373540057556636,2,3,Sales Executive,Single,8865,0.5017184346251947,16840,0.3550115981772967,6.0,1.3237753399036383,No,12,3,0,23.0,1.5063278540070333,2,3,3.75,18,1.794138840907512,0.8260869565217391,7.0,0.7647373736526294,7.5,1.6485212830263376,8.0,1.0865254624871206
54,Travel_Rarely,1147,0.853795615792252,Sales,3,3,Marketing,Female,52,-0.6833028920019322,3,2,Sales Executive,Married,5940,-0.11957019115399202,17011,0.37903592244618134,2.0,-0.27749991186380857,No,14,3,1,16.0,0.6066753136342179,4,3,3.0,6,-0.1645571086361877,0.375,2.0,-0.6152821934957711,0.0,-0.6789146428573514,5.0,0.2457503633577746
36,Travel_Rarely,1396,1.4708820715134534,Research & Development,5,2,Life Sciences,Male,62,-0.19140511950939493,3,2,Laboratory Technician,Single,5914,-0.12509275671647369,9945,-0.613688494418958,8.0,2.124412965787362,No,16,3,0,16.0,0.6066753136342179,3,4,3.5,13,0.9780155285976372,0.8125,11.0,1.8687530273713497,3.0,0.2520597274961243,7.0,0.8062670961106719
33,Travel_Rarely,147,-1.6244632425258263,Research & Development,4,4,Medical,Female,47,-0.9292517782482008,2,1,Research Scientist,Married,2622,-0.8243345194737669,13248,-0.14963970459366008,6.0,1.3237753399036383,No,21,4,0,7.0,-0.5500208097022591,3,3,3.0,3,-0.6542310960221126,0.42857142857142855,2.0,-0.6152821934957711,1.0,-0.3685898527395261,1.0,-0.8752831021480201
37,Travel_Frequently,663,-0.34568167163369784,Research & Development,11,3,Other,Male,47,-0.9292517782482008,3,3,Research Director,Divorced,12185,1.2069075756805452,10056,-0.5980937576128399,1.0,-0.6778187248056703,Yes,14,3,3,10.0,-0.16445543525676679,1,3,3.0,10,0.48834154121171225,1.0,8.0,1.0407412870823096,0.0,-0.6789146428573514,7.0,0.8062670961106719
38,Travel_Rarely,119,-1.6938544905587325,Sales,3,3,Life Sciences,Male,76,0.4972517619801573,3,3,Sales Executive,Divorced,10609,0.8721551400470414,9647,-0.6555554454840319,0.0,-1.078137537747532,No,12,3,2,17.0,0.7351971051160486,6,2,2.25,16,1.4676895159835621,0.9411764705882353,10.0,1.5927491139416698,5.0,0.8727093077317748,13.0,2.4878172943693637
31,Non-Travel,979,0.4374481275948149,Research & Development,1,4,Medical,Male,90,1.1859086434697095,1,2,Manufacturing Director,Married,4345,-0.4583583477754631,4381,-1.395392238466175,0.0,-1.078137537747532,No,12,3,1,6.0,-0.6785426011840899,2,3,3.25,5,-0.32778177109816264,0.8333333333333334,4.0,-0.06327436663641088,1.0,-0.3685898527395261,4.0,-0.03450800301867408
37,Travel_Frequently,319,-1.1982027188951168,Sales,4,4,Marketing,Male,41,-1.2243904417437232,3,1,Sales Representative,Divorced,2793,-0.7880130305820606,2539,-1.6541805735731079,4.0,0.5231377140199149,No,17,3,1,13.0,0.22110993918872554,2,3,2.75,9,0.32511687874973727,0.6923076923076923,8.0,1.0407412870823096,5.0,0.8727093077317748,8.0,1.0865254624871206
29,Travel_Frequently,1413,1.5130124721048608,Sales,1,1,Medical,Female,42,-1.1752006644944695,3,3,Sales Executive,Married,7918,0.30056960433018964,6599,-1.083778488592572,1.0,-0.6778187248056703,No,14,3,1,11.0,-0.035933643774936005,5,3,3.25,11,0.6515662036736872,1.0,10.0,1.5927491139416698,4.0,0.5623845176139496,1.0,-0.8752831021480201
35,Travel_Frequently,944,0.35070906755368214,Sales,1,3,Marketing,Female,92,1.284288197968217,3,3,Sales Executive,Single,8789,0.48557555067332525,9096,-0.7329671570171046,1.0,-0.6778187248056703,No,14,3,0,10.0,-0.16445543525676679,3,4,2.75,10,0.48834154121171225,1.0,7.0,0.7647373736526294,0.0,-0.6789146428573514,8.0,1.0865254624871206
29,Travel_Rarely,896,0.23175264235441437,Research & Development,18,1,Medical,Male,86,0.9891495344726946,2,1,Research Scientist,Single,2389,-0.8738252031683141,14961,0.09102501746832461,1.0,-0.6778187248056703,Yes,13,3,0,4.0,-0.9355861841477514,3,2,3.0,4,-0.4910064335601377,1.0,3.0,-0.339278280066091,0.0,-0.6789146428573514,1.0,-0.8752831021480201
52,Travel_Rarely,1323,1.2899691748562339,Research & Development,2,3,Life Sciences,Female,89,1.1367188662204557,2,1,Laboratory Technician,Single,3212,-0.6990147624789907,3300,-1.5472653059203523,7.0,1.7240941528455003,No,15,3,0,6.0,-0.6785426011840899,3,2,2.75,2,-0.8174557584840876,0.3333333333333333,2.0,-0.6152821934957711,2.0,-0.058265062621700905,2.0,-0.5950247357715714
59,Travel_Rarely,818,0.03844845140560428,Human Resources,6,2,Medical,Male,52,-0.6833028920019322,3,1,Human Resources,Married,2267,-0.8997387800384203,25657,1.5937394758308396,8.0,2.124412965787362,No,17,3,0,7.0,-0.5500208097022591,2,2,2.75,2,-0.8174557584840876,0.2857142857142857,2.0,-0.6152821934957711,2.0,-0.058265062621700905,2.0,-0.5950247357715714
50,Travel_Rarely,854,0.1276657703050551,Sales,1,4,Medical,Female,68,0.10373354398612747,3,5,Manager,Divorced,16581,2.140645968475521,24118,1.377520557410878,3.0,0.12281890107805317,No,11,3,1,28.5,2.2131977071571027,3,2,3.25,7,-0.0013324461742127045,0.21875,0.0,-1.1672900203551313,0.0,-0.6789146428573514,6.0,0.5260087297342232
33,Travel_Rarely,813,0.02605715711401389,Research & Development,14,3,Medical,Male,58,-0.38816422850640986,3,1,Laboratory Technician,Married,2436,-0.8638421038822895,22149,1.100889595507756,5.0,0.9234565269617766,Yes,13,3,1,8.0,-0.42149901822042835,2,1,2.75,5,-0.32778177109816264,0.625,4.0,-0.06327436663641088,0.0,-0.6789146428573514,4.0,-0.03450800301867408
33,Travel_Rarely,465,-0.8363769255806773,Research & Development,2,2,Life Sciences,Female,39,-1.3227699962422308,3,1,Laboratory Technician,Married,2707,-0.8062799782118076,21509,1.0109739959049129,7.0,1.7240941528455003,No,20,4,0,13.0,0.22110993918872554,3,4,1.75,9,0.32511687874973727,0.6923076923076923,7.0,0.7647373736526294,1.0,-0.3685898527395261,7.0,0.8062670961106719
52,Non-Travel,771,-0.0780297149353454,Sales,2,4,Life Sciences,Male,79,0.6448210937279185,2,5,Manager,Single,16581,2.140645968475521,21030,0.9436777893271601,1.0,-0.6778187248056703,Yes,18,3,0,28.5,2.2131977071571027,2,4,3.0,18,1.794138840907512,1.0,7.0,0.7647373736526294,7.5,1.6485212830263376,12.0,2.207558927992915
32,Travel_Rarely,1401,1.4832733658050439,Sales,4,2,Life Sciences,Female,56,-0.4865437830049173,3,1,Sales Representative,Married,3931,-0.5462945840395941,20990,0.9380580643519824,2.0,-0.27749991186380857,No,11,3,1,6.0,-0.6785426011840899,5,3,2.25,4,-0.4910064335601377,0.6666666666666666,3.0,-0.339278280066091,1.0,-0.3685898527395261,2.0,-0.5950247357715714
32,Travel_Rarely,515,-0.7124639826647734,Research & Development,1,3,Life Sciences,Male,62,-0.19140511950939493,2,1,Laboratory Technician,Single,3730,-0.5889882639649331,9571,-0.6662329229368694,0.0,-1.078137537747532,Yes,14,3,0,4.0,-0.9355861841477514,2,1,3.0,3,-0.6542310960221126,0.75,2.0,-0.6152821934957711,1.0,-0.3685898527395261,2.0,-0.5950247357715714
39,Travel_Rarely,1431,1.5576211315545863,Research & Development,1,4,Medical,Female,96,1.481047306965232,3,1,Laboratory Technician,Divorced,2232,-0.9071730029109918,15417,0.1550898821853503,7.0,1.7240941528455003,No,14,3,3,7.0,-0.5500208097022591,1,3,3.0,3,-0.6542310960221126,0.42857142857142855,2.0,-0.6152821934957711,1.0,-0.3685898527395261,2.0,-0.5950247357715714
32,Non-Travel,976,0.43001335101986066,Sales,26,4,Marketing,Male,100,1.6778064159622468,3,2,Sales Executive,Married,4465,-0.43286958364093236,12069,-0.31528109823702255,0.0,-1.078137537747532,No,18,3,0,4.0,-0.9355861841477514,2,3,2.75,3,-0.6542310960221126,0.75,2.0,-0.6152821934957711,2.0,-0.058265062621700905,2.0,-0.5950247357715714
40,Travel_Rarely,1300,1.232969221114918,Research & Development,24,2,Technical Degree,Male,62,-0.19140511950939493,3,2,Research Scientist,Divorced,3319,-0.6762872811257009,24447,1.4237427953317143,1.0,-0.6778187248056703,No,17,3,2,9.0,-0.29297722673859755,3,3,2.25,9,0.32511687874973727,1.0,8.0,1.0407412870823096,4.0,0.5623845176139496,7.0,0.8062670961106719
45,Travel_Rarely,252,-1.364246062402428,Research & Development,1,3,Other,Male,70,0.20211309848463493,4,5,Manager,Married,16581,2.140645968475521,15970,0.2327825799671819,0.0,-1.078137537747532,No,11,3,1,25.0,1.7633714369706948,2,3,3.25,18,1.794138840907512,0.96,0.0,-1.1672900203551313,1.0,-0.3685898527395261,7.0,0.8062670961106719
31,Travel_Frequently,1327,1.299882210289506,Research & Development,3,4,Medical,Male,73,0.3496824302323961,3,3,Research Director,Divorced,13675,1.5233930636843018,13523,-0.11100409538931343,8.5,2.324572372258293,No,12,3,1,9.0,-0.29297722673859755,3,3,2.25,2,-0.8174557584840876,0.2222222222222222,2.0,-0.6152821934957711,2.0,-0.058265062621700905,2.0,-0.5950247357715714
33,Travel_Rarely,832,0.07314407542205738,Research & Development,5,4,Life Sciences,Female,63,-0.14221534226014118,2,1,Research Scientist,Married,2911,-0.7629490791831054,14776,0.0650337894581278,1.0,-0.6778187248056703,No,13,3,1,2.0,-1.192629767111413,2,2,3.0,2,-0.8174557584840876,1.0,2.0,-0.6152821934957711,0.0,-0.6789146428573514,2.0,-0.5950247357715714
37,Travel_Rarely,1017,0.5316219642109018,Research & Development,1,2,Medical,Female,83,0.8415802027249334,2,1,Research Scientist,Married,3920,-0.5486310540852595,18697,0.615907330149921,2.0,-0.27749991186380857,No,14,3,1,17.0,0.7351971051160486,2,2,1.75,3,-0.6542310960221126,0.17647058823529413,1.0,-0.8912861069254512,0.0,-0.6789146428573514,2.0,-0.5950247357715714
45,Travel_Frequently,1199,0.9826650764247921,Research & Development,7,4,Life Sciences,Male,77,0.5464415392294111,4,2,Manufacturing Director,Married,6434,-0.014641445466840479,5118,-1.291848805798526,4.0,0.5231377140199149,No,17,3,1,9.0,-0.29297722673859755,1,3,2.75,3,-0.6542310960221126,0.3333333333333333,2.0,-0.6152821934957711,0.0,-0.6789146428573514,2.0,-0.5950247357715714
29,Travel_Rarely,665,-0.3407251539170617,Research & Development,15,3,Life Sciences,Male,60,-0.28978467400790237,3,1,Research Scientist,Single,2340,-0.8842331151899142,22673,1.1745079926825837,1.0,-0.6778187248056703,No,19,3,0,6.0,-0.6785426011840899,1,3,2.75,6,-0.1645571086361877,1.0,5.0,0.21272954679326922,1.0,-0.3685898527395261,5.0,0.2457503633577746
42,Travel_Rarely,916,0.28131781952077595,Research & Development,17,2,Life Sciences,Female,82,0.7923904254756797,4,2,Research Scientist,Single,6545,0.008935661357600455,23016,1.2226971343447324,3.0,0.12281890107805317,Yes,13,3,0,10.0,-0.16445543525676679,1,3,2.75,3,-0.6542310960221126,0.3,2.0,-0.6152821934957711,0.0,-0.6789146428573514,2.0,-0.5950247357715714
25,Travel_Rarely,685,-0.2911599767507001,Research & Development,1,3,Life Sciences,Female,62,-0.19140511950939493,3,2,Manufacturing Director,Married,4898,-0.3408976263888339,7505,-0.9564917179047973,0.0,-1.078137537747532,No,12,3,2,5.0,-0.8070643926659207,3,3,2.75,4,-0.4910064335601377,0.8,2.0,-0.6152821934957711,1.0,-0.3685898527395261,2.0,-0.5950247357715714
42,Travel_Rarely,269,-1.3221156618110206,Research & Development,2,3,Medical,Female,56,-0.4865437830049173,2,1,Laboratory Technician,Divorced,2593,-0.8304943041396119,8007,-0.8859641694663172,0.0,-1.078137537747532,Yes,11,3,1,10.0,-0.16445543525676679,4,3,2.75,9,0.32511687874973727,0.9,6.0,0.48873346022294933,7.0,1.493358887967425,8.0,1.0865254624871206
40,Travel_Rarely,1416,1.520447248679815,Research & Development,2,2,Medical,Male,49,-0.8308722237496934,3,5,Research Director,Divorced,16581,2.140645968475521,5949,-1.1750990194392095,0.0,-1.078137537747532,No,19,3,1,22.0,1.3778060625252024,5,3,2.75,18,1.794138840907512,0.9545454545454546,7.0,0.7647373736526294,3.0,0.2520597274961243,9.0,1.3667838288635692
51,Travel_Rarely,833,0.07562233428037546,Research & Development,1,3,Life Sciences,Male,96,1.481047306965232,3,1,Research Scientist,Married,2723,-0.8028814763272035,23231,1.2529031560863126,1.0,-0.6778187248056703,No,11,3,0,1.0,-1.3211515585932438,0,2,2.75,1,-0.9806804209460626,1.0,0.0,-1.1672900203551313,0.0,-0.6789146428573514,0.0,-1.1555414685244687
32,Travel_Frequently,1311,1.260230068556417,Research & Development,7,3,Life Sciences,Male,100,1.6778064159622468,4,1,Laboratory Technician,Married,2794,-0.7878006242142729,26062,1.6506391912045137,1.0,-0.6778187248056703,No,20,4,0,5.0,-0.8070643926659207,3,1,2.0,5,-0.32778177109816264,1.0,1.0,-0.8912861069254512,0.0,-0.6789146428573514,3.0,-0.31476636939512276
38,Non-Travel,1327,1.299882210289506,Sales,2,2,Life Sciences,Male,39,-1.3227699962422308,2,2,Sales Executive,Married,5249,-0.2663429912953315,19682,0.7542930576636718,3.0,0.12281890107805317,No,18,3,1,13.0,0.22110993918872554,0,3,3.75,8,0.1618922162877623,0.6153846153846154,7.0,0.7647373736526294,7.0,1.493358887967425,5.0,0.2457503633577746
32,Travel_Rarely,128,-1.6715501608338696,Research & Development,2,1,Technical Degree,Male,84,0.8907699799741872,2,2,Laboratory Technician,Single,2176,-0.9190677595071062,19737,0.7620201795045412,4.0,0.5231377140199149,No,13,3,0,9.0,-0.29297722673859755,5,3,3.0,6,-0.1645571086361877,0.6666666666666666,2.0,-0.6152821934957711,0.0,-0.6789146428573514,4.0,-0.03450800301867408
46,Travel_Rarely,488,-0.7793769718393615,Sales,2,3,Technical Degree,Female,75,0.4480619847309036,1,4,Manager,Married,16581,2.140645968475521,14977,0.0932729074583957,3.0,0.12281890107805317,Yes,12,3,1,28.0,2.1489368114161875,2,2,2.25,7,-0.0013324461742127045,0.25,7.0,0.7647373736526294,7.0,1.493358887967425,7.0,0.8062670961106719
28,Travel_Rarely,529,-0.6777683586483203,Research & Development,2,4,Life Sciences,Male,79,0.6448210937279185,3,1,Laboratory Technician,Single,3485,-0.6410278240729333,14935,0.08737219623445912,2.0,-0.27749991186380857,No,11,3,0,5.0,-0.8070643926659207,5,1,2.0,0,-1.1439050834080375,0.0,0.0,-1.1672900203551313,0.0,-0.6789146428573514,0.0,-1.1555414685244687
31,Travel_Rarely,1463,1.6369254150207648,Research & Development,23,3,Medical,Male,64,-0.09302556501088746,2,2,Healthcare Representative,Married,5582,-0.19561167082200873,14408,0.01333231968649302,0.0,-1.078137537747532,No,21,4,1,10.0,-0.16445543525676679,2,3,2.75,9,0.32511687874973727,0.9,0.0,-1.1672900203551313,7.0,1.493358887967425,8.0,1.0865254624871206
25,Non-Travel,675,-0.3159425653338809,Research & Development,5,2,Life Sciences,Male,85,0.9399597572234408,4,2,Healthcare Representative,Divorced,4000,-0.5316385446622389,18384,0.5719329822191557,1.0,-0.6778187248056703,No,12,3,2,6.0,-0.6785426011840899,2,3,2.5,6,-0.1645571086361877,1.0,3.0,-0.339278280066091,1.0,-0.3685898527395261,5.0,0.2457503633577746
45,Travel_Rarely,1385,1.4436212240719546,Research & Development,20,2,Medical,Male,79,0.6448210937279185,3,4,Healthcare Representative,Married,13496,1.4853723238502934,7501,-0.957053690402315,0.0,-1.078137537747532,Yes,14,3,0,21.0,1.2492842710433718,2,3,3.0,18,1.794138840907512,0.9523809523809523,7.0,0.7647373736526294,4.0,0.5623845176139496,10.0,1.6470421952400178
36,Travel_Rarely,1403,1.48822988352168,Research & Development,6,3,Life Sciences,Male,47,-0.9292517782482008,3,1,Laboratory Technician,Married,3210,-0.6994395752145663,20251,0.8342336454355744,0.0,-1.078137537747532,No,11,3,1,16.0,0.6066753136342179,4,3,3.5,15,1.3044648535215873,0.9375,13.0,2.42076085423071,7.5,1.6485212830263376,11.0,1.9273005616164665
55,Travel_Rarely,452,-0.8685942907388123,Research & Development,1,3,Medical,Male,81,0.743200648226426,3,5,Manager,Single,16581,2.140645968475521,18938,0.6497661731253667,0.0,-1.078137537747532,Yes,14,3,0,28.5,2.2131977071571027,2,3,2.75,18,1.794138840907512,0.972972972972973,10.0,1.5927491139416698,4.0,0.5623845176139496,13.0,2.4878172943693637
47,Non-Travel,666,-0.3382468950587436,Research & Development,29,4,Life Sciences,Male,88,1.0875290889712022,3,3,Manager,Married,11849,1.135539036103859,10268,-0.5683092152443981,1.0,-0.6778187248056703,Yes,12,3,1,10.0,-0.16445543525676679,2,2,2.25,10,0.48834154121171225,1.0,7.0,0.7647373736526294,7.5,1.6485212830263376,9.0,1.3667838288635692
28,Travel_Rarely,1158,0.8810564632337509,Research & Development,9,3,Medical,Male,94,1.3826677524667244,3,1,Research Scientist,Married,2070,-0.9415828344926084,2613,-1.643784082369029,1.0,-0.6778187248056703,No,23,4,1,5.0,-0.8070643926659207,3,2,3.5,5,-0.32778177109816264,1.0,2.0,-0.6152821934957711,0.0,-0.6789146428573514,4.0,-0.03450800301867408
37,Non-Travel,728,-0.18459484584302277,Research & Development,1,4,Medical,Female,80,0.6940108709771722,3,3,Research Director,Divorced,13603,1.5080998052035834,11677,-0.37035440299376393,2.0,-0.27749991186380857,Yes,18,3,2,15.0,0.4781535221523871,2,3,2.25,5,-0.32778177109816264,0.3333333333333333,2.0,-0.6152821934957711,0.0,-0.6789146428573514,2.0,-0.5950247357715714
35,Travel_Rarely,1315,1.270143103989689,Research & Development,22,3,Life Sciences,Female,71,0.25130287573388865,4,3,Manager,Divorced,11996,1.1667627721686593,19100,0.6725260592748363,7.0,1.7240941528455003,No,18,3,1,10.0,-0.16445543525676679,6,2,2.0,7,-0.0013324461742127045,0.7,7.0,0.7647373736526294,6.0,1.1830340978496,2.0,-0.5950247357715714
38,Travel_Rarely,322,-1.1907679423201625,Sales,7,2,Medical,Female,44,-1.0768211099959621,4,2,Sales Executive,Divorced,5605,-0.19072632436289033,19191,0.6853109335933656,1.0,-0.6778187248056703,Yes,24,4,1,8.0,-0.42149901822042835,3,3,2.0,8,0.1618922162877623,1.0,0.0,-1.1672900203551313,7.0,1.493358887967425,7.0,0.8062670961106719
26,Travel_Frequently,1479,1.676577556753854,Research & Development,1,3,Life Sciences,Female,84,0.8907699799741872,3,2,Manufacturing Director,Divorced,6397,-0.022500481074987456,26767,1.7496868438920206,1.0,-0.6778187248056703,No,20,4,1,6.0,-0.6785426011840899,6,1,1.75,6,-0.1645571086361877,1.0,5.0,0.21272954679326922,1.0,-0.3685898527395261,4.0,-0.03450800301867408
50,Travel_Rarely,797,-0.013594984619075361,Research & Development,4,1,Life Sciences,Male,96,1.481047306965232,3,5,Research Director,Divorced,16581,2.140645968475521,15815,0.21100614568836834,3.0,0.12281890107805317,No,14,3,2,28.0,2.1489368114161875,4,2,1.5,10,0.48834154121171225,0.35714285714285715,4.0,-0.06327436663641088,1.0,-0.3685898527395261,6.0,0.5260087297342232
53,Travel_Rarely,1070,0.66296968370176,Research & Development,3,4,Medical,Male,45,-1.0276313327467084,3,4,Research Director,Married,16581,2.140645968475521,21016,0.9417108855858478,3.0,0.12281890107805317,Yes,16,3,3,21.0,1.2492842710433718,5,2,3.0,5,-0.32778177109816264,0.23809523809523808,3.0,-0.339278280066091,1.0,-0.3685898527395261,3.0,-0.31476636939512276
42,Travel_Rarely,635,-0.41507291966660403,Sales,1,1,Life Sciences,Male,99,1.628616638712993,3,2,Sales Executive,Married,4907,-0.3389859690787441,24532,1.435684710903967,1.0,-0.6778187248056703,No,25,4,0,20.0,1.120762479561541,3,3,2.75,18,1.794138840907512,1.0,14.5,2.8347667243752306,7.5,1.6485212830263376,6.0,0.5260087297342232
29,Travel_Frequently,442,-0.8933768793219932,Sales,2,2,Life Sciences,Male,44,-1.0768211099959621,3,2,Sales Executive,Single,4554,-0.41396541690782207,20260,0.8354980835549894,1.0,-0.6778187248056703,No,18,3,0,10.0,-0.16445543525676679,3,2,2.25,10,0.48834154121171225,1.0,7.0,0.7647373736526294,0.0,-0.6789146428573514,9.0,1.3667838288635692
55,Travel_Rarely,147,-1.6244632425258263,Research & Development,20,2,Technical Degree,Male,37,-1.4211495507407381,3,2,Laboratory Technician,Married,5415,-0.231083534242564,15972,0.2330635662159408,3.0,0.12281890107805317,Yes,19,3,1,12.0,0.09258814770689477,4,3,3.25,10,0.48834154121171225,0.8333333333333334,7.0,0.7647373736526294,0.0,-0.6789146428573514,8.0,1.0865254624871206
26,Travel_Frequently,496,-0.7595509009728169,Research & Development,11,2,Medical,Male,60,-0.28978467400790237,3,2,Healthcare Representative,Married,4741,-0.3742454261315116,22722,1.1813921557771765,1.0,-0.6778187248056703,Yes,13,3,1,5.0,-0.8070643926659207,3,3,2.0,5,-0.32778177109816264,1.0,3.0,-0.339278280066091,3.0,0.2520597274961243,3.0,-0.31476636939512276
26,Travel_Rarely,1449,1.6022297910043117,Research & Development,16,4,Medical,Male,45,-1.0276313327467084,3,1,Laboratory Technician,Divorced,2373,-0.8772237050529182,14180,-0.01870011267201983,2.0,-0.27749991186380857,Yes,13,3,1,5.0,-0.8070643926659207,2,3,2.5,3,-0.6542310960221126,0.6,2.0,-0.6152821934957711,0.0,-0.6789146428573514,2.0,-0.5950247357715714
49,Travel_Frequently,636,-0.41259466080828594,Research & Development,10,4,Life Sciences,Female,35,-1.5195291052392457,3,5,Research Director,Single,16581,2.140645968475521,25594,1.5848884089949347,8.5,2.324572372258293,Yes,11,3,0,22.0,1.3778060625252024,4,3,2.75,3,-0.6542310960221126,0.13636363636363635,2.0,-0.6152821934957711,1.0,-0.3685898527395261,2.0,-0.5950247357715714
31,Travel_Frequently,444,-0.888420361605357,Sales,5,3,Marketing,Female,84,0.8907699799741872,3,1,Sales Representative,Divorced,2789,-0.7888626560532116,3909,-1.4617049931732717,1.0,-0.6778187248056703,No,11,3,1,2.0,-1.192629767111413,5,2,2.75,2,-0.8174557584840876,1.0,2.0,-0.6152821934957711,2.0,-0.058265062621700905,2.0,-0.5950247357715714
37,Travel_Frequently,889,0.21440483034618785,Research & Development,9,3,Medical,Male,53,-0.6341131147526785,3,1,Research Scientist,Married,2326,-0.8872068043389427,11411,-0.4077255740786956,1.0,-0.6778187248056703,Yes,12,3,3,4.0,-0.9355861841477514,3,2,2.75,4,-0.4910064335601377,1.0,2.0,-0.6152821934957711,1.0,-0.3685898527395261,2.0,-0.5950247357715714
42,Travel_Frequently,555,-0.6133336283320503,Sales,26,3,Marketing,Female,77,0.5464415392294111,3,4,Sales Executive,Married,13525,1.4915321085161384,14864,0.07739718440351871,5.0,0.9234565269617766,No,14,3,1,23.0,1.5063278540070333,2,4,3.25,18,1.794138840907512,0.8695652173913043,4.0,-0.06327436663641088,4.0,0.5623845176139496,8.0,1.0865254624871206
36,Travel_Frequently,566,-0.5860727808905515,Research & Development,18,4,Life Sciences,Male,81,0.743200648226426,4,1,Laboratory Technician,Married,3688,-0.5979093314120189,7122,-1.0103005845421236,4.0,0.5231377140199149,No,18,3,2,4.0,-0.9355861841477514,2,3,3.5,1,-0.9806804209460626,0.25,0.0,-1.1672900203551313,0.0,-0.6789146428573514,0.0,-1.1555414685244687
51,Travel_Rarely,1302,1.237925738831554,Research & Development,2,3,Medical,Male,84,0.8907699799741872,1,2,Manufacturing Director,Divorced,5482,-0.21685230760078433,16321,0.28209566662436614,5.0,0.9234565269617766,No,18,3,1,13.0,0.22110993918872554,3,3,3.25,4,-0.4910064335601377,0.3076923076923077,1.0,-0.8912861069254512,1.0,-0.3685898527395261,2.0,-0.5950247357715714
41,Travel_Rarely,334,-1.1610288360203456,Sales,2,4,Life Sciences,Male,88,1.0875290889712022,3,4,Manager,Single,16015,2.020423964307651,15896,0.22238608876310317,1.0,-0.6778187248056703,No,19,3,0,22.0,1.3778060625252024,2,3,2.75,18,1.794138840907512,1.0,10.0,1.5927491139416698,0.0,-0.6789146428573514,4.0,-0.03450800301867408
18,Travel_Rarely,812,0.023578898255695813,Sales,10,3,Medical,Female,69,0.1529233212353812,2,1,Sales Representative,Single,1200,-1.1263763744679562,9724,-0.6447374749068148,1.0,-0.6778187248056703,No,12,3,0,0.0,-1.4496733500750745,2,3,2.75,0,-1.1439050834080375,0.0,0.0,-1.1672900203551313,0.0,-0.6789146428573514,0.0,-1.1555414685244687
28,Travel_Rarely,1476,1.6691427801788998,Research & Development,16,2,Medical,Male,68,0.10373354398612747,4,2,Healthcare Representative,Single,5661,-0.17883156776677597,4824,-1.3331537843660821,0.0,-1.078137537747532,No,19,3,0,9.0,-0.29297722673859755,2,3,2.25,8,0.1618922162877623,0.8888888888888888,3.0,-0.339278280066091,0.0,-0.6789146428573514,7.0,0.8062670961106719
31,Travel_Rarely,218,-1.4485068635852427,Sales,7,3,Technical Degree,Male,100,1.6778064159622468,4,2,Sales Executive,Married,6929,0.09049970658809882,12241,-0.29111628084375846,4.0,0.5231377140199149,No,11,3,1,10.0,-0.16445543525676679,3,2,2.5,8,0.1618922162877623,0.8,7.0,0.7647373736526294,7.0,1.493358887967425,7.0,0.8062670961106719
39,Travel_Rarely,1132,0.8166217329174809,Research & Development,1,3,Medical,Male,48,-0.8800620009989472,4,3,Healthcare Representative,Divorced,9613,0.6605983977304364,10942,-0.47361684941265403,0.0,-1.078137537747532,No,17,3,3,19.0,0.9922406880797102,5,2,2.5,18,1.794138840907512,0.9473684210526315,10.0,1.5927491139416698,3.0,0.2520597274961243,7.0,0.8062670961106719
38,Travel_Rarely,849,0.1152744760134647,Research & Development,25,2,Life Sciences,Female,81,0.743200648226426,2,3,Research Director,Married,12061,1.1805691860748635,26707,1.741257256429254,3.0,0.12281890107805317,No,17,3,1,19.0,0.9922406880797102,2,3,2.25,10,0.48834154121171225,0.5263157894736842,8.0,1.0407412870823096,0.0,-0.6789146428573514,1.0,-0.8752831021480201
58,Non-Travel,390,-1.0222463399545332,Research & Development,1,4,Life Sciences,Male,32,-1.6670984369870068,1,2,Healthcare Representative,Divorced,5660,-0.17904397413456374,17056,0.38535811304325623,2.0,-0.27749991186380857,Yes,13,3,1,12.0,0.09258814770689477,2,3,3.5,5,-0.32778177109816264,0.4166666666666667,3.0,-0.339278280066091,1.0,-0.3685898527395261,2.0,-0.5950247357715714
31,Travel_Rarely,691,-0.27629042360079165,Research & Development,5,4,Technical Degree,Male,86,0.9891495344726946,3,1,Research Scientist,Married,4821,-0.35725291670849113,10077,-0.5951434020008717,0.0,-1.078137537747532,Yes,12,3,1,6.0,-0.6785426011840899,4,3,3.25,5,-0.32778177109816264,0.8333333333333334,2.0,-0.6152821934957711,0.0,-0.6789146428573514,3.0,-0.31476636939512276
31,Travel_Rarely,106,-1.7260718557168675,Human Resources,2,3,Human Resources,Male,62,-0.19140511950939493,2,2,Human Resources,Married,6410,-0.019739198293746627,17822,0.4929758463179091,3.0,0.12281890107805317,No,12,3,0,9.0,-0.29297722673859755,1,3,2.25,2,-0.8174557584840876,0.2222222222222222,2.0,-0.6152821934957711,1.0,-0.3685898527395261,0.0,-1.1555414685244687
33,Travel_Frequently,553,-0.6182901460486865,Research & Development,5,4,Life Sciences,Female,74,0.39887220748164987,3,3,Manager,Married,11878,1.141698820769704,23364,1.2715887416287783,6.0,1.3237753399036383,No,11,3,2,12.0,0.09258814770689477,2,3,2.75,10,0.48834154121171225,0.8333333333333334,6.0,0.48873346022294933,7.5,1.6485212830263376,8.0,1.0865254624871206
39,Travel_Rarely,117,-1.6988110082753685,Research & Development,10,1,Medical,Male,99,1.628616638712993,3,4,Manager,Married,16581,2.140645968475521,5355,-1.2585519353205983,1.0,-0.6778187248056703,Yes,14,3,0,21.0,1.2492842710433718,3,3,2.75,18,1.794138840907512,1.0,9.0,1.3167452005119897,7.5,1.6485212830263376,10.0,1.6470421952400178
43,Travel_Frequently,185,-1.5302894059097392,Research & Development,10,4,Life Sciences,Female,33,-1.617908659737753,3,1,Laboratory Technician,Single,2455,-0.8598063828943222,10675,-0.5111285136219651,0.0,-1.078137537747532,No,19,3,0,9.0,-0.29297722673859755,5,3,2.75,8,0.1618922162877623,0.8888888888888888,7.0,0.7647373736526294,1.0,-0.3685898527395261,7.0,0.8062670961106719
49,Travel_Rarely,1091,0.7150131197264397,Research & Development,1,2,Technical Degree,Female,90,1.1859086434697095,2,4,Healthcare Representative,Single,13964,1.5847785039749633,17810,0.49128992882535577,7.0,1.7240941528455003,Yes,12,3,0,25.0,1.7633714369706948,2,3,3.25,7,-0.0013324461742127045,0.28,1.0,-0.8912861069254512,0.0,-0.6789146428573514,7.0,0.8062670961106719
52,Travel_Rarely,723,-0.19698614013461316,Research & Development,8,4,Medical,Male,85,0.9399597572234408,2,2,Research Scientist,Married,4941,-0.3317641525739604,17747,0.4824388619894509,2.0,-0.27749991186380857,No,15,3,0,11.0,-0.035933643774936005,3,2,2.0,8,0.1618922162877623,0.7272727272727273,2.0,-0.6152821934957711,7.0,1.493358887967425,7.0,0.8062670961106719
32,Travel_Rarely,1018,0.5341002230692199,Research & Development,2,4,Medical,Female,74,0.39887220748164987,4,2,Research Scientist,Single,5055,-0.3075498266461562,10557,-0.5277067022987393,7.0,1.7240941528455003,No,16,3,0,10.0,-0.16445543525676679,0,2,2.5,7,-0.0013324461742127045,0.7,7.0,0.7647373736526294,0.0,-0.6789146428573514,7.0,0.8062670961106719
28,Travel_Rarely,1157,0.8785782043754328,Research & Development,2,4,Medical,Male,84,0.8907699799741872,1,1,Research Scientist,Married,3464,-0.6454883577964763,24737,1.4644858014017528,5.0,0.9234565269617766,Yes,13,3,0,5.0,-0.8070643926659207,4,2,2.75,3,-0.6542310960221126,0.6,2.0,-0.6152821934957711,2.0,-0.058265062621700905,2.0,-0.5950247357715714
31,Travel_Frequently,798,-0.011116725760757283,Research & Development,7,2,Life Sciences,Female,48,-0.8800620009989472,2,3,Manufacturing Director,Married,8943,0.5182861313126397,14034,-0.03921210883141841,1.0,-0.6778187248056703,No,24,4,1,10.0,-0.16445543525676679,2,3,2.5,10,0.48834154121171225,1.0,9.0,1.3167452005119897,7.5,1.6485212830263376,9.0,1.3667838288635692
47,Travel_Rarely,1482,1.6840123333288082,Research & Development,5,5,Life Sciences,Male,42,-1.1752006644944695,3,5,Research Director,Married,16581,2.140645968475521,16375,0.28968229534085604,4.0,0.5231377140199149,No,11,3,1,21.0,1.2492842710433718,2,3,3.0,3,-0.6542310960221126,0.14285714285714285,2.0,-0.6152821934957711,1.0,-0.3685898527395261,1.0,-0.8752831021480201
43,Travel_Frequently,559,-0.603420592898778,Research & Development,10,4,Life Sciences,Female,82,0.7923904254756797,2,2,Laboratory Technician,Divorced,5257,-0.26464374035302946,6227,-1.1360419308617244,1.0,-0.6778187248056703,No,11,3,1,9.0,-0.29297722673859755,3,4,3.0,9,0.32511687874973727,1.0,7.0,0.7647373736526294,0.0,-0.6789146428573514,0.0,-1.1555414685244687
54,Travel_Frequently,928,0.3110569258205929,Research & Development,20,4,Life Sciences,Female,31,-1.7162882142362605,3,2,Research Scientist,Single,4869,-0.34705741105467885,16885,0.3613337887743716,3.0,0.12281890107805317,No,12,3,0,20.0,1.120762479561541,4,2,3.25,4,-0.4910064335601377,0.2,3.0,-0.339278280066091,0.0,-0.6789146428573514,3.0,-0.31476636939512276
43,Travel_Rarely,1001,0.49196982247781257,Research & Development,7,3,Life Sciences,Female,43,-1.1260108872452157,3,3,Healthcare Representative,Married,9985,0.7396135665474817,9262,-0.7096452983701171,8.0,2.124412965787362,No,16,3,1,10.0,-0.16445543525676679,1,2,1.75,1,-0.9806804209460626,0.1,0.0,-1.1672900203551313,0.0,-0.6789146428573514,0.0,-1.1555414685244687
45,Travel_Rarely,549,-0.6282031814819588,Research & Development,8,4,Other,Male,75,0.4480619847309036,3,2,Research Scientist,Married,3697,-0.595997674101929,9278,-0.707397408380046,8.5,2.324572372258293,No,14,3,2,12.0,0.09258814770689477,3,3,3.0,10,0.48834154121171225,0.8333333333333334,9.0,1.3167452005119897,7.5,1.6485212830263376,8.0,1.0865254624871206
40,Travel_Rarely,1124,0.7967956620509362,Sales,1,2,Medical,Male,57,-0.4373540057556636,1,2,Sales Executive,Married,7457,0.20265026878003406,13273,-0.146127376484174,2.0,-0.27749991186380857,Yes,22,4,3,6.0,-0.6785426011840899,2,2,2.75,4,-0.4910064335601377,0.6666666666666666,3.0,-0.339278280066091,0.0,-0.6789146428573514,2.0,-0.5950247357715714
29,Travel_Rarely,318,-1.2006809777534349,Research & Development,8,4,Other,Male,77,0.5464415392294111,1,1,Laboratory Technician,Married,2119,-0.9311749224710083,4759,-1.3422858374507458,1.0,-0.6778187248056703,Yes,11,3,0,7.0,-0.5500208097022591,4,2,2.25,7,-0.0013324461742127045,1.0,7.0,0.7647373736526294,0.0,-0.6789146428573514,7.0,0.8062670961106719
29,Travel_Rarely,738,-0.15981225725984197,Research & Development,9,5,Other,Male,30,-1.7654779914855143,2,1,Laboratory Technician,Single,3983,-0.5352494529146308,7621,-0.940194515476782,0.0,-1.078137537747532,No,17,3,0,4.0,-0.9355861841477514,2,3,3.0,3,-0.6542310960221126,0.75,2.0,-0.6152821934957711,2.0,-0.058265062621700905,2.0,-0.5950247357715714
27,Travel_Rarely,1130,0.8116652152008447,Sales,8,4,Marketing,Female,56,-0.4865437830049173,3,2,Sales Executive,Married,6214,-0.06137084638014683,3415,-1.5311085966167164,1.0,-0.6778187248056703,No,18,3,1,8.0,-0.42149901822042835,3,3,2.0,8,0.1618922162877623,1.0,7.0,0.7647373736526294,0.0,-0.6789146428573514,7.0,0.8062670961106719
38,Travel_Rarely,343,-1.138724506295483,Research & Development,15,2,Life Sciences,Male,92,1.284288197968217,2,3,Research Director,Divorced,11510,1.0635332774238098,15682,0.1923205601459025,0.0,-1.078137537747532,Yes,14,3,1,12.0,0.09258814770689477,3,3,3.0,11,0.6515662036736872,0.9166666666666666,10.0,1.5927491139416698,2.0,-0.058265062621700905,9.0,1.3667838288635692
31,Travel_Rarely,1232,1.0644476187492886,Research & Development,7,4,Medical,Female,39,-1.3227699962422308,3,3,Manufacturing Director,Single,7143,0.13595466929467864,25713,1.6016070907960884,1.0,-0.6778187248056703,Yes,14,3,0,11.0,-0.035933643774936005,2,2,3.0,11,0.6515662036736872,1.0,9.0,1.3167452005119897,4.0,0.5623845176139496,10.0,1.6470421952400178
29,Travel_Rarely,144,-1.6318980191007804,Sales,10,1,Marketing,Female,39,-1.3227699962422308,2,2,Sales Executive,Divorced,8268,0.3749118330559043,11866,-0.34380120248604934,1.0,-0.6778187248056703,Yes,14,3,2,7.0,-0.5500208097022591,2,3,2.5,7,-0.0013324461742127045,1.0,7.0,0.7647373736526294,1.0,-0.3685898527395261,7.0,0.8062670961106719
35,Travel_Rarely,1296,1.2230561856816458,Research & Development,5,4,Technical Degree,Male,62,-0.19140511950939493,3,3,Manufacturing Director,Single,8095,0.3381655314286225,18264,0.5550738072936225,0.0,-1.078137537747532,No,13,3,0,17.0,0.7351971051160486,5,3,3.0,16,1.4676895159835621,0.9411764705882353,6.0,0.48873346022294933,0.0,-0.6789146428573514,13.0,2.4878172943693637
23,Travel_Rarely,1309,1.2552735508397808,Research & Development,26,1,Life Sciences,Male,83,0.8415802027249334,3,1,Research Scientist,Divorced,2904,-0.7644359237576197,16092,0.24992274114147386,1.0,-0.6778187248056703,No,12,3,2,4.0,-0.9355861841477514,2,2,3.0,4,-0.4910064335601377,1.0,2.0,-0.6152821934957711,0.0,-0.6789146428573514,2.0,-0.5950247357715714
47,Travel_Frequently,1309,1.2552735508397808,Sales,4,1,Medical,Male,99,1.628616638712993,3,2,Sales Representative,Single,2976,-0.7491426652769012,25751,1.6069458295225072,3.0,0.12281890107805317,No,19,3,0,5.0,-0.8070643926659207,3,3,2.25,0,-1.1439050834080375,0.0,0.0,-1.1672900203551313,0.0,-0.6789146428573514,0.0,-1.1555414685244687
29,Non-Travel,746,-0.13998618639329735,Sales,2,3,Life Sciences,Male,61,-0.24059489675864865,3,2,Sales Executive,Married,4649,-0.3937868119679852,16928,0.3673749931226876,1.0,-0.6778187248056703,No,14,3,1,4.0,-0.9355861841477514,3,2,2.5,4,-0.4910064335601377,1.0,3.0,-0.339278280066091,0.0,-0.6789146428573514,2.0,-0.5950247357715714
42,Travel_Rarely,544,-0.6405944757735491,Human Resources,2,1,Technical Degree,Male,52,-0.6833028920019322,3,1,Human Resources,Divorced,2696,-0.8086164482574729,24017,1.3633307518485542,0.0,-1.078137537747532,Yes,11,3,1,4.0,-0.9355861841477514,5,3,3.0,3,-0.6542310960221126,0.75,2.0,-0.6152821934957711,1.0,-0.3685898527395261,0.0,-1.1555414685244687
37,Travel_Rarely,1319,1.2800561394229615,Research & Development,6,3,Medical,Male,51,-0.732492669251186,4,2,Research Scientist,Divorced,5974,-0.11234837464920831,17001,0.3776309912023869,4.0,0.5231377140199149,Yes,13,3,2,13.0,0.22110993918872554,2,3,2.0,7,-0.0013324461742127045,0.5384615384615384,7.0,0.7647373736526294,6.0,1.1830340978496,7.0,0.8062670961106719
30,Non-Travel,641,-0.4002033665166956,Sales,25,2,Technical Degree,Female,85,0.9399597572234408,3,2,Sales Executive,Married,4736,-0.3753074579704504,6069,-1.1582398445136763,7.0,1.7240941528455003,Yes,12,3,1,4.0,-0.9355861841477514,2,4,3.25,2,-0.8174557584840876,0.5,2.0,-0.6152821934957711,2.0,-0.058265062621700905,2.0,-0.5950247357715714
42,Travel_Rarely,1332,1.3122735045810965,Research & Development,2,4,Other,Male,98,1.5794268614637395,2,2,Healthcare Representative,Single,6781,0.05906356415551091,17078,0.388448961779604,3.0,0.12281890107805317,No,23,4,0,14.0,0.3496317306705563,6,3,2.5,1,-0.9806804209460626,0.07142857142857142,0.0,-1.1672900203551313,0.0,-0.6789146428573514,0.0,-1.1555414685244687
21,Travel_Frequently,756,-0.11520359781011656,Sales,1,1,Technical Degree,Female,99,1.628616638712993,2,1,Sales Representative,Single,2174,-0.9194925722426817,9150,-0.7253805283006146,1.0,-0.6778187248056703,Yes,11,3,0,3.0,-1.0641079756295821,3,3,2.25,3,-0.6542310960221126,1.0,2.0,-0.6152821934957711,1.0,-0.3685898527395261,2.0,-0.5950247357715714
36,Non-Travel,845,0.1053614405801924,Sales,1,5,Medical,Female,45,-1.0276313327467084,3,2,Sales Executive,Single,6653,0.031875549078678116,15276,0.13528035164784893,4.0,0.5231377140199149,No,15,3,0,7.0,-0.5500208097022591,6,3,3.25,1,-0.9806804209460626,0.14285714285714285,0.0,-1.1672900203551313,0.0,-0.6789146428573514,0.0,-1.1555414685244687
36,Travel_Frequently,541,-0.6480292523485034,Sales,3,4,Medical,Male,48,-0.8800620009989472,2,3,Sales Executive,Married,9699,0.6788653453601834,7246,-0.9928794371190728,4.0,0.5231377140199149,No,11,3,1,16.0,0.6066753136342179,2,3,2.25,13,0.9780155285976372,0.8125,9.0,1.3167452005119897,1.0,-0.3685898527395261,12.0,2.207558927992915
57,Travel_Rarely,593,-0.5191597917159633,Research & Development,1,4,Medical,Male,88,1.0875290889712022,3,2,Healthcare Representative,Married,6755,0.05354099859302924,2967,-1.5940495163387065,2.0,-0.27749991186380857,No,11,3,0,15.0,0.4781535221523871,2,3,3.25,3,-0.6542310960221126,0.2,2.0,-0.6152821934957711,1.0,-0.3685898527395261,2.0,-0.5950247357715714
40,Travel_Rarely,1171,0.9132738283918859,Research & Development,10,4,Life Sciences,Female,46,-0.9784415554974546,4,1,Laboratory Technician,Married,2213,-0.9112087238989592,22495,1.149500216543043,3.0,0.12281890107805317,Yes,13,3,1,10.0,-0.16445543525676679,3,3,3.25,7,-0.0013324461742127045,0.7,7.0,0.7647373736526294,1.0,-0.3685898527395261,7.0,0.8062670961106719
21,Non-Travel,895,0.2292743834960963,Sales,9,2,Medical,Male,39,-1.3227699962422308,3,1,Sales Representative,Single,2610,-0.82688339588722,2851,-1.6103467187667218,1.0,-0.6778187248056703,No,24,4,0,3.0,-1.0641079756295821,3,2,2.5,3,-0.6542310960221126,1.0,2.0,-0.6152821934957711,2.0,-0.058265062621700905,2.0,-0.5950247357715714
33,Travel_Rarely,350,-1.1213766942872563,Sales,5,3,Marketing,Female,34,-1.5687188824884994,3,1,Sales Representative,Single,2851,-0.7756934612503708,9150,-0.7253805283006146,1.0,-0.6778187248056703,Yes,13,3,0,1.0,-1.3211515585932438,2,3,3.0,1,-0.9806804209460626,1.0,0.0,-1.1672900203551313,0.0,-0.6789146428573514,0.0,-1.1555414685244687
37,Travel_Rarely,921,0.29370911381236636,Research & Development,10,3,Medical,Female,98,1.5794268614637395,3,1,Laboratory Technician,Married,3452,-0.6480372342099293,17663,0.4706374395415777,6.0,1.3237753399036383,No,20,4,1,17.0,0.7351971051160486,3,3,2.25,5,-0.32778177109816264,0.29411764705882354,4.0,-0.06327436663641088,0.0,-0.6789146428573514,3.0,-0.31476636939512276
46,Non-Travel,1144,0.8463608392172978,Research & Development,7,4,Medical,Female,30,-1.7654779914855143,3,2,Manufacturing Director,Married,5258,-0.2644313339852417,16044,0.24317907117126064,2.0,-0.27749991186380857,No,14,3,0,7.0,-0.5500208097022591,2,4,3.25,1,-0.9806804209460626,0.14285714285714285,0.0,-1.1672900203551313,0.0,-0.6789146428573514,0.0,-1.1555414685244687
41,Travel_Frequently,143,-1.6343762779590985,Sales,4,3,Marketing,Male,56,-0.4865437830049173,3,2,Sales Executive,Single,9355,0.6057975548411952,9558,-0.6680593335538022,1.0,-0.6778187248056703,No,18,3,0,8.0,-0.42149901822042835,5,3,2.25,8,0.1618922162877623,1.0,7.0,0.7647373736526294,7.0,1.493358887967425,7.0,0.8062670961106719
50,Travel_Rarely,1046,0.6034914711021261,Research & Development,10,3,Technical Degree,Male,100,1.6778064159622468,2,3,Healthcare Representative,Single,10496,0.848153220487025,2755,-1.6238340587071483,6.0,1.3237753399036383,No,15,3,0,20.0,1.120762479561541,2,3,3.75,4,-0.4910064335601377,0.2,3.0,-0.339278280066091,1.0,-0.3685898527395261,3.0,-0.31476636939512276
40,Travel_Rarely,575,-0.5637684511656887,Sales,22,2,Marketing,Male,68,0.10373354398612747,2,2,Sales Executive,Married,6380,-0.02611138932737931,6110,-1.1524796264141193,2.0,-0.27749991186380857,Yes,12,3,2,8.0,-0.42149901822042835,6,3,2.5,6,-0.1645571086361877,0.75,4.0,-0.06327436663641088,1.0,-0.3685898527395261,0.0,-1.1555414685244687
31,Travel_Rarely,408,-0.9776376805048078,Research & Development,9,4,Life Sciences,Male,42,-1.1752006644944695,2,1,Research Scientist,Single,2657,-0.8169002966011955,7551,-0.950029034183343,0.0,-1.078137537747532,Yes,16,3,0,3.0,-1.0641079756295821,5,3,3.0,2,-0.8174557584840876,0.6666666666666666,2.0,-0.6152821934957711,2.0,-0.058265062621700905,2.0,-0.5950247357715714
21,Travel_Rarely,156,-1.6021589128009635,Sales,12,3,Life Sciences,Female,90,1.1859086434697095,4,1,Sales Representative,Single,2716,-0.8043683209017178,25422,1.5607235916016706,1.0,-0.6778187248056703,No,15,3,0,1.0,-1.3211515585932438,0,3,3.0,1,-0.9806804209460626,1.0,0.0,-1.1672900203551313,0.0,-0.6789146428573514,0.0,-1.1555414685244687
29,Travel_Rarely,1283,1.1908388205235108,Research & Development,23,3,Life Sciences,Male,54,-0.5849233375034247,3,1,Research Scientist,Single,2201,-0.9137576003124123,18168,0.5415864673531962,8.5,2.324572372258293,No,16,3,0,6.0,-0.6785426011840899,4,3,3.75,3,-0.6542310960221126,0.5,2.0,-0.6152821934957711,1.0,-0.3685898527395261,2.0,-0.5950247357715714
35,Travel_Rarely,755,-0.11768185666843464,Research & Development,9,4,Life Sciences,Male,97,1.5302370842144857,2,2,Healthcare Representative,Single,6540,0.007873629518661674,19394,0.7138310378423924,8.5,2.324572372258293,No,19,3,0,10.0,-0.16445543525676679,5,3,2.75,1,-0.9806804209460626,0.1,1.0,-0.8912861069254512,0.0,-0.6789146428573514,0.0,-1.1555414685244687
27,Travel_Rarely,1469,1.6517949681706732,Research & Development,1,2,Medical,Male,82,0.7923904254756797,3,1,Laboratory Technician,Divorced,3816,-0.5707213163351861,17881,0.5012649406562961,1.0,-0.6778187248056703,No,11,3,1,5.0,-0.8070643926659207,2,3,2.75,5,-0.32778177109816264,1.0,2.0,-0.6152821934957711,0.0,-0.6789146428573514,4.0,-0.03450800301867408
28,Travel_Rarely,304,-1.235376601769888,Sales,9,4,Life Sciences,Male,92,1.284288197968217,3,2,Sales Executive,Single,5253,-0.2654933658241805,20750,0.9043397145009162,1.0,-0.6778187248056703,No,16,3,0,7.0,-0.5500208097022591,1,3,3.25,7,-0.0013324461742127045,1.0,5.0,0.21272954679326922,0.0,-0.6789146428573514,7.0,0.8062670961106719
49,Travel_Rarely,1261,1.136317125640513,Research & Development,7,3,Other,Male,31,-1.7162882142362605,2,3,Healthcare Representative,Single,10965,0.9477718069794826,12066,-0.31570257761016085,8.0,2.124412965787362,No,24,4,0,26.0,1.8918932284525256,2,3,2.75,5,-0.32778177109816264,0.19230769230769232,2.0,-0.6152821934957711,0.0,-0.6789146428573514,0.0,-1.1555414685244687
51,Travel_Rarely,1178,0.9306216404001124,Sales,14,2,Life Sciences,Female,87,1.0383393117219484,3,2,Sales Executive,Married,4936,-0.3328261844128992,14862,0.07711619815475983,4.0,0.5231377140199149,No,11,3,1,18.0,0.8637188965978794,2,2,3.0,7,-0.0013324461742127045,0.3888888888888889,7.0,0.7647373736526294,0.0,-0.6789146428573514,7.0,0.8062670961106719
36,Travel_Rarely,329,-1.173420130311936,Research & Development,2,3,Life Sciences,Female,96,1.481047306965232,3,1,Research Scientist,Married,2543,-0.8411146225289997,11868,-0.34352021623729045,4.0,0.5231377140199149,No,13,3,1,6.0,-0.6785426011840899,3,3,3.0,2,-0.8174557584840876,0.3333333333333333,2.0,-0.6152821934957711,2.0,-0.058265062621700905,2.0,-0.5950247357715714
55,Travel_Rarely,1311,1.260230068556417,Research & Development,2,3,Life Sciences,Female,97,1.5302370842144857,3,4,Manager,Single,16581,2.140645968475521,23258,1.2566964704445576,2.0,-0.27749991186380857,Yes,13,3,0,28.5,2.2131977071571027,2,3,3.25,5,-0.32778177109816264,0.16666666666666666,4.0,-0.06327436663641088,1.0,-0.3685898527395261,2.0,-0.5950247357715714
30,Travel_Rarely,202,-1.488159005318332,Sales,2,1,Technical Degree,Male,72,0.30049265298314237,3,1,Sales Representative,Married,2476,-0.8553458491707794,17434,0.4384645140586855,1.0,-0.6778187248056703,No,18,3,1,1.0,-1.3211515585932438,3,3,2.25,1,-0.9806804209460626,1.0,0.0,-1.1672900203551313,0.0,-0.6789146428573514,0.0,-1.1555414685244687
26,Travel_Frequently,575,-0.5637684511656887,Research & Development,3,1,Technical Degree,Male,73,0.3496824302323961,3,1,Research Scientist,Single,3102,-0.7223794629356439,6582,-1.0861668717070225,0.0,-1.078137537747532,No,22,4,0,7.0,-0.5500208097022591,2,3,2.5,6,-0.1645571086361877,0.8571428571428571,4.0,-0.06327436663641088,0.0,-0.6789146428573514,4.0,-0.03450800301867408
36,Travel_Rarely,164,-1.582332841934419,Sales,2,2,Medical,Male,61,-0.24059489675864865,2,3,Sales Executive,Married,7596,0.23217475390253217,3809,-1.4757543056112161,1.0,-0.6778187248056703,No,13,3,2,10.0,-0.16445543525676679,2,3,2.5,10,0.48834154121171225,1.0,9.0,1.3167452005119897,7.5,1.6485212830263376,0.0,-1.1555414685244687
40,Travel_Rarely,759,-0.10776882123516233,Sales,2,2,Marketing,Female,46,-0.9784415554974546,3,2,Sales Executive,Divorced,5715,-0.16736162390623716,22553,1.1576488177570508,7.0,1.7240941528455003,No,12,3,2,8.0,-0.42149901822042835,5,3,3.0,5,-0.32778177109816264,0.625,4.0,-0.06327436663641088,1.0,-0.3685898527395261,3.0,-0.31476636939512276
42,Travel_Rarely,201,-1.4906372641766499,Research & Development,1,4,Life Sciences,Female,95,1.4318575297159781,3,1,Laboratory Technician,Divorced,2576,-0.8341052123920037,20490,0.8678115021622612,3.0,0.12281890107805317,No,16,3,1,8.0,-0.42149901822042835,5,3,2.0,5,-0.32778177109816264,0.625,2.0,-0.6152821934957711,1.0,-0.3685898527395261,2.0,-0.5950247357715714
37,Travel_Rarely,1305,1.2453605154065084,Research & Development,10,4,Life Sciences,Male,49,-0.8308722237496934,3,2,Manufacturing Director,Single,4197,-0.489794490208051,21123,0.9567436498944482,2.0,-0.27749991186380857,Yes,12,3,0,18.0,0.8637188965978794,2,2,2.75,1,-0.9806804209460626,0.05555555555555555,0.0,-1.1672900203551313,0.0,-0.6789146428573514,1.0,-0.8752831021480201
54,Travel_Rarely,821,0.045883227980558515,Research & Development,5,2,Medical,Male,86,0.9891495344726946,3,5,Research Director,Married,16581,2.140645968475521,8509,-0.8154366210278372,4.0,0.5231377140199149,No,11,3,1,24.0,1.6348496454888641,4,2,1.75,4,-0.4910064335601377,0.16666666666666666,2.0,-0.6152821934957711,1.0,-0.3685898527395261,2.0,-0.5950247357715714
34,Non-Travel,1381,1.4337081886386822,Sales,4,4,Marketing,Female,72,0.30049265298314237,3,2,Sales Executive,Married,6538,0.0074488167830861615,12740,-0.22101021177841676,8.5,2.324572372258293,No,15,3,1,6.0,-0.6785426011840899,3,3,2.5,3,-0.6542310960221126,0.5,2.0,-0.6152821934957711,1.0,-0.3685898527395261,2.0,-0.5950247357715714
31,Travel_Rarely,480,-0.7992030427059061,Research & Development,7,2,Medical,Female,31,-1.7162882142362605,3,2,Manufacturing Director,Married,4306,-0.46664219611918556,4156,-1.4270031914515495,1.0,-0.6778187248056703,No,12,3,1,13.0,0.22110993918872554,5,1,1.5,13,0.9780155285976372,1.0,10.0,1.5927491139416698,3.0,0.2520597274961243,12.0,2.207558927992915
43,Travel_Rarely,1473,1.6617080036039455,Research & Development,8,4,Other,Female,74,0.39887220748164987,3,2,Healthcare Representative,Divorced,4522,-0.42076242067703024,2227,-1.6980144283794938,4.0,0.5231377140199149,Yes,14,3,0,8.0,-0.42149901822042835,3,3,3.25,5,-0.32778177109816264,0.625,2.0,-0.6152821934957711,0.0,-0.6789146428573514,2.0,-0.5950247357715714
25,Travel_Rarely,891,0.21936134806282398,Sales,4,2,Life Sciences,Female,99,1.628616638712993,2,2,Sales Executive,Single,4487,-0.4281966435496017,12090,-0.3123307426250543,1.0,-0.6778187248056703,Yes,11,3,0,5.0,-0.8070643926659207,3,3,2.75,5,-0.32778177109816264,1.0,4.0,-0.06327436663641088,1.0,-0.3685898527395261,3.0,-0.31476636939512276
31,Travel_Rarely,329,-1.173420130311936,Research & Development,1,2,Life Sciences,Male,98,1.5794268614637395,2,1,Laboratory Technician,Married,2218,-0.9101466920600204,16193,0.2641125467037975,1.0,-0.6778187248056703,No,12,3,1,4.0,-0.9355861841477514,3,3,2.75,4,-0.4910064335601377,1.0,2.0,-0.6152821934957711,3.0,0.2520597274961243,2.0,-0.5950247357715714
56,Travel_Frequently,906,0.25653523093759517,Sales,6,3,Life Sciences,Female,86,0.9891495344726946,4,4,Sales Executive,Married,13212,1.4250489153985708,18256,0.553949862298587,8.5,2.324572372258293,No,11,3,3,28.5,2.2131977071571027,0,2,2.5,7,-0.0013324461742127045,0.19444444444444445,7.0,0.7647373736526294,7.0,1.493358887967425,7.0,0.8062670961106719
30,Travel_Rarely,1082,0.6927087900015769,Sales,12,3,Technical Degree,Female,83,0.8415802027249334,3,2,Sales Executive,Single,6577,0.01573266512680865,19558,0.7368719102406209,0.0,-1.078137537747532,No,11,3,0,6.0,-0.6785426011840899,6,3,2.5,5,-0.32778177109816264,0.8333333333333334,4.0,-0.06327436663641088,4.0,0.5623845176139496,4.0,-0.03450800301867408
41,Travel_Rarely,645,-0.39029033108342326,Sales,1,3,Marketing,Male,49,-0.8308722237496934,4,3,Sales Executive,Married,8392,0.40125022266158605,19566,0.7379958552356565,1.0,-0.6778187248056703,No,16,3,1,10.0,-0.16445543525676679,2,3,2.25,10,0.48834154121171225,1.0,7.0,0.7647373736526294,0.0,-0.6789146428573514,7.0,0.8062670961106719
28,Travel_Rarely,1300,1.232969221114918,Research & Development,17,2,Medical,Male,79,0.6448210937279185,3,2,Laboratory Technician,Divorced,4558,-0.41311579143667104,13535,-0.10931817789676013,1.0,-0.6778187248056703,No,12,3,1,10.0,-0.16445543525676679,2,3,2.75,10,0.48834154121171225,1.0,0.0,-1.1672900203551313,1.0,-0.3685898527395261,8.0,1.0865254624871206
25,Travel_Rarely,688,-0.2837252001757459,Research & Development,3,3,Medical,Male,91,1.2350984207189633,3,1,Laboratory Technician,Married,4031,-0.5250539472608186,9396,-0.6908192197032719,5.0,0.9234565269617766,No,13,3,1,6.0,-0.6785426011840899,5,3,2.0,2,-0.8174557584840876,0.3333333333333333,2.0,-0.6152821934957711,0.0,-0.6789146428573514,2.0,-0.5950247357715714
52,Travel_Rarely,319,-1.1982027188951168,Research & Development,3,3,Medical,Male,39,-1.3227699962422308,2,3,Manufacturing Director,Married,7969,0.3114023290873652,19609,0.7440370595839725,2.0,-0.27749991186380857,Yes,14,3,0,28.0,2.1489368114161875,4,3,3.25,5,-0.32778177109816264,0.17857142857142858,4.0,-0.06327436663641088,0.0,-0.6789146428573514,4.0,-0.03450800301867408
52,Travel_Rarely,1490,1.703838404195353,Research & Development,4,2,Life Sciences,Female,30,-1.7654779914855143,3,4,Manager,Married,16555,2.1351234029130395,10310,-0.5624085040204616,2.0,-0.27749991186380857,No,13,3,0,28.5,2.2131977071571027,2,1,3.25,5,-0.32778177109816264,0.16129032258064516,2.0,-0.6152821934957711,1.0,-0.3685898527395261,4.0,-0.03450800301867408
60,Travel_Rarely,422,-0.9429420564883547,Research & Development,7,3,Life Sciences,Female,41,-1.2243904417437232,3,5,Manager,Married,16581,2.140645968475521,3854,-1.4694321150141412,5.0,0.9234565269617766,No,11,3,0,28.5,2.2131977071571027,5,1,1.75,18,1.794138840907512,0.8787878787878788,8.0,1.0407412870823096,7.5,1.6485212830263376,10.0,1.6470421952400178
42,Travel_Frequently,1368,1.4014908234805472,Research & Development,28,4,Technical Degree,Female,88,1.0875290889712022,2,2,Healthcare Representative,Married,4523,-0.4205500143092425,4386,-1.3946897728442778,0.0,-1.078137537747532,No,11,3,3,7.0,-0.5500208097022591,4,4,4.0,6,-0.1645571086361877,0.8571428571428571,5.0,0.21272954679326922,0.0,-0.6789146428573514,4.0,-0.03450800301867408
24,Travel_Rarely,1448,1.5997515321459936,Sales,1,1,Technical Degree,Female,62,-0.19140511950939493,3,1,Sales Representative,Single,3202,-0.7011388261568684,21972,1.0760223124925947,1.0,-0.6778187248056703,Yes,16,3,0,6.0,-0.6785426011840899,4,3,2.0,5,-0.32778177109816264,0.8333333333333334,3.0,-0.339278280066091,1.0,-0.3685898527395261,4.0,-0.03450800301867408
38,Travel_Frequently,1490,1.703838404195353,Research & Development,2,2,Life Sciences,Male,42,-1.1752006644944695,3,1,Laboratory Technician,Married,1702,-1.0197483778385026,12106,-0.3100828526349832,1.0,-0.6778187248056703,Yes,23,4,1,1.0,-1.3211515585932438,3,3,3.5,1,-0.9806804209460626,1.0,0.0,-1.1672900203551313,0.0,-0.6789146428573514,0.0,-1.1555414685244687
40,Travel_Rarely,1398,1.4758385892300896,Sales,2,4,Life Sciences,Female,79,0.6448210937279185,3,5,Manager,Married,16581,2.140645968475521,13022,-0.18139115070341402,0.0,-1.078137537747532,No,14,3,0,21.0,1.2492842710433718,2,3,3.25,18,1.794138840907512,0.9523809523809523,14.5,2.8347667243752306,1.0,-0.3685898527395261,12.0,2.207558927992915
26,Travel_Rarely,1349,1.3544039051725039,Research & Development,23,3,Life Sciences,Female,90,1.1859086434697095,3,1,Research Scientist,Divorced,2886,-0.7682592383777993,3032,-1.5849174632540428,1.0,-0.6778187248056703,No,22,4,2,3.0,-1.0641079756295821,3,1,2.0,3,-0.6542310960221126,1.0,2.0,-0.6152821934957711,0.0,-0.6789146428573514,2.0,-0.5950247357715714
29,Travel_Rarely,986,0.45479593960304143,Research & Development,3,4,Medical,Male,93,1.3334779752174708,2,3,Research Director,Married,11935,1.153805983733606,21526,1.0133623790193633,1.0,-0.6778187248056703,No,18,3,0,10.0,-0.16445543525676679,2,3,2.75,10,0.48834154121171225,1.0,2.0,-0.6152821934957711,0.0,-0.6789146428573514,7.0,0.8062670961106719
30,Non-Travel,1398,1.4758385892300896,Sales,22,4,Other,Female,69,0.1529233212353812,3,3,Sales Executive,Married,8412,0.4054983500173412,2890,-1.6048674869159236,0.0,-1.078137537747532,No,11,3,0,10.0,-0.16445543525676679,3,3,2.5,9,0.32511687874973727,0.9,8.0,1.0407412870823096,7.0,1.493358887967425,8.0,1.0865254624871206
57,Travel_Rarely,210,-1.4683329344517873,Sales,29,3,Marketing,Male,56,-0.4865437830049173,2,4,Manager,Divorced,14118,1.6174890846142778,22102,1.0942864186619221,3.0,0.12281890107805317,No,12,3,1,28.5,2.2131977071571027,3,2,2.5,1,-0.9806804209460626,0.03125,0.0,-1.1672900203551313,0.0,-0.6789146428573514,0.0,-1.1555414685244687
50,Travel_Rarely,1099,0.7348391905929843,Research & Development,29,4,Life Sciences,Male,88,1.0875290889712022,2,4,Manager,Married,16581,2.140645968475521,9314,-0.7023396559023861,0.0,-1.078137537747532,No,15,3,1,28.0,2.1489368114161875,2,3,2.5,18,1.794138840907512,0.9642857142857143,10.0,1.5927491139416698,7.5,1.6485212830263376,7.0,0.8062670961106719
60,Travel_Frequently,1499,1.7261427339202156,Sales,28,3,Marketing,Female,80,0.6940108709771722,2,3,Sales Executive,Married,10266,0.7992997558958411,2845,-1.6111896775129984,4.0,0.5231377140199149,No,19,3,0,22.0,1.3778060625252024,5,4,3.0,18,1.794138840907512,0.8181818181818182,13.0,2.42076085423071,7.5,1.6485212830263376,11.0,1.9273005616164665
35,Travel_Rarely,144,-1.6318980191007804,Research & Development,22,3,Life Sciences,Male,46,-0.9784415554974546,1,1,Laboratory Technician,Single,4230,-0.48278508007105503,19225,0.6900876998222666,0.0,-1.078137537747532,No,15,3,0,6.0,-0.6785426011840899,2,3,3.25,5,-0.32778177109816264,0.8333333333333334,4.0,-0.06327436663641088,4.0,0.5623845176139496,3.0,-0.31476636939512276
54,Travel_Rarely,548,-0.6306814403402768,Research & Development,8,4,Life Sciences,Female,42,-1.1752006644944695,3,2,Laboratory Technician,Single,3780,-0.5783679455755453,23428,1.2805803015890627,7.0,1.7240941528455003,No,11,3,0,19.0,0.9922406880797102,3,3,3.0,1,-0.9806804209460626,0.05263157894736842,0.0,-1.1672900203551313,0.0,-0.6789146428573514,0.0,-1.1555414685244687
46,Travel_Rarely,1125,0.7992739209092543,Sales,10,3,Marketing,Female,94,1.3826677524667244,2,3,Sales Executive,Married,9071,0.5454741463894724,11563,-0.38637061917302035,2.0,-0.27749991186380857,Yes,19,3,1,15.0,0.4781535221523871,3,3,3.25,3,-0.6542310960221126,0.2,2.0,-0.6152821934957711,1.0,-0.3685898527395261,2.0,-0.5950247357715714
33,Travel_Rarely,1277,1.1759692673736022,Research & Development,15,1,Medical,Male,56,-0.4865437830049173,3,3,Manager,Married,13610,1.5095866497780976,24619,1.4479076127249784,7.0,1.7240941528455003,Yes,12,3,0,15.0,0.4781535221523871,2,4,3.25,7,-0.0013324461742127045,0.4666666666666667,6.0,0.48873346022294933,7.0,1.493358887967425,7.0,0.8062670961106719
30,Travel_Rarely,413,-0.9652463862132173,Sales,7,1,Marketing,Male,57,-0.4373540057556636,3,1,Sales Representative,Single,2983,-0.747655820702387,18398,0.5738998859604678,0.0,-1.078137537747532,No,14,3,0,4.0,-0.9355861841477514,3,3,2.5,3,-0.6542310960221126,0.75,2.0,-0.6152821934957711,1.0,-0.3685898527395261,2.0,-0.5950247357715714
34,Travel_Frequently,988,0.45975245731967757,Human Resources,23,3,Human Resources,Female,43,-1.1260108872452157,3,3,Human Resources,Divorced,9950,0.7321793436749101,11533,-0.39058541290440363,8.5,2.324572372258293,Yes,15,3,3,11.0,-0.035933643774936005,2,3,2.25,3,-0.6542310960221126,0.2727272727272727,2.0,-0.6152821934957711,0.0,-0.6789146428573514,2.0,-0.5950247357715714
36,Non-Travel,635,-0.41507291966660403,Sales,10,4,Medical,Male,32,-1.6670984369870068,3,3,Sales Executive,Single,9980,0.7385515347085428,15318,0.14118106287178553,1.0,-0.6778187248056703,No,14,3,0,10.0,-0.16445543525676679,3,2,3.0,10,0.48834154121171225,1.0,3.0,-0.339278280066091,7.5,1.6485212830263376,7.0,0.8062670961106719
22,Travel_Frequently,1368,1.4014908234805472,Research & Development,4,1,Technical Degree,Male,99,1.628616638712993,2,1,Laboratory Technician,Single,3894,-0.5541536196477411,9129,-0.7283308839125829,5.0,0.9234565269617766,No,16,3,0,4.0,-0.9355861841477514,3,3,3.0,2,-0.8174557584840876,0.5,2.0,-0.6152821934957711,1.0,-0.3685898527395261,2.0,-0.5950247357715714
48,Travel_Rarely,163,-1.584811100792737,Sales,2,5,Marketing,Female,37,-1.4211495507407381,3,2,Sales Executive,Married,4051,-0.5208058199050634,19658,0.7509212226785652,2.0,-0.27749991186380857,No,14,3,1,14.0,0.3496317306705563,2,3,2.5,9,0.32511687874973727,0.6428571428571429,7.0,0.7647373736526294,6.0,1.1830340978496,7.0,0.8062670961106719
41,Non-Travel,267,-1.3270721795276568,Sales,10,2,Life Sciences,Male,56,-0.4865437830049173,3,2,Sales Executive,Single,6230,-0.057972344495542734,13430,-0.12406995595660156,7.0,1.7240941528455003,No,14,3,0,16.0,0.6066753136342179,3,3,3.75,14,1.1412401910596122,0.875,3.0,-0.339278280066091,1.0,-0.3685898527395261,10.0,1.6470421952400178
35,Travel_Rarely,619,-0.45472506139969326,Sales,1,3,Marketing,Male,85,0.9399597572234408,3,2,Sales Executive,Married,4717,-0.3793431789584178,18659,0.6105685914235023,8.5,2.324572372258293,No,11,3,0,15.0,0.4781535221523871,2,3,2.75,11,0.6515662036736872,0.7333333333333333,9.0,1.3167452005119897,6.0,1.1830340978496,9.0,1.3667838288635692
39,Travel_Frequently,443,-0.8908986204636751,Research & Development,8,1,Life Sciences,Female,48,-0.8800620009989472,3,1,Laboratory Technician,Married,3755,-0.5836781047702392,17872,0.5000005025368812,1.0,-0.6778187248056703,No,11,3,1,8.0,-0.42149901822042835,3,3,2.5,8,0.1618922162877623,1.0,3.0,-0.339278280066091,0.0,-0.6789146428573514,7.0,0.8062670961106719
31,Travel_Rarely,828,0.06323103998878506,Sales,2,1,Life Sciences,Male,77,0.5464415392294111,3,2,Sales Executive,Single,6582,0.01679469696574743,8346,-0.8383370003016862,4.0,0.5231377140199149,Yes,13,3,0,10.0,-0.16445543525676679,2,4,3.25,6,-0.1645571086361877,0.6,5.0,0.21272954679326922,0.0,-0.6789146428573514,5.0,0.2457503633577746
42,Travel_Rarely,319,-1.1982027188951168,Research & Development,24,3,Medical,Male,56,-0.4865437830049173,3,3,Manufacturing Director,Married,7406,0.1918175440228585,6950,-1.0344654019353878,1.0,-0.6778187248056703,Yes,21,4,1,10.0,-0.16445543525676679,5,2,2.75,10,0.48834154121171225,1.0,9.0,1.3167452005119897,5.0,0.8727093077317748,8.0,1.0865254624871206
45,Travel_Rarely,561,-0.5984640751821418,Sales,2,3,Other,Male,61,-0.24059489675864865,3,2,Sales Executive,Married,4805,-0.36065141859309524,16177,0.2618646567137265,0.0,-1.078137537747532,No,19,3,1,9.0,-0.29297722673859755,3,4,3.0,8,0.1618922162877623,0.8888888888888888,7.0,0.7647373736526294,3.0,0.2520597274961243,7.0,0.8062670961106719
29,Travel_Rarely,232,-1.4138112395687896,Research & Development,19,3,Technical Degree,Male,34,-1.5687188824884994,3,2,Manufacturing Director,Divorced,4262,-0.47598807630184686,22645,1.1705741851999594,4.0,0.5231377140199149,No,12,3,2,8.0,-0.42149901822042835,2,4,3.5,3,-0.6542310960221126,0.375,2.0,-0.6152821934957711,1.0,-0.3685898527395261,2.0,-0.5950247357715714
33,Travel_Rarely,922,0.2961873726706844,Research & Development,1,5,Medical,Female,95,1.4318575297159781,4,4,Research Director,Divorced,16184,2.056320640463782,22578,1.1611611458665367,4.0,0.5231377140199149,No,19,3,1,10.0,-0.16445543525676679,2,3,2.5,6,-0.1645571086361877,0.6,1.0,-0.8912861069254512,0.0,-0.6789146428573514,5.0,0.2457503633577746
31,Travel_Rarely,688,-0.2837252001757459,Sales,7,3,Life Sciences,Male,44,-1.0768211099959621,2,3,Manager,Divorced,11557,1.0735163767098344,25291,1.5423189923079637,8.5,2.324572372258293,No,21,4,1,10.0,-0.16445543525676679,3,2,3.0,5,-0.32778177109816264,0.5,4.0,-0.06327436663641088,0.0,-0.6789146428573514,1.0,-0.8752831021480201
18,Travel_Frequently,1306,1.2478387742648265,Sales,5,3,Marketing,Male,69,0.1529233212353812,3,1,Sales Representative,Single,1878,-0.9823648571078575,8059,-0.8786585269985863,1.0,-0.6778187248056703,Yes,14,3,0,0.0,-1.4496733500750745,3,3,2.75,0,-1.1439050834080375,0.0,0.0,-1.1672900203551313,0.0,-0.6789146428573514,0.0,-1.1555414685244687
41,Non-Travel,509,-0.7273335358146819,Research & Development,2,4,Other,Female,62,-0.19140511950939493,2,2,Healthcare Representative,Single,6811,0.06543575518914359,2112,-1.7141711376831297,2.0,-0.27749991186380857,Yes,17,3,0,10.0,-0.16445543525676679,3,3,2.0,8,0.1618922162877623,0.8,7.0,0.7647373736526294,0.0,-0.6789146428573514,7.0,0.8062670961106719
26,Travel_Rarely,775,-0.06811667950207308,Sales,29,2,Medical,Male,45,-1.0276313327467084,3,2,Sales Executive,Divorced,4306,-0.46664219611918556,4267,-1.4114084546454315,5.0,0.9234565269617766,No,12,3,2,8.0,-0.42149901822042835,5,3,2.0,0,-1.1439050834080375,0.0,0.0,-1.1672900203551313,0.0,-0.6789146428573514,0.0,-1.1555414685244687
35,Travel_Rarely,195,-1.5055068173265584,Sales,1,3,Medical,Female,80,0.6940108709771722,3,2,Sales Executive,Single,4859,-0.3491814747325564,6698,-1.0698696692790073,1.0,-0.6778187248056703,No,16,3,0,5.0,-0.8070643926659207,3,3,2.75,5,-0.32778177109816264,1.0,4.0,-0.06327436663641088,0.0,-0.6789146428573514,3.0,-0.31476636939512276
26,Travel_Rarely,471,-0.8215073724307689,Research & Development,24,3,Technical Degree,Male,66,0.005353989487620002,1,1,Laboratory Technician,Single,2340,-0.8842331151899142,23213,1.2503742798474826,1.0,-0.6778187248056703,Yes,18,3,0,1.0,-1.3211515585932438,3,1,2.5,1,-0.9806804209460626,1.0,0.0,-1.1672900203551313,0.0,-0.6789146428573514,0.0,-1.1555414685244687
37,Travel_Rarely,799,-0.008638466902439206,Research & Development,1,3,Technical Degree,Female,59,-0.3389744512571561,3,3,Manufacturing Director,Single,7491,0.20987208528481777,23848,1.3395874138284285,4.0,0.5231377140199149,No,17,3,0,12.0,0.09258814770689477,3,4,3.5,6,-0.1645571086361877,0.5,5.0,0.21272954679326922,1.0,-0.3685898527395261,2.0,-0.5950247357715714
41,Travel_Rarely,1276,1.173491008515284,Sales,2,5,Life Sciences,Female,91,1.2350984207189633,3,4,Manager,Married,16581,2.140645968475521,5626,-1.2204782986137694,7.0,1.7240941528455003,No,16,3,1,22.0,1.3778060625252024,2,3,2.0,18,1.794138840907512,0.8181818181818182,14.5,2.8347667243752306,7.5,1.6485212830263376,8.0,1.0865254624871206
37,Non-Travel,142,-1.6368545368174165,Sales,9,4,Medical,Male,69,0.1529233212353812,3,3,Sales Executive,Divorced,8834,0.4951338372237743,24666,1.4545107895708123,1.0,-0.6778187248056703,No,13,3,1,9.0,-0.29297722673859755,6,3,2.5,9,0.32511687874973727,1.0,5.0,0.21272954679326922,7.0,1.493358887967425,7.0,0.8062670961106719
52,Travel_Rarely,956,0.38044817385349905,Research & Development,6,2,Technical Degree,Male,78,0.5956313164786647,3,2,Research Scientist,Divorced,5577,-0.1966737026609475,22087,1.0921790217962306,3.0,0.12281890107805317,Yes,12,3,2,18.0,0.8637188965978794,3,3,2.5,10,0.48834154121171225,0.5555555555555556,9.0,1.3167452005119897,6.0,1.1830340978496,9.0,1.3667838288635692
24,Travel_Frequently,535,-0.6628988054984118,Sales,24,3,Medical,Male,38,-1.3719597734914843,3,1,Sales Representative,Married,2400,-0.8714887331226487,5530,-1.2339656385541957,0.0,-1.078137537747532,No,13,3,2,3.0,-1.0641079756295821,3,3,3.5,2,-0.8174557584840876,0.6666666666666666,2.0,-0.6152821934957711,2.0,-0.058265062621700905,1.0,-0.8752831021480201
38,Travel_Rarely,1495,1.7162296984869432,Research & Development,10,3,Medical,Female,76,0.4972517619801573,3,2,Healthcare Representative,Married,9824,0.7054161413336528,22174,1.104401923617242,3.0,0.12281890107805317,No,19,3,1,18.0,0.8637188965978794,4,3,3.0,1,-0.9806804209460626,0.05555555555555555,0.0,-1.1672900203551313,0.0,-0.6789146428573514,0.0,-1.1555414685244687
37,Travel_Rarely,446,-0.8834638438887208,Research & Development,1,4,Life Sciences,Female,65,-0.04383578776163373,3,2,Manufacturing Director,Married,6447,-0.011880162685599648,15701,0.19498992950911193,6.0,1.3237753399036383,No,12,3,1,8.0,-0.42149901822042835,2,2,2.0,6,-0.1645571086361877,0.75,5.0,0.21272954679326922,4.0,0.5623845176139496,3.0,-0.31476636939512276
49,Travel_Rarely,1245,1.0966649839074236,Research & Development,18,4,Life Sciences,Male,58,-0.38816422850640986,2,5,Research Director,Divorced,16581,2.140645968475521,2125,-1.712344727066197,1.0,-0.6778187248056703,Yes,17,3,1,28.5,2.2131977071571027,5,3,3.25,18,1.794138840907512,1.0,9.0,1.3167452005119897,0.0,-0.6789146428573514,9.0,1.3667838288635692
24,Travel_Rarely,691,-0.27629042360079165,Research & Development,23,3,Medical,Male,89,1.1367188662204557,4,1,Research Scientist,Married,2725,-0.802456663591628,21630,1.0279736639548254,1.0,-0.6778187248056703,Yes,11,3,2,6.0,-0.6785426011840899,3,3,2.75,6,-0.1645571086361877,1.0,5.0,0.21272954679326922,1.0,-0.3685898527395261,4.0,-0.03450800301867408
26,Travel_Rarely,703,-0.2465513173009747,Sales,28,2,Marketing,Male,66,0.005353989487620002,3,2,Sales Executive,Married,6272,-0.04905127704845697,7428,-0.9673096884820144,1.0,-0.6778187248056703,No,20,4,2,6.0,-0.6785426011840899,5,4,2.75,5,-0.32778177109816264,0.8333333333333334,3.0,-0.339278280066091,1.0,-0.3685898527395261,4.0,-0.03450800301867408
24,Travel_Rarely,823,0.05083974569719467,Research & Development,17,2,Other,Male,94,1.3826677524667244,2,1,Laboratory Technician,Married,2127,-0.9294756715287062,9100,-0.7324051845195868,1.0,-0.6778187248056703,No,21,4,1,1.0,-1.3211515585932438,2,3,3.25,1,-0.9806804209460626,1.0,0.0,-1.1672900203551313,0.0,-0.6789146428573514,0.0,-1.1555414685244687
50,Travel_Frequently,1246,1.0991432427657417,Human Resources,3,3,Medical,Male,99,1.628616638712993,3,5,Manager,Married,16581,2.140645968475521,7999,-0.8870881144613527,1.0,-0.6778187248056703,No,11,3,1,28.5,2.2131977071571027,2,3,2.25,18,1.794138840907512,1.0,5.0,0.21272954679326922,7.5,1.6485212830263376,7.0,0.8062670961106719
25,Travel_Rarely,622,-0.44729028482473904,Sales,13,1,Medical,Male,40,-1.273580218992977,3,1,Sales Representative,Married,2096,-0.9360602689301266,26376,1.6947540322596586,1.0,-0.6778187248056703,No,11,3,0,7.0,-0.5500208097022591,1,3,2.75,7,-0.0013324461742127045,1.0,4.0,-0.06327436663641088,0.0,-0.6789146428573514,6.0,0.5260087297342232
24,Travel_Frequently,1287,1.200751855956783,Research & Development,7,3,Life Sciences,Female,55,-0.5357335602541711,3,1,Laboratory Technician,Married,2886,-0.7682592383777993,14168,-0.020386030164573136,1.0,-0.6778187248056703,Yes,16,3,1,6.0,-0.6785426011840899,4,3,2.75,6,-0.1645571086361877,1.0,3.0,-0.339278280066091,1.0,-0.3685898527395261,2.0,-0.5950247357715714
34,Travel_Rarely,254,-1.3592895446857918,Research & Development,1,2,Life Sciences,Male,83,0.8415802027249334,2,1,Research Scientist,Married,3622,-0.6119281516860108,22794,1.1915076607324961,1.0,-0.6778187248056703,Yes,13,3,1,6.0,-0.6785426011840899,3,3,3.25,6,-0.1645571086361877,1.0,5.0,0.21272954679326922,1.0,-0.3685898527395261,3.0,-0.31476636939512276
35,Travel_Rarely,538,-0.6554640289234576,Research & Development,25,2,Other,Male,54,-0.5849233375034247,2,2,Laboratory Technician,Single,3681,-0.5993961759865332,14004,-0.04342690256280168,4.0,0.5231377140199149,No,14,3,0,9.0,-0.29297722673859755,3,3,3.0,3,-0.6542310960221126,0.3333333333333333,2.0,-0.6152821934957711,0.0,-0.6789146428573514,2.0,-0.5950247357715714
27,Travel_Rarely,798,-0.011116725760757283,Research & Development,6,4,Medical,Female,66,0.005353989487620002,2,1,Research Scientist,Divorced,2187,-0.9167312894614409,5013,-1.3066005838583674,0.0,-1.078137537747532,No,12,3,2,6.0,-0.6785426011840899,5,2,2.25,5,-0.32778177109816264,0.8333333333333334,3.0,-0.339278280066091,0.0,-0.6789146428573514,3.0,-0.31476636939512276
42,Travel_Rarely,622,-0.44729028482473904,Research & Development,2,4,Life Sciences,Female,81,0.743200648226426,3,2,Healthcare Representative,Married,4089,-0.5127343779291287,5718,-1.2075529311708606,1.0,-0.6778187248056703,No,13,3,2,10.0,-0.16445543525676679,4,3,3.0,10,0.48834154121171225,1.0,2.0,-0.6152821934957711,2.0,-0.058265062621700905,2.0,-0.5950247357715714
38,Travel_Rarely,362,-1.0916375879874394,Research & Development,1,1,Life Sciences,Female,43,-1.1260108872452157,3,1,Research Scientist,Single,2619,-0.8249717385771302,14561,0.03482776771654769,3.0,0.12281890107805317,No,17,3,0,8.0,-0.42149901822042835,3,2,2.5,0,-1.1439050834080375,0.0,0.0,-1.1672900203551313,0.0,-0.6789146428573514,0.0,-1.1555414685244687
43,Travel_Frequently,1001,0.49196982247781257,Research & Development,9,5,Medical,Male,72,0.30049265298314237,3,2,Laboratory Technician,Divorced,5679,-0.17500825314659638,19627,0.7465659358228024,3.0,0.12281890107805317,Yes,13,3,1,10.0,-0.16445543525676679,3,3,3.0,8,0.1618922162877623,0.8,7.0,0.7647373736526294,4.0,0.5623845176139496,7.0,0.8062670961106719
44,Travel_Rarely,1112,0.7670565557511193,Human Resources,1,4,Life Sciences,Female,50,-0.7816824465004397,2,2,Human Resources,Single,5985,-0.11001190460354299,26894,1.7675294706882096,4.0,0.5231377140199149,No,11,3,0,10.0,-0.16445543525676679,1,4,2.5,2,-0.8174557584840876,0.2,2.0,-0.6152821934957711,0.0,-0.6789146428573514,2.0,-0.5950247357715714
34,Travel_Rarely,204,-1.4832024876016958,Sales,14,3,Technical Degree,Female,31,-1.7162882142362605,3,1,Sales Representative,Divorced,2579,-0.8334679932886404,2912,-1.6017766381795757,1.0,-0.6778187248056703,Yes,18,3,2,8.0,-0.42149901822042835,3,3,3.25,8,0.1618922162877623,1.0,2.0,-0.6152821934957711,0.0,-0.6789146428573514,6.0,0.5260087297342232
27,Travel_Rarely,1420,1.5303602841130874,Sales,2,1,Marketing,Male,85,0.9399597572234408,3,1,Sales Representative,Divorced,3041,-0.7353362513706971,16346,0.28560799473385223,0.0,-1.078137537747532,No,11,3,1,5.0,-0.8070643926659207,3,3,2.25,4,-0.4910064335601377,0.8,3.0,-0.339278280066091,0.0,-0.6789146428573514,2.0,-0.5950247357715714
21,Travel_Rarely,1343,1.3395343520225953,Sales,22,1,Technical Degree,Male,49,-0.8308722237496934,3,1,Sales Representative,Single,3447,-0.6490992660488681,24444,1.423321315958576,1.0,-0.6778187248056703,No,11,3,0,3.0,-1.0641079756295821,2,3,3.0,3,-0.6542310960221126,1.0,2.0,-0.6152821934957711,1.0,-0.3685898527395261,2.0,-0.5950247357715714
44,Travel_Rarely,1315,1.270143103989689,Research & Development,3,4,Other,Male,35,-1.5195291052392457,3,5,Manager,Married,16581,2.140645968475521,9358,-0.6961579584296906,4.0,0.5231377140199149,Yes,12,3,1,26.0,1.8918932284525256,2,4,3.25,2,-0.8174557584840876,0.07692307692307693,2.0,-0.6152821934957711,0.0,-0.6789146428573514,1.0,-0.8752831021480201
22,Travel_Rarely,604,-0.49189894427446446,Research & Development,6,1,Medical,Male,69,0.1529233212353812,3,1,Research Scientist,Married,2773,-0.7922611579378157,12145,-0.30460362078418496,0.0,-1.078137537747532,No,20,4,0,3.0,-1.0641079756295821,3,3,2.75,2,-0.8174557584840876,0.6666666666666666,2.0,-0.6152821934957711,2.0,-0.058265062621700905,2.0,-0.5950247357715714
33,Travel_Rarely,1216,1.0247954770161993,Sales,8,4,Marketing,Male,39,-1.3227699962422308,3,2,Sales Executive,Divorced,7104,0.12767082095095614,20431,0.859522407823874,0.0,-1.078137537747532,No,12,3,0,6.0,-0.6785426011840899,3,3,3.25,5,-0.32778177109816264,0.8333333333333334,0.0,-1.1672900203551313,1.0,-0.3685898527395261,2.0,-0.5950247357715714
32,Travel_Rarely,646,-0.38781207222510516,Research & Development,9,4,Life Sciences,Female,92,1.284288197968217,3,2,Research Scientist,Married,6322,-0.03843095865906917,18089,0.5304875105272202,1.0,-0.6778187248056703,Yes,12,3,1,6.0,-0.6785426011840899,2,2,2.75,6,-0.1645571086361877,1.0,4.0,-0.06327436663641088,0.0,-0.6789146428573514,5.0,0.2457503633577746
30,Travel_Frequently,160,-1.592245877367691,Research & Development,3,3,Medical,Female,71,0.25130287573388865,3,1,Research Scientist,Divorced,2083,-0.9388215517113675,22653,1.171698130194995,1.0,-0.6778187248056703,No,20,4,1,1.0,-1.3211515585932438,2,3,3.0,1,-0.9806804209460626,1.0,0.0,-1.1672900203551313,0.0,-0.6789146428573514,0.0,-1.1555414685244687
53,Travel_Rarely,238,-1.398941686418881,Sales,1,1,Medical,Female,34,-1.5687188824884994,3,2,Sales Executive,Single,8381,0.39891375261592077,7507,-0.9562107316560384,7.0,1.7240941528455003,No,20,4,0,18.0,0.8637188965978794,2,4,3.25,14,1.1412401910596122,0.7777777777777778,7.0,0.7647373736526294,7.5,1.6485212830263376,10.0,1.6470421952400178
34,Travel_Rarely,1397,1.4733603303717715,Research & Development,1,5,Life Sciences,Male,42,-1.1752006644944695,3,1,Research Scientist,Married,2691,-0.8096784800964117,7660,-0.9347152836259837,1.0,-0.6778187248056703,No,12,3,1,10.0,-0.16445543525676679,4,2,3.0,10,0.48834154121171225,1.0,9.0,1.3167452005119897,7.5,1.6485212830263376,8.0,1.0865254624871206
45,Travel_Frequently,306,-1.2304200840532518,Sales,26,4,Life Sciences,Female,100,1.6778064159622468,3,2,Sales Executive,Married,4286,-0.4708903234749407,5630,-1.2199163261162516,2.0,-0.27749991186380857,No,14,3,2,5.0,-0.8070643926659207,4,3,2.25,1,-0.9806804209460626,0.2,1.0,-0.8912861069254512,0.0,-0.6789146428573514,0.0,-1.1555414685244687
37,Travel_Rarely,482,-0.79424652498927,Research & Development,3,3,Other,Male,36,-1.470339327989992,3,3,Manufacturing Director,Married,9434,0.6225776578964279,9606,-0.661315663583589,1.0,-0.6778187248056703,No,15,3,1,10.0,-0.16445543525676679,2,3,3.0,10,0.48834154121171225,1.0,7.0,0.7647373736526294,7.0,1.493358887967425,8.0,1.0865254624871206
29,Travel_Rarely,1176,0.9256651226834762,Sales,3,2,Medical,Female,62,-0.19140511950939493,3,2,Sales Executive,Married,5561,-0.2000722045455516,3487,-1.5209930916613965,1.0,-0.6778187248056703,No,14,3,1,6.0,-0.6785426011840899,5,2,2.0,6,-0.1645571086361877,1.0,0.0,-1.1672900203551313,1.0,-0.3685898527395261,2.0,-0.5950247357715714
35,Travel_Rarely,1017,0.5316219642109018,Research & Development,6,4,Life Sciences,Male,82,0.7923904254756797,1,2,Research Scientist,Single,6646,0.030388704504163824,19368,0.7101782166085269,1.0,-0.6778187248056703,No,13,3,0,17.0,0.7351971051160486,3,3,2.75,17,1.6309141784455372,1.0,11.0,1.8687530273713497,7.5,1.6485212830263376,8.0,1.0865254624871206
54,Travel_Rarely,397,-1.0048985279463067,Human Resources,19,4,Medical,Male,88,1.0875290889712022,3,3,Human Resources,Married,10725,0.8967942787104212,6729,-1.0655143824232445,2.0,-0.27749991186380857,No,15,3,1,16.0,0.6066753136342179,1,4,3.0,9,0.32511687874973727,0.5625,7.0,0.7647373736526294,7.0,1.493358887967425,1.0,-0.8752831021480201
27,Travel_Rarely,1115,0.7744913323260735,Research & Development,3,4,Medical,Male,54,-0.5849233375034247,2,1,Research Scientist,Single,2045,-0.9468929936873022,15174,0.12095005296114583,0.0,-1.078137537747532,No,13,3,0,5.0,-0.8070643926659207,0,3,3.0,4,-0.4910064335601377,0.8,2.0,-0.6152821934957711,1.0,-0.3685898527395261,1.0,-0.8752831021480201
23,Travel_Rarely,885,0.20449179491291553,Research & Development,4,3,Medical,Male,58,-0.38816422850640986,4,1,Research Scientist,Married,2819,-0.782490465019579,8544,-0.8105193616745567,2.0,-0.27749991186380857,No,16,3,1,5.0,-0.8070643926659207,3,4,1.75,3,-0.6542310960221126,0.6,2.0,-0.6152821934957711,0.0,-0.6789146428573514,2.0,-0.5950247357715714
29,Travel_Frequently,806,0.008709345105787343,Research & Development,1,4,Life Sciences,Male,76,0.4972517619801573,1,1,Research Scientist,Divorced,2720,-0.8035186954305669,18959,0.652716528737335,1.0,-0.6778187248056703,No,18,3,1,10.0,-0.16445543525676679,5,3,3.25,10,0.48834154121171225,1.0,7.0,0.7647373736526294,2.0,-0.058265062621700905,8.0,1.0865254624871206
48,Travel_Rarely,817,0.0359701925472862,Sales,2,1,Marketing,Male,56,-0.4865437830049173,4,2,Sales Executive,Married,8120,0.3434756906233164,18597,0.6018580177119769,3.0,0.12281890107805317,No,12,3,0,12.0,0.09258814770689477,3,3,2.75,2,-0.8174557584840876,0.16666666666666666,2.0,-0.6152821934957711,2.0,-0.058265062621700905,2.0,-0.5950247357715714
27,Travel_Frequently,1410,1.5055776955299065,Sales,3,1,Medical,Female,71,0.25130287573388865,4,2,Sales Executive,Divorced,4647,-0.39421162470356075,16673,0.33154924640592986,1.0,-0.6778187248056703,Yes,20,4,2,6.0,-0.6785426011840899,3,3,3.25,6,-0.1645571086361877,1.0,5.0,0.21272954679326922,0.0,-0.6789146428573514,4.0,-0.03450800301867408
37,Travel_Rarely,1225,1.0470998067410622,Research & Development,10,2,Life Sciences,Male,80,0.6940108709771722,4,1,Research Scientist,Single,4680,-0.3872022145665648,15232,0.12909865417515348,3.0,0.12281890107805317,No,17,3,0,4.0,-0.9355861841477514,2,3,3.0,1,-0.9806804209460626,0.25,0.0,-1.1672900203551313,0.0,-0.6789146428573514,0.0,-1.1555414685244687
34,Travel_Rarely,1442,1.584881978996085,Research & Development,9,3,Medical,Female,46,-0.9784415554974546,2,3,Healthcare Representative,Single,8621,0.4498912808849822,17654,0.46937300142216276,1.0,-0.6778187248056703,No,14,3,0,9.0,-0.29297722673859755,3,4,3.0,8,0.1618922162877623,0.8888888888888888,7.0,0.7647373736526294,7.0,1.493358887967425,7.0,0.8062670961106719
39,Travel_Rarely,408,-0.9776376805048078,Research & Development,2,4,Technical Degree,Female,80,0.6940108709771722,2,2,Healthcare Representative,Single,4553,-0.4141778232756098,20978,0.936372146859429,1.0,-0.6778187248056703,No,11,3,0,20.0,1.120762479561541,4,3,2.75,18,1.794138840907512,1.0,7.0,0.7647373736526294,7.5,1.6485212830263376,10.0,1.6470421952400178
50,Travel_Frequently,562,-0.5959858163238237,Sales,8,2,Technical Degree,Male,50,-0.7816824465004397,3,2,Sales Executive,Married,6796,0.06224965967232725,23452,1.2839521365741693,3.0,0.12281890107805317,Yes,14,3,1,18.0,0.8637188965978794,4,3,2.25,4,-0.4910064335601377,0.2222222222222222,3.0,-0.339278280066091,1.0,-0.3685898527395261,3.0,-0.31476636939512276
27,Travel_Rarely,608,-0.48198590884119213,Research & Development,1,2,Life Sciences,Female,68,0.10373354398612747,3,3,Manufacturing Director,Married,7412,0.19309198222958504,6009,-1.166669431976443,1.0,-0.6778187248056703,No,11,3,0,9.0,-0.29297722673859755,3,3,2.75,9,0.32511687874973727,1.0,7.0,0.7647373736526294,0.0,-0.6789146428573514,7.0,0.8062670961106719
47,Travel_Rarely,703,-0.2465513173009747,Sales,14,4,Marketing,Male,42,-1.1752006644944695,3,2,Sales Executive,Single,4960,-0.327728431585993,11825,-0.34956142058560646,2.0,-0.27749991186380857,No,12,3,0,20.0,1.120762479561541,2,3,3.0,7,-0.0013324461742127045,0.35,7.0,0.7647373736526294,1.0,-0.3685898527395261,7.0,0.8062670961106719
40,Travel_Frequently,580,-0.5513771568740984,Sales,5,4,Life Sciences,Male,48,-0.8800620009989472,2,3,Sales Executive,Married,10475,0.8436926867634821,23772,1.3289099363755907,5.0,0.9234565269617766,Yes,21,4,1,20.0,1.120762479561541,2,3,2.75,18,1.794138840907512,0.9,13.0,2.42076085423071,1.0,-0.3685898527395261,12.0,2.207558927992915
53,Travel_Rarely,970,0.41514379786995215,Research & Development,7,3,Life Sciences,Male,59,-0.3389744512571561,4,4,Research Director,Married,14814,1.7653239165945558,13514,-0.11226853350872841,3.0,0.12281890107805317,No,19,3,0,28.5,2.2131977071571027,3,3,3.0,5,-0.32778177109816264,0.15625,1.0,-0.8912861069254512,1.0,-0.3685898527395261,3.0,-0.31476636939512276
41,Travel_Rarely,427,-0.9305507621967642,Human Resources,10,4,Human Resources,Male,73,0.3496824302323961,2,5,Manager,Divorced,16581,2.140645968475521,8861,-0.7659830412462735,3.0,0.12281890107805317,No,15,3,3,23.0,1.5063278540070333,2,2,2.5,18,1.794138840907512,0.9130434782608695,6.0,0.48873346022294933,7.5,1.6485212830263376,6.0,0.5260087297342232
60,Travel_Rarely,1179,0.9330998992584305,Sales,16,4,Marketing,Male,84,0.8907699799741872,3,2,Sales Executive,Single,5405,-0.23320759792044155,11924,-0.33565260127204166,8.0,2.124412965787362,No,14,3,0,10.0,-0.16445543525676679,1,3,2.25,2,-0.8174557584840876,0.2,2.0,-0.6152821934957711,2.0,-0.058265062621700905,2.0,-0.5950247357715714
27,Travel_Frequently,294,-1.2601591903530687,Research & Development,10,2,Life Sciences,Male,32,-1.6670984369870068,3,3,Manufacturing Director,Divorced,8793,0.4864251761444763,4809,-1.3352611812317738,1.0,-0.6778187248056703,No,21,4,2,9.0,-0.29297722673859755,4,2,2.5,9,0.32511687874973727,1.0,7.0,0.7647373736526294,1.0,-0.3685898527395261,7.0,0.8062670961106719
41,Travel_Rarely,314,-1.2105940131867072,Human Resources,1,3,Human Resources,Male,59,-0.3389744512571561,2,5,Manager,Married,16581,2.140645968475521,19562,0.7374338827381387,1.0,-0.6778187248056703,No,12,3,1,22.0,1.3778060625252024,3,3,3.0,18,1.794138840907512,1.0,7.0,0.7647373736526294,2.0,-0.058265062621700905,10.0,1.6470421952400178
50,Travel_Rarely,316,-1.205637495470071,Sales,8,4,Marketing,Male,54,-0.5849233375034247,3,1,Sales Representative,Married,3875,-0.5581893406357085,9983,-0.6083497556925392,7.0,1.7240941528455003,No,15,3,1,4.0,-0.9355861841477514,2,3,3.25,2,-0.8174557584840876,0.5,2.0,-0.6152821934957711,2.0,-0.058265062621700905,2.0,-0.5950247357715714
28,Travel_Rarely,654,-0.3679860013585605,Research & Development,1,2,Life Sciences,Female,67,0.05454376673687373,1,1,Research Scientist,Single,2216,-0.9105715047955959,3872,-1.4669032387753111,7.0,1.7240941528455003,Yes,13,3,0,10.0,-0.16445543525676679,4,3,2.5,7,-0.0013324461742127045,0.7,7.0,0.7647373736526294,3.0,0.2520597274961243,7.0,0.8062670961106719
36,Non-Travel,427,-0.9305507621967642,Research & Development,8,3,Life Sciences,Female,63,-0.14221534226014118,4,3,Research Director,Married,11713,1.1066517700847243,20335,0.8460350678834476,8.5,2.324572372258293,No,14,3,1,10.0,-0.16445543525676679,2,3,1.5,8,0.1618922162877623,0.8,7.0,0.7647373736526294,0.0,-0.6789146428573514,5.0,0.2457503633577746
38,Travel_Rarely,168,-1.5724198065011465,Research & Development,1,3,Life Sciences,Female,81,0.743200648226426,3,3,Manufacturing Director,Single,7861,0.28846244136628757,15397,0.15228001969776148,4.0,0.5231377140199149,Yes,14,3,0,10.0,-0.16445543525676679,4,4,3.5,1,-0.9806804209460626,0.1,0.0,-1.1672900203551313,0.0,-0.6789146428573514,0.0,-1.1555414685244687
44,Non-Travel,381,-1.0445506696793958,Research & Development,24,3,Medical,Male,49,-0.8308722237496934,1,1,Laboratory Technician,Single,3708,-0.5936612040562638,2104,-1.7152950826781652,2.0,-0.27749991186380857,No,14,3,0,9.0,-0.29297722673859755,5,3,2.5,5,-0.32778177109816264,0.5555555555555556,2.0,-0.6152821934957711,1.0,-0.3685898527395261,4.0,-0.03450800301867408
47,Travel_Frequently,217,-1.4509851224435608,Sales,3,3,Medical,Female,49,-0.8308722237496934,3,4,Sales Executive,Divorced,13770,1.5435716686241387,10225,-0.5743504195927142,8.5,2.324572372258293,Yes,12,3,2,28.0,2.1489368114161875,2,2,3.25,18,1.794138840907512,0.7857142857142857,2.0,-0.6152821934957711,7.5,1.6485212830263376,13.0,2.4878172943693637
34,Travel_Rarely,970,0.41514379786995215,Research & Development,8,2,Medical,Female,96,1.481047306965232,3,2,Healthcare Representative,Single,6142,-0.07666410486086528,7360,-0.9768632209398164,3.0,0.12281890107805317,No,11,3,0,10.0,-0.16445543525676679,2,3,3.0,5,-0.32778177109816264,0.5,1.0,-0.8912861069254512,4.0,0.5623845176139496,3.0,-0.31476636939512276
23,Travel_Rarely,650,-0.37789903679183284,Research & Development,9,1,Medical,Male,37,-1.4211495507407381,3,1,Laboratory Technician,Married,2500,-0.8502480963438732,4344,-1.4005904840682144,1.0,-0.6778187248056703,No,14,3,1,5.0,-0.8070643926659207,2,4,2.75,4,-0.4910064335601377,0.8,3.0,-0.339278280066091,0.0,-0.6789146428573514,2.0,-0.5950247357715714
39,Travel_Rarely,141,-1.6393327956757346,Human Resources,3,3,Human Resources,Female,44,-1.0768211099959621,4,2,Human Resources,Married,6389,-0.024199732017289505,18767,0.6257418488564821,8.5,2.324572372258293,No,15,3,1,12.0,0.09258814770689477,3,1,2.25,8,0.1618922162877623,0.6666666666666666,3.0,-0.339278280066091,3.0,0.2520597274961243,6.0,0.5260087297342232
56,Travel_Rarely,832,0.07314407542205738,Research & Development,9,3,Medical,Male,81,0.743200648226426,3,4,Healthcare Representative,Married,11103,0.977083885734193,20420,0.8579769834557002,7.0,1.7240941528455003,No,11,3,0,28.5,2.2131977071571027,1,2,3.0,10,0.48834154121171225,0.3333333333333333,7.0,0.7647373736526294,1.0,-0.3685898527395261,1.0,-0.8752831021480201
40,Travel_Rarely,804,0.003752827389151186,Research & Development,2,1,Medical,Female,86,0.9891495344726946,2,1,Research Scientist,Single,2342,-0.8838083024543386,22929,1.210474232523721,0.0,-1.078137537747532,Yes,20,4,0,5.0,-0.8070643926659207,2,2,3.5,4,-0.4910064335601377,0.8,2.0,-0.6152821934957711,2.0,-0.058265062621700905,3.0,-0.31476636939512276
53,Travel_Rarely,346,-1.1312897297205287,Research & Development,6,3,Life Sciences,Male,86,0.9891495344726946,3,2,Laboratory Technician,Single,2450,-0.860868414733261,10919,-0.4768481912733812,2.0,-0.27749991186380857,No,17,3,0,19.0,0.9922406880797102,4,3,3.75,2,-0.8174557584840876,0.10526315789473684,2.0,-0.6152821934957711,2.0,-0.058265062621700905,2.0,-0.5950247357715714
35,Non-Travel,1225,1.0470998067410622,Research & Development,2,4,Life Sciences,Female,61,-0.24059489675864865,3,2,Healthcare Representative,Divorced,5093,-0.2994783846702215,4761,-1.3420048512019869,2.0,-0.27749991186380857,No,11,3,1,16.0,0.6066753136342179,2,4,2.5,1,-0.9806804209460626,0.0625,0.0,-1.1672900203551313,0.0,-0.6789146428573514,0.0,-1.1555414685244687
38,Travel_Rarely,268,-1.3245939206693387,Research & Development,2,5,Medical,Male,92,1.284288197968217,3,1,Research Scientist,Married,3057,-0.731937749486093,20471,0.8651421327990517,6.0,1.3237753399036383,Yes,13,3,1,6.0,-0.6785426011840899,0,1,2.5,1,-0.9806804209460626,0.16666666666666666,0.0,-1.1672900203551313,0.0,-0.6789146428573514,1.0,-0.8752831021480201
34,Travel_Rarely,167,-1.5748980653594646,Research & Development,8,5,Life Sciences,Female,32,-1.6670984369870068,3,2,Manufacturing Director,Divorced,5121,-0.2935310063721643,4187,-1.422647904595787,3.0,0.12281890107805317,No,14,3,1,7.0,-0.5500208097022591,3,3,2.25,0,-1.1439050834080375,0.0,0.0,-1.1672900203551313,0.0,-0.6789146428573514,0.0,-1.1555414685244687
52,Travel_Rarely,621,-0.44976854368305713,Sales,3,4,Marketing,Male,31,-1.7162882142362605,2,4,Manager,Married,16581,2.140645968475521,10084,-0.5941599501302155,1.0,-0.6778187248056703,No,11,3,0,28.5,2.2131977071571027,3,4,2.25,18,1.794138840907512,1.0,6.0,0.48873346022294933,1.0,-0.3685898527395261,14.5,2.908204843934037
33,Travel_Rarely,527,-0.6827248763649565,Research & Development,1,4,Other,Male,63,-0.14221534226014118,3,1,Research Scientist,Single,2686,-0.8107405119353506,5207,-1.2793449177287557,1.0,-0.6778187248056703,Yes,13,3,0,10.0,-0.16445543525676679,2,2,3.25,10,0.48834154121171225,1.0,9.0,1.3167452005119897,7.0,1.493358887967425,8.0,1.0865254624871206
25,Travel_Rarely,883,0.19953527719627936,Sales,26,1,Medical,Female,32,-1.6670984369870068,3,2,Sales Executive,Single,6180,-0.06859266288493054,22807,1.193334071349429,1.0,-0.6778187248056703,No,23,4,0,6.0,-0.6785426011840899,5,2,2.75,6,-0.1645571086361877,1.0,5.0,0.21272954679326922,1.0,-0.3685898527395261,4.0,-0.03450800301867408
45,Travel_Rarely,954,0.3754916561368629,Sales,2,2,Technical Degree,Male,46,-0.9784415554974546,1,2,Sales Representative,Single,6632,0.027415015355135238,12388,-0.27046379155998046,0.0,-1.078137537747532,No,13,3,0,9.0,-0.29297722673859755,3,3,2.25,8,0.1618922162877623,0.8888888888888888,7.0,0.7647373736526294,3.0,0.2520597274961243,1.0,-0.8752831021480201
23,Travel_Rarely,310,-1.2205070486199794,Research & Development,10,1,Medical,Male,79,0.6448210937279185,4,1,Research Scientist,Single,3505,-0.6367796967171783,19630,0.7469874151959408,1.0,-0.6778187248056703,No,18,3,0,2.0,-1.192629767111413,3,3,2.75,2,-0.8174557584840876,1.0,2.0,-0.6152821934957711,0.0,-0.6789146428573514,2.0,-0.5950247357715714
47,Travel_Frequently,719,-0.20689917556788545,Sales,27,2,Life Sciences,Female,77,0.5464415392294111,4,2,Sales Executive,Single,6397,-0.022500481074987456,10339,-0.5583342034134577,4.0,0.5231377140199149,Yes,12,3,0,8.0,-0.42149901822042835,2,3,3.0,5,-0.32778177109816264,0.625,4.0,-0.06327436663641088,1.0,-0.3685898527395261,3.0,-0.31476636939512276
34,Travel_Rarely,304,-1.235376601769888,Sales,2,3,Other,Male,60,-0.28978467400790237,3,2,Sales Executive,Single,6274,-0.048626464312881465,18686,0.6143619057817472,1.0,-0.6778187248056703,No,22,4,0,6.0,-0.6785426011840899,5,3,3.5,6,-0.1645571086361877,1.0,5.0,0.21272954679326922,1.0,-0.3685898527395261,4.0,-0.03450800301867408
36,Non-Travel,1434,1.5650559081295405,Sales,8,4,Life Sciences,Male,76,0.4972517619801573,2,3,Sales Executive,Single,7587,0.23026309659244237,14229,-0.011815949577427156,1.0,-0.6778187248056703,No,15,3,0,10.0,-0.16445543525676679,1,3,1.75,10,0.48834154121171225,1.0,7.0,0.7647373736526294,0.0,-0.6789146428573514,9.0,1.3667838288635692
52,Non-Travel,715,-0.21681221100115777,Research & Development,19,4,Medical,Male,41,-1.2243904417437232,3,1,Research Scientist,Married,4258,-0.4768377017729979,26589,1.72467906775248,0.0,-1.078137537747532,No,18,3,1,5.0,-0.8070643926659207,3,3,3.0,4,-0.4910064335601377,0.8,3.0,-0.339278280066091,1.0,-0.3685898527395261,2.0,-0.5950247357715714
26,Travel_Frequently,575,-0.5637684511656887,Research & Development,1,2,Life Sciences,Female,71,0.25130287573388865,1,1,Laboratory Technician,Divorced,4364,-0.4543226267874957,5288,-1.267964974654021,3.0,0.12281890107805317,No,14,3,1,5.0,-0.8070643926659207,2,3,2.25,2,-0.8174557584840876,0.4,2.0,-0.6152821934957711,2.0,-0.058265062621700905,0.0,-1.1555414685244687
34,Travel_Rarely,182,-1.5377241824846934,Research & Development,1,4,Life Sciences,Female,72,0.30049265298314237,4,1,Research Scientist,Single,3280,-0.6845711294694233,13551,-0.10707028790668904,2.0,-0.27749991186380857,No,16,3,0,10.0,-0.16445543525676679,2,3,3.0,4,-0.4910064335601377,0.4,2.0,-0.6152821934957711,1.0,-0.3685898527395261,3.0,-0.31476636939512276
27,Travel_Frequently,829,0.06570929884710314,Sales,8,1,Marketing,Male,84,0.8907699799741872,3,2,Sales Executive,Married,4342,-0.45899556687882637,24008,1.362066313729139,0.0,-1.078137537747532,No,19,3,1,5.0,-0.8070643926659207,3,3,3.0,4,-0.4910064335601377,0.8,2.0,-0.6152821934957711,1.0,-0.3685898527395261,1.0,-0.8752831021480201
38,Travel_Frequently,240,-1.3939851687022449,Research & Development,2,4,Life Sciences,Female,75,0.4480619847309036,4,2,Manufacturing Director,Single,5980,-0.11107393644248177,26085,1.653870533065241,6.0,1.3237753399036383,Yes,12,3,0,17.0,0.7351971051160486,2,3,2.25,15,1.3044648535215873,0.8823529411764706,7.0,0.7647373736526294,4.0,0.5623845176139496,12.0,2.207558927992915
34,Travel_Rarely,121,-1.6888979728420963,Research & Development,2,4,Medical,Female,86,0.9891495344726946,2,1,Research Scientist,Single,4381,-0.45071171853510383,7530,-0.9529793897953112,1.0,-0.6778187248056703,No,11,3,0,6.0,-0.6785426011840899,3,3,2.5,6,-0.1645571086361877,1.0,5.0,0.21272954679326922,1.0,-0.3685898527395261,3.0,-0.31476636939512276
30,Travel_Rarely,921,0.29370911381236636,Research & Development,1,3,Life Sciences,Male,38,-1.3719597734914843,1,1,Laboratory Technician,Married,3833,-0.5671104080827942,24375,1.4136272903763945,3.0,0.12281890107805317,No,21,4,2,7.0,-0.5500208097022591,2,3,3.25,2,-0.8174557584840876,0.2857142857142857,2.0,-0.6152821934957711,0.0,-0.6789146428573514,2.0,-0.5950247357715714
40,Travel_Frequently,791,-0.02846453776898383,Research & Development,2,2,Medical,Female,38,-1.3719597734914843,4,2,Healthcare Representative,Married,4244,-0.47981139092202646,9931,-0.6156553981602703,1.0,-0.6778187248056703,No,24,4,1,8.0,-0.42149901822042835,2,3,3.0,8,0.1618922162877623,1.0,7.0,0.7647373736526294,3.0,0.2520597274961243,7.0,0.8062670961106719
34,Travel_Rarely,1111,0.7645782968928012,Sales,8,2,Life Sciences,Female,93,1.3334779752174708,3,2,Sales Executive,Married,6500,-6.226251928485722E-4,13305,-0.14163159650403184,5.0,0.9234565269617766,No,17,3,1,6.0,-0.6785426011840899,1,3,2.25,3,-0.6542310960221126,0.5,2.0,-0.6152821934957711,1.0,-0.3685898527395261,2.0,-0.5950247357715714
42,Travel_Frequently,570,-0.5761597454572791,Research & Development,8,3,Life Sciences,Male,66,0.005353989487620002,3,5,Manager,Divorced,16581,2.140645968475521,16225,0.2686083266839397,1.0,-0.6778187248056703,No,13,3,1,24.0,1.6348496454888641,4,2,2.5,18,1.794138840907512,1.0,7.0,0.7647373736526294,7.5,1.6485212830263376,9.0,1.3667838288635692
52,Travel_Rarely,1325,1.2949256925728698,Research & Development,11,4,Life Sciences,Female,82,0.7923904254756797,3,2,Laboratory Technician,Married,3149,-0.7123963636496194,21821,1.0548078507112988,8.0,2.124412965787362,No,20,4,1,9.0,-0.29297722673859755,3,3,3.0,5,-0.32778177109816264,0.5555555555555556,2.0,-0.6152821934957711,1.0,-0.3685898527395261,4.0,-0.03450800301867408
33,Travel_Rarely,213,-1.460898157876833,Research & Development,7,3,Medical,Male,49,-0.8308722237496934,3,3,Research Director,Married,11691,1.1019788299933937,25995,1.641226151871091,0.0,-1.078137537747532,No,11,3,0,14.0,0.3496317306705563,3,4,3.5,13,0.9780155285976372,0.9285714285714286,9.0,1.3167452005119897,3.0,0.2520597274961243,7.0,0.8062670961106719
33,Travel_Rarely,118,-1.6963327494170504,Sales,16,3,Marketing,Female,69,0.1529233212353812,3,2,Sales Executive,Single,5324,-0.2504125137112498,26507,1.7131586315533656,5.0,0.9234565269617766,No,15,3,0,6.0,-0.6785426011840899,3,3,2.0,3,-0.6542310960221126,0.5,2.0,-0.6152821934957711,0.0,-0.6789146428573514,2.0,-0.5950247357715714
47,Travel_Rarely,202,-1.488159005318332,Research & Development,2,2,Other,Female,33,-1.617908659737753,3,4,Manager,Married,16581,2.140645968475521,12982,-0.18701087567859173,1.0,-0.6778187248056703,Yes,11,3,1,26.0,1.8918932284525256,3,2,3.0,18,1.794138840907512,1.0,14.0,2.6967647676603903,3.0,0.2520597274961243,0.0,-1.1555414685244687
58,Travel_Rarely,286,-1.2799852612196134,Research & Development,2,4,Life Sciences,Male,31,-1.7162882142362605,3,5,Research Director,Single,16581,2.140645968475521,25761,1.6083507607663017,7.0,1.7240941528455003,Yes,12,3,0,28.5,2.2131977071571027,2,3,3.25,18,1.794138840907512,0.775,14.5,2.8347667243752306,7.5,1.6485212830263376,8.0,1.0865254624871206
35,Travel_Rarely,1258,1.1288823490655586,Research & Development,1,4,Life Sciences,Female,40,-1.273580218992977,4,1,Research Scientist,Single,2506,-0.8489736581371466,13301,-0.1421935690015496,3.0,0.12281890107805317,No,13,3,0,7.0,-0.5500208097022591,0,3,3.25,2,-0.8174557584840876,0.2857142857142857,2.0,-0.6152821934957711,2.0,-0.058265062621700905,2.0,-0.5950247357715714
28,Travel_Rarely,890,0.2168830892045059,Research & Development,2,4,Medical,Male,46,-0.9784415554974546,3,1,Research Scientist,Single,4382,-0.4504993121673161,16374,0.28954180221647663,6.0,1.3237753399036383,No,17,3,0,5.0,-0.8070643926659207,3,2,3.0,2,-0.8174557584840876,0.4,2.0,-0.6152821934957711,2.0,-0.058265062621700905,1.0,-0.8752831021480201
32,Travel_Rarely,859,0.1400570645966455,Research & Development,4,3,Life Sciences,Female,98,1.5794268614637395,2,2,Manufacturing Director,Married,6162,-0.07241597750511015,19124,0.675897894259943,1.0,-0.6778187248056703,No,12,3,1,14.0,0.3496317306705563,3,3,3.0,14,1.1412401910596122,1.0,13.0,2.42076085423071,6.0,1.1830340978496,8.0,1.0865254624871206
30,Travel_Rarely,946,0.3556655852703183,Research & Development,2,3,Medical,Female,52,-0.6833028920019322,2,2,Manufacturing Director,Single,6877,0.0794545754631355,20234,0.8318452623211239,5.0,0.9234565269617766,Yes,24,4,0,12.0,0.09258814770689477,4,2,2.75,0,-1.1439050834080375,0.0,0.0,-1.1672900203551313,0.0,-0.6789146428573514,0.0,-1.1555414685244687
45,Travel_Rarely,252,-1.364246062402428,Research & Development,2,3,Life Sciences,Female,95,1.4318575297159781,2,1,Research Scientist,Single,2274,-0.898251935463906,6153,-1.1464384220658033,1.0,-0.6778187248056703,No,14,3,0,1.0,-1.3211515585932438,3,3,3.0,1,-0.9806804209460626,1.0,0.0,-1.1672900203551313,0.0,-0.6789146428573514,0.0,-1.1555414685244687
42,Travel_Rarely,933,0.32344822011218327,Research & Development,29,3,Life Sciences,Male,98,1.5794268614637395,3,2,Manufacturing Director,Married,4434,-0.4394541810423528,11806,-0.3522307899488159,1.0,-0.6778187248056703,No,13,3,1,10.0,-0.16445543525676679,3,2,2.5,9,0.32511687874973727,0.9,8.0,1.0407412870823096,7.0,1.493358887967425,8.0,1.0865254624871206
38,Travel_Frequently,471,-0.8215073724307689,Research & Development,12,3,Life Sciences,Male,45,-1.0276313327467084,2,2,Healthcare Representative,Divorced,6288,-0.045652775163852875,4284,-1.4090200715309809,2.0,-0.27749991186380857,No,15,3,1,13.0,0.22110993918872554,3,2,1.75,4,-0.4910064335601377,0.3076923076923077,3.0,-0.339278280066091,1.0,-0.3685898527395261,2.0,-0.5950247357715714
49,Travel_Rarely,1184,0.9454911935500209,Sales,11,3,Marketing,Female,43,-1.1260108872452157,3,3,Sales Executive,Married,7654,0.24449432323422202,5860,-1.1876029075089798,1.0,-0.6778187248056703,No,18,3,2,9.0,-0.29297722673859755,3,4,3.0,9,0.32511687874973727,1.0,8.0,1.0407412870823096,7.0,1.493358887967425,7.0,0.8062670961106719
43,Travel_Rarely,589,-0.5290728271492356,Research & Development,14,2,Life Sciences,Male,94,1.3826677524667244,3,4,Research Director,Married,16581,2.140645968475521,5200,-1.2803283695994119,6.0,1.3237753399036383,No,24,4,1,22.0,1.3778060625252024,3,3,2.25,4,-0.4910064335601377,0.18181818181818182,1.0,-0.8912861069254512,1.0,-0.3685898527395261,0.0,-1.1555414685244687
35,Travel_Rarely,950,0.3655786207035906,Research & Development,7,3,Other,Male,59,-0.3389744512571561,3,3,Manufacturing Director,Single,10221,0.789741469345392,18869,0.6400721475431852,3.0,0.12281890107805317,No,21,4,0,17.0,0.7351971051160486,3,4,3.0,8,0.1618922162877623,0.47058823529411764,5.0,0.21272954679326922,1.0,-0.3685898527395261,6.0,0.5260087297342232
26,Travel_Frequently,887,0.2094483126295517,Research & Development,5,2,Medical,Female,88,1.0875290889712022,2,1,Research Scientist,Married,2366,-0.8787105496274326,20898,0.9251326969090736,1.0,-0.6778187248056703,Yes,14,3,1,8.0,-0.42149901822042835,2,3,2.5,8,0.1618922162877623,1.0,7.0,0.7647373736526294,1.0,-0.3685898527395261,7.0,0.8062670961106719
27,Non-Travel,443,-0.8908986204636751,Research & Development,3,3,Medical,Male,50,-0.7816824465004397,3,1,Research Scientist,Married,1706,-1.0188987523673516,16571,0.31721894771922676,1.0,-0.6778187248056703,No,11,3,3,0.0,-1.4496733500750745,6,2,3.25,0,-1.1439050834080375,0.0,0.0,-1.1672900203551313,0.0,-0.6789146428573514,0.0,-1.1555414685244687
44,Travel_Rarely,625,-0.4398555082497848,Research & Development,4,3,Medical,Male,50,-0.7816824465004397,3,2,Healthcare Representative,Single,5933,-0.1210570357285063,5197,-1.2807498489725502,8.5,2.324572372258293,No,12,3,0,10.0,-0.16445543525676679,2,2,3.0,5,-0.32778177109816264,0.5,2.0,-0.6152821934957711,2.0,-0.058265062621700905,3.0,-0.31476636939512276
35,Travel_Rarely,1343,1.3395343520225953,Research & Development,27,1,Medical,Female,53,-0.6341131147526785,2,1,Research Scientist,Single,2559,-0.8377161206443956,17852,0.49719064004929236,1.0,-0.6778187248056703,No,11,3,0,6.0,-0.6785426011840899,3,2,2.5,6,-0.1645571086361877,1.0,5.0,0.21272954679326922,1.0,-0.3685898527395261,1.0,-0.8752831021480201
32,Travel_Rarely,117,-1.6988110082753685,Sales,13,4,Life Sciences,Male,73,0.3496824302323961,3,2,Sales Executive,Divorced,4403,-0.4460387784437732,9250,-0.7113312158626705,2.0,-0.27749991186380857,No,11,3,1,8.0,-0.42149901822042835,3,2,2.75,5,-0.32778177109816264,0.625,2.0,-0.6152821934957711,0.0,-0.6789146428573514,3.0,-0.31476636939512276
30,Travel_Frequently,1012,0.5192306699193114,Research & Development,5,4,Life Sciences,Male,75,0.4480619847309036,2,1,Research Scientist,Divorced,3761,-0.5824036665635127,2373,-1.6775024322200953,8.5,2.324572372258293,No,12,3,1,10.0,-0.16445543525676679,3,2,2.5,5,-0.32778177109816264,0.5,4.0,-0.06327436663641088,0.0,-0.6789146428573514,3.0,-0.31476636939512276
52,Travel_Frequently,890,0.2168830892045059,Research & Development,25,4,Medical,Female,81,0.743200648226426,2,4,Manufacturing Director,Married,13826,1.555466425220253,19028,0.6624105543195165,3.0,0.12281890107805317,No,22,4,0,28.5,2.2131977071571027,3,3,3.25,9,0.32511687874973727,0.2903225806451613,8.0,1.0407412870823096,0.0,-0.6789146428573514,0.0,-1.1555414685244687
42,Travel_Frequently,1271,1.1610997142236936,Research & Development,2,1,Medical,Male,35,-1.5195291052392457,3,1,Research Scientist,Single,2515,-0.8470620008270568,9068,-0.736900964499729,5.0,0.9234565269617766,Yes,14,3,0,8.0,-0.42149901822042835,2,3,3.25,2,-0.8174557584840876,0.25,1.0,-0.8912861069254512,2.0,-0.058265062621700905,2.0,-0.5950247357715714
25,Travel_Rarely,141,-1.6393327956757346,Sales,3,1,Other,Male,98,1.5794268614637395,3,2,Sales Executive,Married,4194,-0.4904317093114143,14363,0.007010129089418114,1.0,-0.6778187248056703,Yes,18,3,0,5.0,-0.8070643926659207,3,3,2.75,5,-0.32778177109816264,1.0,3.0,-0.339278280066091,0.0,-0.6789146428573514,3.0,-0.31476636939512276
35,Travel_Rarely,607,-0.48446416769951023,Research & Development,9,3,Life Sciences,Female,66,0.005353989487620002,2,3,Manufacturing Director,Married,10685,0.8882980239989109,23457,1.2846546021960665,1.0,-0.6778187248056703,Yes,20,4,1,17.0,0.7351971051160486,2,3,3.0,17,1.6309141784455372,1.0,14.0,2.6967647676603903,5.0,0.8727093077317748,14.5,2.908204843934037
35,Travel_Frequently,130,-1.6665936431172335,Research & Development,25,4,Life Sciences,Female,96,1.481047306965232,3,1,Research Scientist,Divorced,2022,-0.9517783401464206,16612,0.3229791658187839,1.0,-0.6778187248056703,Yes,19,3,1,10.0,-0.16445543525676679,3,2,2.25,10,0.48834154121171225,1.0,2.0,-0.6152821934957711,7.0,1.493358887967425,8.0,1.0865254624871206
32,Non-Travel,300,-1.2452896372031603,Research & Development,1,3,Life Sciences,Male,61,-0.24059489675864865,3,1,Laboratory Technician,Divorced,2314,-0.8897556807523959,9148,-0.7256615145493736,0.0,-1.078137537747532,No,12,3,1,4.0,-0.9355861841477514,2,3,3.25,3,-0.6542310960221126,0.75,0.0,-1.1672900203551313,0.0,-0.6789146428573514,2.0,-0.5950247357715714
25,Travel_Rarely,583,-0.5439423802991441,Sales,4,1,Marketing,Male,87,1.0383393117219484,2,2,Sales Executive,Married,4256,-0.4772625145085734,18154,0.5396195636118839,1.0,-0.6778187248056703,No,12,3,0,5.0,-0.8070643926659207,1,4,2.25,5,-0.32778177109816264,1.0,2.0,-0.6152821934957711,0.0,-0.6789146428573514,3.0,-0.31476636939512276
49,Travel_Rarely,1418,1.5254037663964513,Research & Development,1,3,Technical Degree,Female,36,-1.470339327989992,3,1,Research Scientist,Married,3580,-0.6208492191330965,10554,-0.5281281816718777,2.0,-0.27749991186380857,No,16,3,1,7.0,-0.5500208097022591,2,3,2.25,4,-0.4910064335601377,0.5714285714285714,2.0,-0.6152821934957711,0.0,-0.6789146428573514,2.0,-0.5950247357715714
24,Non-Travel,1269,1.1561431965070577,Research & Development,4,1,Life Sciences,Male,46,-0.9784415554974546,2,1,Laboratory Technician,Married,3162,-0.7096350808683786,10778,-0.4966577218108826,0.0,-1.078137537747532,No,17,3,0,6.0,-0.6785426011840899,2,2,2.75,5,-0.32778177109816264,0.8333333333333334,2.0,-0.6152821934957711,3.0,0.2520597274961243,4.0,-0.03450800301867408
32,Travel_Frequently,379,-1.049507187396032,Sales,5,2,Life Sciences,Male,48,-0.8800620009989472,3,2,Sales Executive,Married,6524,0.004475127634057575,8891,-0.7617682475148903,1.0,-0.6778187248056703,No,14,3,1,10.0,-0.16445543525676679,3,3,2.75,10,0.48834154121171225,1.0,8.0,1.0407412870823096,5.0,0.8727093077317748,3.0,-0.31476636939512276
38,Travel_Rarely,395,-1.0098550456629427,Sales,9,3,Marketing,Male,98,1.5794268614637395,2,1,Sales Representative,Married,2899,-0.7654979555965584,12102,-0.31064482513250097,0.0,-1.078137537747532,No,19,3,1,3.0,-1.0641079756295821,3,3,2.75,2,-0.8174557584840876,0.6666666666666666,2.0,-0.6152821934957711,1.0,-0.3685898527395261,2.0,-0.5950247357715714
42,Travel_Rarely,1265,1.1462301610737853,Research & Development,3,3,Life Sciences,Female,95,1.4318575297159781,4,2,Laboratory Technician,Married,5231,-0.2701663059155111,23726,1.3224472526541364,2.0,-0.27749991186380857,Yes,13,3,1,17.0,0.7351971051160486,1,2,2.75,5,-0.32778177109816264,0.29411764705882354,3.0,-0.339278280066091,1.0,-0.3685898527395261,3.0,-0.31476636939512276
31,Travel_Rarely,1222,1.039665030166108,Research & Development,11,4,Life Sciences,Male,48,-0.8800620009989472,3,1,Research Scientist,Married,2356,-0.8808346133053101,14871,0.07838063627417481,3.0,0.12281890107805317,Yes,19,3,1,8.0,-0.42149901822042835,2,3,3.25,6,-0.1645571086361877,0.75,4.0,-0.06327436663641088,0.0,-0.6789146428573514,2.0,-0.5950247357715714
29,Travel_Rarely,341,-1.1436810240121191,Sales,1,3,Medical,Female,48,-0.8800620009989472,2,1,Sales Representative,Divorced,2800,-0.7865261860075463,23522,1.2937866552807302,6.0,1.3237753399036383,Yes,19,3,3,5.0,-0.8070643926659207,3,3,2.75,3,-0.6542310960221126,0.6,2.0,-0.6152821934957711,0.0,-0.6789146428573514,2.0,-0.5950247357715714
53,Travel_Rarely,868,0.1623613943215082,Sales,8,3,Marketing,Male,73,0.3496824302323961,3,4,Sales Executive,Married,11836,1.1327777533226182,22789,1.1908051951105991,5.0,0.9234565269617766,No,14,3,1,28.0,2.1489368114161875,3,3,2.75,2,-0.8174557584840876,0.07142857142857142,0.0,-1.1672900203551313,2.0,-0.058265062621700905,2.0,-0.5950247357715714
35,Travel_Rarely,672,-0.32337734190883516,Research & Development,25,3,Technical Degree,Male,78,0.5956313164786647,2,3,Manufacturing Director,Married,10903,0.9346026121766418,9129,-0.7283308839125829,3.0,0.12281890107805317,No,16,3,0,16.0,0.6066753136342179,2,3,2.5,13,0.9780155285976372,0.8125,10.0,1.5927491139416698,4.0,0.5623845176139496,8.0,1.0865254624871206
37,Travel_Frequently,1231,1.0619693598909705,Sales,21,2,Medical,Female,54,-0.5849233375034247,3,1,Sales Representative,Married,2973,-0.7497798843802645,21222,0.970652469208013,5.0,0.9234565269617766,No,15,3,1,10.0,-0.16445543525676679,3,3,3.0,5,-0.32778177109816264,0.5,4.0,-0.06327436663641088,0.0,-0.6789146428573514,0.0,-1.1555414685244687
53,Travel_Rarely,102,-1.7359848911501397,Research & Development,23,4,Life Sciences,Female,72,0.30049265298314237,3,4,Research Director,Single,14275,1.6508368843569554,20206,0.8279114548384996,6.0,1.3237753399036383,No,18,3,0,28.5,2.2131977071571027,0,3,3.5,12,0.8147908661356622,0.36363636363636365,9.0,1.3167452005119897,3.0,0.2520597274961243,8.0,1.0865254624871206
47,Travel_Rarely,249,-1.3716808389773822,Sales,2,2,Marketing,Female,35,-1.5195291052392457,3,2,Sales Executive,Married,4537,-0.4175763251602139,17783,0.48749661446711084,0.0,-1.078137537747532,Yes,22,4,1,8.0,-0.42149901822042835,2,3,2.75,7,-0.0013324461742127045,0.875,6.0,0.48873346022294933,7.0,1.493358887967425,7.0,0.8062670961106719
50,Non-Travel,881,0.1945787594796432,Research & Development,2,4,Life Sciences,Male,98,1.5794268614637395,3,4,Manager,Divorced,16581,2.140645968475521,4544,-1.3724918591923259,1.0,-0.6778187248056703,No,11,3,1,28.5,2.2131977071571027,3,3,2.25,18,1.794138840907512,1.0,6.0,0.48873346022294933,7.5,1.6485212830263376,7.0,0.8062670961106719
33,Travel_Rarely,1075,0.6753609779933504,Human Resources,3,2,Human Resources,Male,57,-0.4373540057556636,3,1,Human Resources,Divorced,2277,-0.8976147163605428,22650,1.1712766508218566,3.0,0.12281890107805317,Yes,11,3,1,7.0,-0.5500208097022591,4,4,3.25,4,-0.4910064335601377,0.5714285714285714,3.0,-0.339278280066091,0.0,-0.6789146428573514,3.0,-0.31476636939512276
32,Travel_Rarely,374,-1.0618984816876225,Research & Development,25,4,Life Sciences,Male,87,1.0383393117219484,3,1,Laboratory Technician,Single,2795,-0.7875882178464851,18016,0.5202315124475209,1.0,-0.6778187248056703,Yes,24,4,0,1.0,-1.3211515585932438,2,1,2.25,1,-0.9806804209460626,1.0,0.0,-1.1672900203551313,0.0,-0.6789146428573514,1.0,-0.8752831021480201
29,Travel_Rarely,1086,0.7026218254348492,Research & Development,7,1,Medical,Female,62,-0.19140511950939493,2,1,Laboratory Technician,Divorced,2532,-0.843451092574665,6054,-1.160347241379368,6.0,1.3237753399036383,No,14,3,3,8.0,-0.42149901822042835,5,3,2.75,4,-0.4910064335601377,0.5,3.0,-0.339278280066091,0.0,-0.6789146428573514,3.0,-0.31476636939512276
44,Travel_Rarely,661,-0.350638189350334,Research & Development,9,2,Life Sciences,Male,61,-0.24059489675864865,3,1,Research Scientist,Married,2559,-0.8377161206443956,7508,-0.956070238531659,1.0,-0.6778187248056703,Yes,13,3,0,8.0,-0.42149901822042835,0,3,2.5,8,0.1618922162877623,1.0,7.0,0.7647373736526294,7.0,1.493358887967425,1.0,-0.8752831021480201
58,Travel_Frequently,781,-0.053247126352164616,Research & Development,2,1,Life Sciences,Male,57,-0.4373540057556636,2,1,Laboratory Technician,Divorced,2380,-0.8757368604784039,13384,-0.13053263967805592,8.5,2.324572372258293,Yes,14,3,1,3.0,-1.0641079756295821,3,2,3.5,1,-0.9806804209460626,0.3333333333333333,0.0,-1.1672900203551313,0.0,-0.6789146428573514,0.0,-1.1555414685244687
43,Travel_Rarely,177,-1.550115476776284,Research & Development,8,3,Life Sciences,Female,55,-0.5357335602541711,3,2,Manufacturing Director,Divorced,4765,-0.3691476733046055,23814,1.3348106475995274,4.0,0.5231377140199149,No,21,4,1,4.0,-0.9355861841477514,2,4,2.5,1,-0.9806804209460626,0.25,0.0,-1.1672900203551313,0.0,-0.6789146428573514,0.0,-1.1555414685244687
20,Travel_Rarely,500,-0.7496378655395446,Sales,2,3,Medical,Female,49,-0.8308722237496934,2,1,Sales Representative,Single,2044,-0.94710540005509,22052,1.0872617624429501,1.0,-0.6778187248056703,No,13,3,0,2.0,-1.192629767111413,3,2,3.0,2,-0.8174557584840876,1.0,2.0,-0.6152821934957711,0.0,-0.6789146428573514,2.0,-0.5950247357715714
21,Travel_Rarely,1427,1.5477080961213139,Research & Development,18,1,Other,Female,65,-0.04383578776163373,3,1,Research Scientist,Single,2693,-0.8092536673608363,8870,-0.7647186031268585,1.0,-0.6778187248056703,No,19,3,0,1.0,-1.3211515585932438,3,2,2.75,1,-0.9806804209460626,1.0,0.0,-1.1672900203551313,0.0,-0.6789146428573514,0.0,-1.1555414685244687
36,Travel_Rarely,1425,1.5427515784046777,Research & Development,14,1,Life Sciences,Male,68,0.10373354398612747,3,2,Healthcare Representative,Married,6586,0.017644322436898455,4821,-1.3335752637392204,0.0,-1.078137537747532,Yes,17,3,1,17.0,0.7351971051160486,2,2,2.5,16,1.4676895159835621,0.9411764705882353,8.0,1.0407412870823096,4.0,0.5623845176139496,11.0,1.9273005616164665
47,Travel_Rarely,1454,1.614621085295902,Sales,2,4,Life Sciences,Female,65,-0.04383578776163373,2,1,Sales Representative,Single,3294,-0.6815974403203948,13137,-0.16523444139977816,1.0,-0.6778187248056703,Yes,18,3,0,3.0,-1.0641079756295821,3,2,2.75,3,-0.6542310960221126,1.0,2.0,-0.6152821934957711,1.0,-0.3685898527395261,2.0,-0.5950247357715714
41,Travel_Rarely,1085,0.7001435665765312,Research & Development,2,4,Life Sciences,Female,57,-0.4373540057556636,1,1,Laboratory Technician,Divorced,2778,-0.791199126098877,17725,0.47934801325310317,4.0,0.5231377140199149,Yes,13,3,1,10.0,-0.16445543525676679,1,2,2.75,7,-0.0013324461742127045,0.7,7.0,0.7647373736526294,1.0,-0.3685898527395261,0.0,-1.1555414685244687
28,Travel_Rarely,995,0.4771002693279041,Research & Development,9,3,Medical,Female,77,0.5464415392294111,3,1,Research Scientist,Divorced,2377,-0.8763740795817672,9834,-0.6292832312250761,5.0,0.9234565269617766,No,18,3,1,6.0,-0.6785426011840899,2,3,2.75,2,-0.8174557584840876,0.3333333333333333,2.0,-0.6152821934957711,2.0,-0.058265062621700905,2.0,-0.5950247357715714
27,Travel_Rarely,618,-0.45720332025801136,Research & Development,4,3,Life Sciences,Female,76,0.4972517619801573,3,1,Research Scientist,Single,2318,-0.8889060552812448,17808,0.4910089425765969,1.0,-0.6778187248056703,No,19,3,0,1.0,-1.3211515585932438,2,3,2.75,1,-0.9806804209460626,1.0,1.0,-0.8912861069254512,0.0,-0.6789146428573514,0.0,-1.1555414685244687
34,Travel_Rarely,546,-0.635637958056913,Research & Development,10,3,Life Sciences,Male,83,0.8415802027249334,3,1,Laboratory Technician,Divorced,2008,-0.9547520292954492,6896,-1.0420520306518777,1.0,-0.6778187248056703,No,14,3,2,1.0,-1.3211515585932438,3,3,2.25,1,-0.9806804209460626,1.0,0.0,-1.1672900203551313,1.0,-0.3685898527395261,0.0,-1.1555414685244687
42,Travel_Rarely,462,-0.8438117021556316,Sales,14,2,Medical,Female,68,0.10373354398612747,2,2,Sales Executive,Single,6244,-0.054998655346514144,7824,-0.9116744112277552,7.0,1.7240941528455003,No,17,3,0,10.0,-0.16445543525676679,6,3,2.5,5,-0.32778177109816264,0.5,4.0,-0.06327436663641088,0.0,-0.6789146428573514,3.0,-0.31476636939512276
33,Travel_Rarely,1198,0.980186817566474,Research & Development,1,4,Other,Male,100,1.6778064159622468,2,1,Research Scientist,Single,2799,-0.7867385923753341,3339,-1.541786074069554,3.0,0.12281890107805317,Yes,11,3,0,6.0,-0.6785426011840899,1,3,2.25,3,-0.6542310960221126,0.5,2.0,-0.6152821934957711,0.0,-0.6789146428573514,2.0,-0.5950247357715714
58,Travel_Rarely,1272,1.1635779730820117,Research & Development,5,3,Technical Degree,Female,37,-1.4211495507407381,2,3,Healthcare Representative,Divorced,10552,0.8600479770831394,9255,-0.7106287502407732,2.0,-0.27749991186380857,Yes,13,3,1,24.0,1.6348496454888641,3,3,3.0,6,-0.1645571086361877,0.25,0.0,-1.1672900203551313,0.0,-0.6789146428573514,4.0,-0.03450800301867408
31,Travel_Rarely,154,-1.6071154305175996,Sales,7,4,Life Sciences,Male,41,-1.2243904417437232,2,1,Sales Representative,Married,2329,-0.8865695852355795,11737,-0.3619248155309974,3.0,0.12281890107805317,No,15,3,0,13.0,0.22110993918872554,2,4,2.75,7,-0.0013324461742127045,0.5384615384615384,7.0,0.7647373736526294,5.0,0.8727093077317748,2.0,-0.5950247357715714
49,Travel_Rarely,527,-0.6827248763649565,Research & Development,8,2,Other,Female,51,-0.732492669251186,3,3,Laboratory Technician,Married,7403,0.19118032491949524,22477,1.146971340304213,4.0,0.5231377140199149,No,11,3,1,28.5,2.2131977071571027,3,2,2.0,18,1.794138840907512,0.896551724137931,9.0,1.3167452005119897,1.0,-0.3685898527395261,7.0,0.8062670961106719
48,Travel_Rarely,1469,1.6517949681706732,Research & Development,20,4,Medical,Male,51,-0.732492669251186,3,1,Research Scientist,Married,2259,-0.9014380309807224,5543,-1.2321392279372632,4.0,0.5231377140199149,No,17,3,2,13.0,0.22110993918872554,2,2,2.5,0,-1.1439050834080375,0.0,0.0,-1.1672900203551313,0.0,-0.6789146428573514,0.0,-1.1555414685244687
32,Non-Travel,1184,0.9454911935500209,Research & Development,1,3,Life Sciences,Female,70,0.20211309848463493,2,1,Laboratory Technician,Married,2332,-0.8859323661322163,3974,-1.452572940088608,6.0,1.3237753399036383,No,20,4,0,5.0,-0.8070643926659207,3,3,2.75,3,-0.6542310960221126,0.6,0.0,-1.1672900203551313,0.0,-0.6789146428573514,2.0,-0.5950247357715714
25,Travel_Rarely,867,0.1598831354631901,Sales,19,2,Marketing,Male,36,-1.470339327989992,2,1,Sales Representative,Married,2413,-0.868727450341408,18798,0.6300971357122448,1.0,-0.6778187248056703,Yes,18,3,3,1.0,-1.3211515585932438,2,3,2.75,1,-0.9806804209460626,1.0,0.0,-1.1672900203551313,0.0,-0.6789146428573514,0.0,-1.1555414685244687
40,Travel_Rarely,658,-0.35807296592528826,Sales,10,4,Marketing,Male,67,0.05454376673687373,2,3,Sales Executive,Divorced,9705,0.6801397835669099,20652,0.8905713883117308,2.0,-0.27749991186380857,No,12,3,1,11.0,-0.035933643774936005,2,2,1.75,1,-0.9806804209460626,0.09090909090909091,0.0,-1.1672900203551313,0.0,-0.6789146428573514,0.0,-1.1555414685244687
26,Travel_Frequently,1283,1.1908388205235108,Sales,1,3,Medical,Male,52,-0.6833028920019322,2,2,Sales Executive,Single,4294,-0.46919107253263864,11148,-0.44467526579048894,1.0,-0.6778187248056703,No,12,3,0,7.0,-0.5500208097022591,2,3,2.25,7,-0.0013324461742127045,1.0,7.0,0.7647373736526294,0.0,-0.6789146428573514,7.0,0.8062670961106719
41,Travel_Rarely,263,-1.3369852149609291,Research & Development,6,3,Medical,Male,59,-0.3389744512571561,3,1,Laboratory Technician,Single,4721,-0.37849355348726677,3119,-1.5726945614330312,2.0,-0.27749991186380857,Yes,13,3,0,20.0,1.120762479561541,3,3,2.75,18,1.794138840907512,0.9,13.0,2.42076085423071,2.0,-0.058265062621700905,14.5,2.908204843934037
36,Travel_Rarely,938,0.3358395144037737,Research & Development,2,4,Medical,Male,79,0.6448210937279185,3,1,Laboratory Technician,Single,2519,-0.8462123753559058,12287,-0.28465359712230415,4.0,0.5231377140199149,No,21,4,0,16.0,0.6066753136342179,6,3,3.0,11,0.6515662036736872,0.6875,8.0,1.0407412870823096,3.0,0.2520597274961243,9.0,1.3667838288635692
19,Travel_Rarely,419,-0.9503768330633089,Sales,21,3,Other,Male,37,-1.4211495507407381,2,1,Sales Representative,Single,2121,-0.9307501097354327,9947,-0.6134075081701992,1.0,-0.6778187248056703,Yes,13,3,0,1.0,-1.3211515585932438,3,4,3.0,1,-0.9806804209460626,1.0,0.0,-1.1672900203551313,0.0,-0.6789146428573514,0.0,-1.1555414685244687
31,Travel_Rarely,616,-0.4621598379746475,Research & Development,12,3,Medical,Female,41,-1.2243904417437232,3,2,Healthcare Representative,Married,5855,-0.1376247324159513,17369,0.4293324609740217,0.0,-1.078137537747532,Yes,11,3,2,10.0,-0.16445543525676679,2,1,3.0,9,0.32511687874973727,0.9,7.0,0.7647373736526294,7.5,1.6485212830263376,5.0,0.2457503633577746
40,Travel_Frequently,1469,1.6517949681706732,Research & Development,9,4,Medical,Male,35,-1.5195291052392457,3,1,Research Scientist,Divorced,3617,-0.6129901835249496,25063,1.5102865599494508,8.0,2.124412965787362,Yes,14,3,1,3.0,-1.0641079756295821,2,3,3.25,1,-0.9806804209460626,0.3333333333333333,1.0,-0.8912861069254512,0.0,-0.6789146428573514,0.0,-1.1555414685244687
32,Travel_Rarely,498,-0.7545943832561808,Research & Development,3,4,Medical,Female,93,1.3334779752174708,3,2,Manufacturing Director,Married,6725,0.047168807559396564,13554,-0.10664880853355072,1.0,-0.6778187248056703,No,12,3,1,8.0,-0.42149901822042835,2,4,2.75,8,0.1618922162877623,1.0,7.0,0.7647373736526294,6.0,1.1830340978496,3.0,-0.31476636939512276
45,Non-Travel,805,0.006231086247469264,Research & Development,4,2,Life Sciences,Male,57,-0.4373540057556636,3,2,Laboratory Technician,Married,4447,-0.43669289826111196,23163,1.2433496236285104,1.0,-0.6778187248056703,No,12,3,0,9.0,-0.29297722673859755,5,2,2.25,9,0.32511687874973727,1.0,7.0,0.7647373736526294,0.0,-0.6789146428573514,8.0,1.0865254624871206
29,Travel_Frequently,1404,1.4907081423799982,Sales,20,3,Technical Degree,Female,84,0.8907699799741872,3,1,Sales Representative,Married,2157,-0.9231034804950735,18203,0.5465037267064766,1.0,-0.6778187248056703,No,15,3,1,3.0,-1.0641079756295821,5,3,3.0,3,-0.6542310960221126,1.0,1.0,-0.8912861069254512,0.0,-0.6789146428573514,2.0,-0.5950247357715714
35,Travel_Rarely,1219,1.0322302535911536,Sales,18,3,Medical,Female,86,0.9891495344726946,3,2,Sales Executive,Married,4601,-0.4039823176217975,6179,-1.1427856008319377,1.0,-0.6778187248056703,No,16,3,0,5.0,-0.8070643926659207,3,3,2.75,5,-0.32778177109816264,1.0,2.0,-0.6152821934957711,1.0,-0.3685898527395261,0.0,-1.1555414685244687
58,Travel_Rarely,289,-1.2725504846446591,Research & Development,2,3,Technical Degree,Male,51,-0.732492669251186,3,1,Research Scientist,Single,2479,-0.854708630067416,26227,1.6738205567271216,4.0,0.5231377140199149,No,24,4,0,7.0,-0.5500208097022591,4,3,2.75,1,-0.9806804209460626,0.14285714285714285,0.0,-1.1672900203551313,0.0,-0.6789146428573514,0.0,-1.1555414685244687
53,Travel_Rarely,1376,1.421316894347092,Sales,2,2,Medical,Male,45,-1.0276313327467084,3,4,Manager,Divorced,14852,1.7733953585704907,13938,-0.05269944877184487,6.0,1.3237753399036383,No,13,3,1,22.0,1.3778060625252024,3,4,3.25,17,1.6309141784455372,0.7727272727272727,13.0,2.42076085423071,7.5,1.6485212830263376,2.0,-0.5950247357715714
30,Travel_Rarely,231,-1.4162894984271077,Sales,8,2,Other,Male,62,-0.19140511950939493,3,3,Sales Executive,Divorced,7264,0.16165583979699713,9977,-0.6091927144388158,5.0,0.9234565269617766,No,11,3,1,10.0,-0.16445543525676679,2,4,2.75,8,0.1618922162877623,0.8,4.0,-0.06327436663641088,7.0,1.493358887967425,7.0,0.8062670961106719
39,Travel_Rarely,903,0.24910045436264092,Sales,2,5,Life Sciences,Male,41,-1.2243904417437232,4,3,Sales Executive,Single,7880,0.2924981623542549,2560,-1.6512302179611396,0.0,-1.078137537747532,No,18,3,0,9.0,-0.29297722673859755,3,3,2.75,8,0.1618922162877623,0.8888888888888888,7.0,0.7647373736526294,0.0,-0.6789146428573514,7.0,0.8062670961106719
47,Travel_Frequently,1379,1.4287516709220462,Research & Development,16,4,Medical,Male,64,-0.09302556501088746,4,2,Manufacturing Director,Divorced,5067,-0.3050009502327031,6759,-1.0612995886918613,1.0,-0.6778187248056703,Yes,19,3,0,20.0,1.120762479561541,3,4,3.25,18,1.794138840907512,0.95,10.0,1.5927491139416698,2.0,-0.058265062621700905,7.0,0.8062670961106719
36,Non-Travel,1229,1.0570128421743343,Sales,8,4,Technical Degree,Male,84,0.8907699799741872,3,2,Sales Executive,Divorced,5079,-0.30245207381925004,25952,1.635184947522775,4.0,0.5231377140199149,No,13,3,2,12.0,0.09258814770689477,3,3,3.0,7,-0.0013324461742127045,0.5833333333333334,7.0,0.7647373736526294,0.0,-0.6789146428573514,7.0,0.8062670961106719
31,Non-Travel,335,-1.1585505771620275,Research & Development,9,2,Medical,Male,46,-0.9784415554974546,2,1,Research Scientist,Single,2321,-0.8882688361778815,10322,-0.5607225865279083,0.0,-1.078137537747532,Yes,22,4,0,4.0,-0.9355861841477514,0,3,2.0,3,-0.6542310960221126,0.75,2.0,-0.6152821934957711,1.0,-0.3685898527395261,2.0,-0.5950247357715714
33,Non-Travel,722,-0.19946439899293122,Sales,17,3,Life Sciences,Male,38,-1.3719597734914843,3,4,Manager,Single,16581,2.140645968475521,20489,0.8676710090378817,1.0,-0.6778187248056703,No,11,3,0,10.0,-0.16445543525676679,2,3,3.5,10,0.48834154121171225,1.0,8.0,1.0407412870823096,6.0,1.1830340978496,0.0,-1.1555414685244687
29,Travel_Rarely,906,0.25653523093759517,Research & Development,10,3,Life Sciences,Female,92,1.284288197968217,2,1,Research Scientist,Single,2404,-0.8706391076514978,11479,-0.39817204162089354,6.0,1.3237753399036383,Yes,20,4,0,3.0,-1.0641079756295821,5,3,2.75,0,-1.1439050834080375,0.0,0.0,-1.1672900203551313,0.0,-0.6789146428573514,0.0,-1.1555414685244687
45,Travel_Rarely,974,0.42505683330322447,Research & Development,1,4,Medical,Female,91,1.2350984207189633,3,1,Laboratory Technician,Divorced,2270,-0.8991015609350571,11005,-0.46476578257674916,3.0,0.12281890107805317,No,14,3,2,8.0,-0.42149901822042835,2,3,3.75,5,-0.32778177109816264,0.625,3.0,-0.339278280066091,0.0,-0.6789146428573514,2.0,-0.5950247357715714
50,Travel_Rarely,1126,0.8017521797675724,Research & Development,1,2,Medical,Male,66,0.005353989487620002,3,4,Research Director,Divorced,16581,2.140645968475521,6615,-1.081530598602501,8.5,2.324572372258293,No,22,4,1,28.5,2.2131977071571027,1,2,3.25,5,-0.32778177109816264,0.15625,4.0,-0.06327436663641088,1.0,-0.3685898527395261,3.0,-0.31476636939512276
33,Travel_Frequently,827,0.06075278113046698,Research & Development,1,4,Other,Female,84,0.8907699799741872,4,2,Healthcare Representative,Married,5488,-0.2155778693940578,20161,0.8215892642414246,1.0,-0.6778187248056703,Yes,13,3,1,6.0,-0.6785426011840899,2,3,2.25,6,-0.1645571086361877,1.0,5.0,0.21272954679326922,1.0,-0.3685898527395261,2.0,-0.5950247357715714
41,Travel_Frequently,840,0.092970146288602,Research & Development,9,3,Medical,Male,64,-0.09302556501088746,3,5,Research Director,Divorced,16581,2.140645968475521,3735,-1.4861507968152947,2.0,-0.27749991186380857,No,17,3,1,21.0,1.2492842710433718,2,4,2.5,18,1.794138840907512,0.8571428571428571,14.5,2.8347667243752306,0.0,-0.6789146428573514,11.0,1.9273005616164665
27,Travel_Rarely,1134,0.821578250634117,Research & Development,16,4,Technical Degree,Female,37,-1.4211495507407381,3,1,Laboratory Technician,Married,2811,-0.784189715961881,12086,-0.31289271512257205,8.5,2.324572372258293,No,14,3,1,4.0,-0.9355861841477514,2,3,2.5,2,-0.8174557584840876,0.5,2.0,-0.6152821934957711,2.0,-0.058265062621700905,2.0,-0.5950247357715714
45,Non-Travel,248,-1.3741590978357003,Research & Development,23,2,Life Sciences,Male,42,-1.1752006644944695,3,2,Laboratory Technician,Married,3633,-0.6095916816403455,14039,-0.038509643209521195,1.0,-0.6778187248056703,Yes,15,3,1,9.0,-0.29297722673859755,2,3,2.75,9,0.32511687874973727,1.0,8.0,1.0407412870823096,0.0,-0.6789146428573514,8.0,1.0865254624871206
47,Travel_Rarely,955,0.377969914995181,Sales,4,2,Life Sciences,Female,83,0.8415802027249334,3,2,Sales Executive,Single,4163,-0.4970163067128347,8571,-0.8067260473163118,1.0,-0.6778187248056703,Yes,17,3,0,9.0,-0.29297722673859755,0,3,3.5,9,0.32511687874973727,1.0,0.0,-1.1672900203551313,0.0,-0.6789146428573514,7.0,0.8062670961106719
50,Travel_Rarely,939,0.3383177732620917,Research & Development,24,3,Life Sciences,Male,95,1.4318575297159781,3,4,Manufacturing Director,Married,13973,1.5866901612850532,4161,-1.4263007258296523,3.0,0.12281890107805317,Yes,18,3,1,22.0,1.3778060625252024,2,3,3.5,12,0.8147908661356622,0.5454545454545454,11.0,1.8687530273713497,1.0,-0.3685898527395261,5.0,0.2457503633577746
38,Travel_Frequently,1391,1.4584907772218632,Research & Development,10,1,Medical,Male,66,0.005353989487620002,3,1,Research Scientist,Married,2684,-0.8111653246709261,12127,-0.30713249702301487,0.0,-1.078137537747532,No,17,3,1,3.0,-1.0641079756295821,0,2,2.5,2,-0.8174557584840876,0.6666666666666666,1.0,-0.8912861069254512,0.0,-0.6789146428573514,2.0,-0.5950247357715714
46,Travel_Rarely,566,-0.5860727808905515,Research & Development,7,2,Medical,Male,75,0.4480619847309036,3,3,Manufacturing Director,Divorced,10845,0.9222830428449519,24208,1.3901649386050277,6.0,1.3237753399036383,No,13,3,1,13.0,0.22110993918872554,3,3,3.0,8,0.1618922162877623,0.6153846153846154,7.0,0.7647373736526294,0.0,-0.6789146428573514,7.0,0.8062670961106719
35,Travel_Rarely,622,-0.44729028482473904,Research & Development,14,4,Other,Male,39,-1.3227699962422308,2,1,Laboratory Technician,Divorced,3743,-0.5862269811836923,10074,-0.59556488137401,1.0,-0.6778187248056703,Yes,24,4,1,5.0,-0.8070643926659207,2,1,2.5,4,-0.4910064335601377,0.8,2.0,-0.6152821934957711,0.0,-0.6789146428573514,2.0,-0.5950247357715714
18,Non-Travel,287,-1.2775070023612953,Research & Development,5,2,Life Sciences,Male,73,0.3496824302323961,3,1,Research Scientist,Single,1051,-1.158024923268332,13493,-0.1152188891206967,1.0,-0.6778187248056703,No,15,3,0,0.0,-1.4496733500750745,2,3,3.25,0,-1.1439050834080375,0.0,0.0,-1.1672900203551313,0.0,-0.6789146428573514,0.0,-1.1555414685244687
54,Travel_Rarely,1441,1.582403720137767,Research & Development,17,3,Technical Degree,Female,56,-0.4865437830049173,3,3,Manufacturing Director,Married,10739,0.8997679678594498,13943,-0.051996983149947655,8.0,2.124412965787362,No,11,3,1,22.0,1.3778060625252024,2,3,3.0,10,0.48834154121171225,0.45454545454545453,7.0,0.7647373736526294,0.0,-0.6789146428573514,8.0,1.0865254624871206
35,Travel_Rarely,583,-0.5439423802991441,Research & Development,25,4,Medical,Female,57,-0.4373540057556636,3,3,Healthcare Representative,Divorced,10388,0.8252133327659473,6975,-1.0309530738259016,1.0,-0.6778187248056703,Yes,11,3,1,16.0,0.6066753136342179,3,2,2.75,16,1.4676895159835621,1.0,10.0,1.5927491139416698,7.5,1.6485212830263376,1.0,-0.8752831021480201
30,Travel_Rarely,153,-1.6095936893759177,Research & Development,8,2,Life Sciences,Female,73,0.3496824302323961,4,3,Research Director,Married,11416,1.0435670788517606,17802,0.49016598383032023,0.0,-1.078137537747532,Yes,12,3,3,9.0,-0.29297722673859755,4,2,2.0,8,0.1618922162877623,0.8888888888888888,7.0,0.7647373736526294,1.0,-0.3685898527395261,7.0,0.8062670961106719
26,Travel_Rarely,1066,0.6530566482684876,Research & Development,2,2,Medical,Male,32,-1.6670984369870068,4,2,Manufacturing Director,Married,5472,-0.2189763712786619,3334,-1.5424885396914512,1.0,-0.6778187248056703,No,12,3,0,8.0,-0.42149901822042835,2,3,3.25,8,0.1618922162877623,1.0,7.0,0.7647373736526294,1.0,-0.3685898527395261,3.0,-0.31476636939512276
22,Travel_Rarely,217,-1.4509851224435608,Research & Development,8,1,Life Sciences,Male,94,1.3826677524667244,1,1,Laboratory Technician,Married,2451,-0.8606560083654732,6881,-1.0441594275175692,1.0,-0.6778187248056703,No,15,3,1,4.0,-0.9355861841477514,3,2,1.5,4,-0.4910064335601377,1.0,3.0,-0.339278280066091,1.0,-0.3685898527395261,1.0,-0.8752831021480201
48,Travel_Rarely,277,-1.302289590944476,Research & Development,6,3,Life Sciences,Male,97,1.5302370842144857,2,2,Healthcare Representative,Single,4240,-0.4806610163931775,13119,-0.16776331763860813,2.0,-0.27749991186380857,No,13,3,0,19.0,0.9922406880797102,0,3,2.75,2,-0.8174557584840876,0.10526315789473684,2.0,-0.6152821934957711,2.0,-0.058265062621700905,2.0,-0.5950247357715714
41,Travel_Rarely,549,-0.6282031814819588,Research & Development,7,2,Medical,Female,42,-1.1752006644944695,3,2,Manufacturing Director,Single,5003,-0.3185949577711195,23371,1.2725721934994345,6.0,1.3237753399036383,No,14,3,0,8.0,-0.42149901822042835,6,3,3.0,2,-0.8174557584840876,0.25,2.0,-0.6152821934957711,2.0,-0.058265062621700905,1.0,-0.8752831021480201
39,Travel_Rarely,466,-0.8338986667223592,Research & Development,1,1,Life Sciences,Female,65,-0.04383578776163373,2,4,Manufacturing Director,Married,12742,1.3252179225383254,7060,-1.0190111582536492,1.0,-0.6778187248056703,No,16,3,1,21.0,1.2492842710433718,3,3,3.5,18,1.794138840907512,1.0,6.0,0.48873346022294933,7.5,1.6485212830263376,8.0,1.0865254624871206
27,Travel_Rarely,1055,0.6257958008269888,Research & Development,2,4,Life Sciences,Female,47,-0.9292517782482008,3,2,Manufacturing Director,Married,4227,-0.4834222991744183,4658,-1.3564756430130696,0.0,-1.078137537747532,No,18,3,1,4.0,-0.9355861841477514,2,3,2.5,3,-0.6542310960221126,0.75,2.0,-0.6152821934957711,2.0,-0.058265062621700905,2.0,-0.5950247357715714
42,Travel_Rarely,265,-1.332028697244293,Sales,5,2,Marketing,Male,90,1.1859086434697095,3,5,Manager,Married,16581,2.140645968475521,7770,-0.919261039944245,6.0,1.3237753399036383,No,13,3,0,21.0,1.2492842710433718,3,4,3.25,1,-0.9806804209460626,0.047619047619047616,0.0,-1.1672900203551313,0.0,-0.6789146428573514,0.0,-1.1555414685244687
50,Travel_Rarely,804,0.003752827389151186,Research & Development,9,3,Life Sciences,Male,64,-0.09302556501088746,3,1,Laboratory Technician,Married,2380,-0.8757368604784039,20165,0.8221512367389424,4.0,0.5231377140199149,No,18,3,0,8.0,-0.42149901822042835,5,3,2.5,1,-0.9806804209460626,0.125,0.0,-1.1672900203551313,0.0,-0.6789146428573514,0.0,-1.1555414685244687
37,Travel_Rarely,1141,0.8389260626423436,Research & Development,11,2,Medical,Female,61,-0.24059489675864865,1,2,Healthcare Representative,Married,4777,-0.36659879689115243,14382,0.009679498452627519,5.0,0.9234565269617766,No,15,3,0,15.0,0.4781535221523871,2,1,1.25,1,-0.9806804209460626,0.06666666666666667,0.0,-1.1672900203551313,0.0,-0.6789146428573514,0.0,-1.1555414685244687
55,Travel_Frequently,135,-1.6542023488256432,Research & Development,18,4,Medical,Male,62,-0.19140511950939493,3,2,Healthcare Representative,Married,6385,-0.02504935748844053,12992,-0.1856059444347973,3.0,0.12281890107805317,Yes,14,3,2,17.0,0.7351971051160486,3,3,3.0,8,0.1618922162877623,0.47058823529411764,7.0,0.7647373736526294,6.0,1.1830340978496,7.0,0.8062670961106719
26,Non-Travel,265,-1.332028697244293,Sales,29,2,Medical,Male,79,0.6448210937279185,1,2,Sales Executive,Single,4969,-0.3258167742759032,21813,1.0536839057162632,8.0,2.124412965787362,No,18,3,0,7.0,-0.5500208097022591,6,3,2.5,2,-0.8174557584840876,0.2857142857142857,2.0,-0.6152821934957711,2.0,-0.058265062621700905,2.0,-0.5950247357715714
52,Travel_Rarely,266,-1.3295504383859749,Sales,2,1,Marketing,Female,57,-0.4373540057556636,1,5,Manager,Married,16581,2.140645968475521,25846,1.6202926763385541,1.0,-0.6778187248056703,No,15,3,1,28.5,2.2131977071571027,3,3,3.0,18,1.794138840907512,0.9696969696969697,14.0,2.6967647676603903,6.0,1.1830340978496,9.0,1.3667838288635692
44,Travel_Rarely,1448,1.5997515321459936,Sales,28,3,Medical,Female,53,-0.6341131147526785,4,4,Sales Executive,Married,13320,1.4479888031196484,11737,-0.3619248155309974,3.0,0.12281890107805317,Yes,18,3,1,23.0,1.5063278540070333,2,3,3.5,12,0.8147908661356622,0.5217391304347826,11.0,1.8687530273713497,7.5,1.6485212830263376,11.0,1.9273005616164665
50,Non-Travel,145,-1.6294197602424623,Sales,1,3,Life Sciences,Female,95,1.4318575297159781,3,2,Sales Executive,Married,6347,-0.03312079946437527,24920,1.4901960431631907,0.0,-1.078137537747532,No,12,3,1,19.0,0.9922406880797102,3,3,2.75,18,1.794138840907512,0.9473684210526315,7.0,0.7647373736526294,0.0,-0.6789146428573514,13.0,2.4878172943693637
36,Travel_Rarely,885,0.20449179491291553,Research & Development,16,4,Life Sciences,Female,43,-1.1260108872452157,4,1,Laboratory Technician,Single,2743,-0.7986333489714484,8269,-0.8491549708789033,1.0,-0.6778187248056703,No,16,3,0,18.0,0.8637188965978794,1,3,2.5,17,1.6309141784455372,0.9444444444444444,13.0,2.42076085423071,7.5,1.6485212830263376,14.0,2.7680756607458123
39,Travel_Frequently,945,0.35318732641200024,Research & Development,22,3,Medical,Female,82,0.7923904254756797,3,3,Manufacturing Director,Single,10880,0.9297172657175233,5083,-1.2967660651518065,1.0,-0.6778187248056703,Yes,13,3,0,21.0,1.2492842710433718,2,3,2.75,18,1.794138840907512,1.0,6.0,0.48873346022294933,2.0,-0.058265062621700905,8.0,1.0865254624871206
33,Non-Travel,1038,0.5836654002355814,Sales,8,1,Life Sciences,Female,88,1.0875290889712022,2,1,Sales Representative,Single,2342,-0.8838083024543386,21437,1.000858490949593,0.0,-1.078137537747532,No,19,3,0,3.0,-1.0641079756295821,2,2,3.0,2,-0.8174557584840876,0.6666666666666666,2.0,-0.6152821934957711,2.0,-0.058265062621700905,2.0,-0.5950247357715714
45,Travel_Rarely,1234,1.0694041364659248,Sales,11,2,Life Sciences,Female,90,1.1859086434697095,3,4,Manager,Married,16581,2.140645968475521,5404,-1.2516677722260057,3.0,0.12281890107805317,No,13,3,1,26.0,1.8918932284525256,4,4,3.5,9,0.32511687874973727,0.34615384615384615,3.0,-0.339278280066091,1.0,-0.3685898527395261,1.0,-0.8752831021480201
32,Non-Travel,1109,0.759621779176165,Research & Development,29,4,Medical,Female,69,0.1529233212353812,3,1,Laboratory Technician,Single,4025,-0.526328385467545,11135,-0.44650167640742167,8.5,2.324572372258293,No,12,3,0,10.0,-0.16445543525676679,2,3,3.0,8,0.1618922162877623,0.8,7.0,0.7647373736526294,7.0,1.493358887967425,7.0,0.8062670961106719
34,Travel_Rarely,216,-1.453463381301879,Sales,1,4,Marketing,Male,75,0.4480619847309036,4,2,Sales Executive,Divorced,9725,0.684387910922665,12278,-0.2859180352417191,0.0,-1.078137537747532,No,11,3,1,16.0,0.6066753136342179,2,2,3.0,15,1.3044648535215873,0.9375,1.0,-0.8912861069254512,0.0,-0.6789146428573514,9.0,1.3667838288635692
59,Travel_Rarely,1089,0.7100566020098035,Sales,1,2,Technical Degree,Male,66,0.005353989487620002,3,3,Manager,Married,11904,1.1472213863321856,11038,-0.4601295094722276,3.0,0.12281890107805317,Yes,14,3,1,14.0,0.3496317306705563,1,1,2.5,6,-0.1645571086361877,0.42857142857142855,4.0,-0.06327436663641088,0.0,-0.6789146428573514,4.0,-0.03450800301867408
53,Travel_Frequently,124,-1.681463196267142,Sales,2,3,Marketing,Female,38,-1.3719597734914843,2,3,Sales Executive,Married,7525,0.21709390178960147,23537,1.295894052146422,2.0,-0.27749991186380857,No,12,3,1,28.5,2.2131977071571027,2,3,2.25,15,1.3044648535215873,0.5,7.0,0.7647373736526294,6.0,1.1830340978496,12.0,2.207558927992915
26,Travel_Frequently,342,-1.141202765153801,Research & Development,2,3,Life Sciences,Male,57,-0.4373540057556636,3,1,Research Scientist,Married,2042,-0.9475302127906655,15346,0.1451148703544099,6.0,1.3237753399036383,Yes,14,3,1,6.0,-0.6785426011840899,2,3,1.75,3,-0.6542310960221126,0.5,2.0,-0.6152821934957711,1.0,-0.3685898527395261,2.0,-0.5950247357715714
34,Travel_Rarely,1333,1.3147517634394146,Sales,10,4,Life Sciences,Female,87,1.0383393117219484,3,1,Sales Representative,Married,2220,-0.9097218793244449,18410,0.5755858034530211,1.0,-0.6778187248056703,Yes,19,3,1,1.0,-1.3211515585932438,2,3,3.25,1,-0.9806804209460626,1.0,1.0,-0.8912861069254512,0.0,-0.6789146428573514,0.0,-1.1555414685244687
28,Travel_Rarely,1144,0.8463608392172978,Sales,10,1,Medical,Male,74,0.39887220748164987,3,1,Sales Representative,Married,1052,-1.157812516900544,23384,1.2743986041163673,1.0,-0.6778187248056703,No,22,4,0,1.0,-1.3211515585932438,5,3,2.75,1,-0.9806804209460626,1.0,0.0,-1.1672900203551313,0.0,-0.6789146428573514,0.0,-1.1555414685244687
50,Travel_Rarely,1464,1.6394036738790827,Research & Development,2,4,Medical,Male,62,-0.19140511950939493,3,5,Research Director,Married,16581,2.140645968475521,12853,-0.2051344887235398,2.0,-0.27749991186380857,Yes,11,3,1,28.5,2.2131977071571027,2,2,2.75,8,0.1618922162877623,0.27586206896551724,1.0,-0.8912861069254512,7.0,1.493358887967425,7.0,0.8062670961106719
37,Travel_Rarely,124,-1.681463196267142,Research & Development,3,3,Other,Female,35,-1.5195291052392457,3,2,Healthcare Representative,Single,4107,-0.5089110633089491,13848,-0.06534382996599468,3.0,0.12281890107805317,No,15,3,0,8.0,-0.42149901822042835,3,2,2.25,4,-0.4910064335601377,0.5,3.0,-0.339278280066091,0.0,-0.6789146428573514,1.0,-0.8752831021480201
40,Travel_Rarely,300,-1.2452896372031603,Sales,26,3,Marketing,Male,74,0.39887220748164987,3,2,Sales Executive,Married,8396,0.4020998481327371,22217,1.110443127965558,1.0,-0.6778187248056703,No,14,3,1,8.0,-0.42149901822042835,3,2,2.0,7,-0.0013324461742127045,0.875,7.0,0.7647373736526294,7.0,1.493358887967425,5.0,0.2457503633577746
26,Travel_Frequently,921,0.29370911381236636,Research & Development,1,1,Medical,Female,66,0.005353989487620002,2,1,Research Scientist,Divorced,2007,-0.954964435663237,25265,1.5386661710740983,1.0,-0.6778187248056703,No,13,3,2,5.0,-0.8070643926659207,5,3,2.5,5,-0.32778177109816264,1.0,3.0,-0.339278280066091,1.0,-0.3685898527395261,3.0,-0.31476636939512276
46,Travel_Rarely,430,-0.9231159856218101,Research & Development,1,4,Medical,Male,40,-1.273580218992977,3,5,Research Director,Divorced,16581,2.140645968475521,21445,1.0019824359446285,8.5,2.324572372258293,No,17,3,2,23.0,1.5063278540070333,0,3,3.75,2,-0.8174557584840876,0.08695652173913043,2.0,-0.6152821934957711,2.0,-0.058265062621700905,2.0,-0.5950247357715714
54,Travel_Rarely,1082,0.6927087900015769,Sales,2,4,Life Sciences,Female,41,-1.2243904417437232,2,3,Sales Executive,Married,10686,0.8885104303666986,8392,-0.8318743165802319,6.0,1.3237753399036383,No,11,3,1,13.0,0.22110993918872554,4,3,2.75,9,0.32511687874973727,0.6923076923076923,4.0,-0.06327436663641088,7.0,1.493358887967425,0.0,-1.1555414685244687
55,Non-Travel,444,-0.888420361605357,Research & Development,2,1,Medical,Male,40,-1.273580218992977,2,4,Manager,Single,16581,2.140645968475521,17323,0.42286977725256736,7.0,1.7240941528455003,No,15,3,0,28.5,2.2131977071571027,3,4,2.5,9,0.32511687874973727,0.2903225806451613,7.0,0.7647373736526294,6.0,1.1830340978496,2.0,-0.5950247357715714
21,Travel_Rarely,1334,1.3172300222977327,Research & Development,10,3,Life Sciences,Female,36,-1.470339327989992,2,1,Laboratory Technician,Single,1416,-1.0804965990258009,17258,0.4137377241679036,1.0,-0.6778187248056703,No,13,3,0,1.0,-1.3211515585932438,6,2,1.75,1,-0.9806804209460626,1.0,0.0,-1.1672900203551313,1.0,-0.3685898527395261,0.0,-1.1555414685244687
46,Travel_Rarely,1003,0.49692634019444876,Research & Development,8,4,Life Sciences,Female,74,0.39887220748164987,2,2,Research Scientist,Divorced,4615,-0.4010086284727689,21029,0.9435372962027806,8.0,2.124412965787362,Yes,23,4,3,19.0,0.9922406880797102,2,3,2.25,16,1.4676895159835621,0.8421052631578947,13.0,2.42076085423071,1.0,-0.3685898527395261,7.0,0.8062670961106719
51,Travel_Rarely,1323,1.2899691748562339,Research & Development,4,4,Life Sciences,Male,34,-1.5687188824884994,3,1,Research Scientist,Married,2461,-0.8585319446875956,10332,-0.5593176552841138,8.5,2.324572372258293,Yes,12,3,3,18.0,0.8637188965978794,2,4,2.75,10,0.48834154121171225,0.5555555555555556,0.0,-1.1672900203551313,2.0,-0.058265062621700905,7.0,0.8062670961106719
28,Non-Travel,1366,1.3965343057639112,Research & Development,24,2,Technical Degree,Male,72,0.30049265298314237,2,3,Healthcare Representative,Single,8722,0.4713443240315456,12355,-0.27510006466450204,1.0,-0.6778187248056703,No,12,3,0,10.0,-0.16445543525676679,2,2,1.5,10,0.48834154121171225,1.0,7.0,0.7647373736526294,1.0,-0.3685898527395261,9.0,1.3667838288635692
26,Travel_Rarely,192,-1.5129415939015127,Research & Development,1,2,Medical,Male,59,-0.3389744512571561,2,1,Laboratory Technician,Married,3955,-0.541196831212688,11141,-0.445658717661145,1.0,-0.6778187248056703,No,16,3,2,6.0,-0.6785426011840899,2,3,1.5,5,-0.32778177109816264,0.8333333333333334,3.0,-0.339278280066091,1.0,-0.3685898527395261,3.0,-0.31476636939512276
30,Travel_Rarely,1176,0.9256651226834762,Research & Development,20,3,Other,Male,85,0.9399597572234408,3,2,Manufacturing Director,Married,9957,0.7336661882494244,9096,-0.7329671570171046,0.0,-1.078137537747532,No,15,3,1,7.0,-0.5500208097022591,1,2,2.25,6,-0.1645571086361877,0.8571428571428571,2.0,-0.6152821934957711,0.0,-0.6789146428573514,2.0,-0.5950247357715714
41,Travel_Rarely,509,-0.7273335358146819,Research & Development,7,2,Technical Degree,Female,43,-1.1260108872452157,4,1,Research Scientist,Married,3376,-0.6641801181617988,18863,0.6392291887969085,1.0,-0.6778187248056703,No,13,3,0,10.0,-0.16445543525676679,3,3,2.75,10,0.48834154121171225,1.0,6.0,0.48873346022294933,0.0,-0.6789146428573514,8.0,1.0865254624871206
40,Travel_Rarely,1492,1.708794921911989,Research & Development,20,4,Technical Degree,Male,61,-0.24059489675864865,3,3,Healthcare Representative,Married,10322,0.8111945124919554,26542,1.718075890906646,4.0,0.5231377140199149,No,20,4,1,14.0,0.3496317306705563,6,3,3.0,11,0.6515662036736872,0.7857142857142857,10.0,1.5927491139416698,7.5,1.6485212830263376,1.0,-0.8752831021480201
28,Travel_Rarely,857,0.13510054688000933,Research & Development,10,3,Other,Female,59,-0.3389744512571561,3,2,Research Scientist,Single,3660,-0.603856709710076,7909,-0.8997324956555026,3.0,0.12281890107805317,No,13,3,0,10.0,-0.16445543525676679,4,4,3.5,8,0.1618922162877623,0.8,7.0,0.7647373736526294,1.0,-0.3685898527395261,7.0,0.8062670961106719
33,Travel_Rarely,654,-0.3679860013585605,Research & Development,5,3,Life Sciences,Male,34,-1.5687188824884994,2,3,Healthcare Representative,Divorced,7119,0.13085691646777248,21214,0.9695285242129774,4.0,0.5231377140199149,No,15,3,1,9.0,-0.29297722673859755,2,3,3.5,3,-0.6542310960221126,0.3333333333333333,2.0,-0.6152821934957711,1.0,-0.3685898527395261,2.0,-0.5950247357715714
33,Travel_Frequently,827,0.06075278113046698,Research & Development,29,4,Medical,Female,54,-0.5849233375034247,2,2,Research Scientist,Single,4508,-0.4237361098260588,3129,-1.5712896301892367,1.0,-0.6778187248056703,No,22,4,0,14.0,0.3496317306705563,4,3,2.25,13,0.9780155285976372,0.9285714285714286,7.0,0.7647373736526294,3.0,0.2520597274961243,8.0,1.0865254624871206
34,Travel_Frequently,618,-0.45720332025801136,Research & Development,3,1,Life Sciences,Male,45,-1.0276313327467084,3,2,Healthcare Representative,Single,7756,0.26615977274857316,22266,1.1173272910601506,0.0,-1.078137537747532,No,17,3,0,7.0,-0.5500208097022591,1,2,2.5,6,-0.1645571086361877,0.8571428571428571,2.0,-0.6152821934957711,0.0,-0.6789146428573514,4.0,-0.03450800301867408
37,Travel_Rarely,309,-1.2229853074782975,Sales,10,4,Life Sciences,Female,88,1.0875290889712022,2,2,Sales Executive,Divorced,6694,0.04058421015797612,24223,1.3922723354707194,2.0,-0.27749991186380857,Yes,14,3,3,8.0,-0.42149901822042835,5,3,3.5,1,-0.9806804209460626,0.125,0.0,-1.1672900203551313,0.0,-0.6789146428573514,0.0,-1.1555414685244687
33,Travel_Rarely,1017,0.5316219642109018,Research & Development,25,3,Medical,Male,55,-0.5357335602541711,2,1,Research Scientist,Single,2313,-0.8899680871201836,2993,-1.590396695104841,4.0,0.5231377140199149,Yes,20,4,0,5.0,-0.8070643926659207,0,3,2.0,2,-0.8174557584840876,0.4,2.0,-0.6152821934957711,2.0,-0.058265062621700905,2.0,-0.5950247357715714
28,Travel_Frequently,1009,0.5117958933443573,Research & Development,1,3,Medical,Male,45,-1.0276313327467084,2,1,Laboratory Technician,Divorced,2596,-0.8298570850362486,7160,-1.0049618458157048,1.0,-0.6778187248056703,No,15,3,2,1.0,-1.3211515585932438,2,3,1.75,1,-0.9806804209460626,1.0,0.0,-1.1672900203551313,0.0,-0.6789146428573514,0.0,-1.1555414685244687
34,Non-Travel,697,-0.2614208704508832,Research & Development,3,4,Life Sciences,Male,40,-1.273580218992977,2,1,Research Scientist,Married,2979,-0.748505446173538,22478,1.1471118334285926,3.0,0.12281890107805317,No,17,3,3,6.0,-0.6785426011840899,2,3,3.5,0,-1.1439050834080375,0.0,0.0,-1.1672900203551313,0.0,-0.6789146428573514,0.0,-1.1555414685244687
45,Non-Travel,1050,0.6134045065353985,Sales,9,4,Life Sciences,Female,65,-0.04383578776163373,2,2,Sales Executive,Married,5593,-0.19327520077634341,17970,0.5137688287260666,1.0,-0.6778187248056703,No,13,3,1,15.0,0.4781535221523871,2,3,3.0,15,1.3044648535215873,1.0,10.0,1.5927491139416698,4.0,0.5623845176139496,12.0,2.207558927992915
52,Travel_Rarely,994,0.474622010469586,Research & Development,7,4,Life Sciences,Male,87,1.0383393117219484,3,3,Healthcare Representative,Single,10445,0.8373204957298495,15322,0.1417430353693033,7.0,1.7240941528455003,No,19,3,0,18.0,0.8637188965978794,4,3,2.75,8,0.1618922162877623,0.4444444444444444,6.0,0.48873346022294933,4.0,0.5623845176139496,0.0,-1.1555414685244687
29,Travel_Rarely,1107,0.7546652614595288,Research & Development,28,4,Life Sciences,Female,93,1.3334779752174708,3,1,Research Scientist,Divorced,2514,-0.8472744071948446,26968,1.7779259618922885,4.0,0.5231377140199149,No,22,4,1,11.0,-0.035933643774936005,1,3,2.75,7,-0.0013324461742127045,0.6363636363636364,5.0,0.21272954679326922,1.0,-0.3685898527395261,7.0,0.8062670961106719
28,Travel_Rarely,950,0.3655786207035906,Research & Development,3,3,Medical,Female,93,1.3334779752174708,3,3,Manufacturing Director,Divorced,7655,0.2447067296020098,8039,-0.8814683894861751,0.0,-1.078137537747532,No,17,3,3,10.0,-0.16445543525676679,3,2,2.5,9,0.32511687874973727,0.9,7.0,0.7647373736526294,1.0,-0.3685898527395261,7.0,0.8062670961106719
46,Travel_Rarely,406,-0.9825941982214439,Sales,3,1,Marketing,Male,52,-0.6833028920019322,3,4,Manager,Married,16581,2.140645968475521,15596,0.1802381514492705,3.0,0.12281890107805317,No,12,3,1,23.0,1.5063278540070333,3,3,2.75,12,0.8147908661356622,0.5217391304347826,9.0,1.3167452005119897,4.0,0.5623845176139496,9.0,1.3667838288635692
38,Travel_Rarely,130,-1.6665936431172335,Sales,2,2,Marketing,Male,32,-1.6670984369870068,3,3,Sales Executive,Single,7351,0.1801351937945319,20619,0.8859351152072092,7.0,1.7240941528455003,No,16,3,0,10.0,-0.16445543525676679,2,3,3.0,1,-0.9806804209460626,0.1,0.0,-1.1672900203551313,0.0,-0.6789146428573514,0.0,-1.1555414685244687
43,Travel_Frequently,1082,0.6927087900015769,Research & Development,27,3,Life Sciences,Female,83,0.8415802027249334,3,3,Manufacturing Director,Married,10820,0.916972883650258,11535,-0.39030442665564474,8.0,2.124412965787362,No,11,3,1,18.0,0.8637188965978794,1,3,2.5,8,0.1618922162877623,0.4444444444444444,7.0,0.7647373736526294,0.0,-0.6789146428573514,1.0,-0.8752831021480201
39,Travel_Frequently,203,-1.485680746460014,Research & Development,2,3,Life Sciences,Male,84,0.8907699799741872,3,4,Healthcare Representative,Divorced,12169,1.203509073795941,13547,-0.10763226040420681,7.0,1.7240941528455003,No,11,3,3,21.0,1.2492842710433718,4,3,3.0,18,1.794138840907512,0.8571428571428571,7.0,0.7647373736526294,7.5,1.6485212830263376,5.0,0.2457503633577746
21,Travel_Rarely,984,0.44983942188640524,Research & Development,1,1,Technical Degree,Female,70,0.20211309848463493,2,1,Research Scientist,Single,2070,-0.9415828344926084,25326,1.5472362516612441,1.0,-0.6778187248056703,Yes,11,3,0,2.0,-1.192629767111413,6,4,3.25,2,-0.8174557584840876,1.0,2.0,-0.6152821934957711,2.0,-0.058265062621700905,2.0,-0.5950247357715714
39,Non-Travel,439,-0.9008116558969473,Research & Development,9,3,Life Sciences,Male,70,0.20211309848463493,3,2,Laboratory Technician,Single,6782,0.059275970523298666,8770,-0.7787679155648027,8.5,2.324572372258293,No,15,3,0,9.0,-0.29297722673859755,2,2,2.5,5,-0.32778177109816264,0.5555555555555556,4.0,-0.06327436663641088,0.0,-0.6789146428573514,3.0,-0.31476636939512276
36,Non-Travel,217,-1.4509851224435608,Research & Development,18,4,Life Sciences,Male,78,0.5956313164786647,3,2,Manufacturing Director,Single,7779,0.27104511920769153,23238,1.2538866079569686,2.0,-0.27749991186380857,No,20,4,0,18.0,0.8637188965978794,0,3,2.25,11,0.6515662036736872,0.6111111111111112,9.0,1.3167452005119897,0.0,-0.6789146428573514,9.0,1.3667838288635692
31,Travel_Frequently,793,-0.023508020052347676,Sales,20,3,Life Sciences,Male,67,0.05454376673687373,4,1,Sales Representative,Married,2791,-0.7884378433176361,21981,1.0772867506120096,0.0,-1.078137537747532,No,12,3,1,3.0,-1.0641079756295821,4,3,2.75,2,-0.8174557584840876,0.6666666666666666,2.0,-0.6152821934957711,2.0,-0.058265062621700905,2.0,-0.5950247357715714
28,Travel_Rarely,1451,1.6071863087209477,Research & Development,2,1,Life Sciences,Male,67,0.05454376673687373,2,1,Research Scientist,Married,3201,-0.7013512325246561,19911,0.786465983146564,0.0,-1.078137537747532,No,17,3,0,6.0,-0.6785426011840899,2,1,1.25,5,-0.32778177109816264,0.8333333333333334,3.0,-0.339278280066091,0.0,-0.6789146428573514,4.0,-0.03450800301867408
49,Travel_Rarely,174,-1.557550253351238,Sales,8,4,Technical Degree,Male,56,-0.4865437830049173,2,4,Sales Executive,Married,13120,1.4055075295620971,11879,-0.3419747918691166,6.0,1.3237753399036383,No,17,3,1,22.0,1.3778060625252024,3,3,2.75,9,0.32511687874973727,0.4090909090909091,8.0,1.0407412870823096,2.0,-0.058265062621700905,3.0,-0.31476636939512276
34,Travel_Frequently,1003,0.49692634019444876,Research & Development,2,2,Life Sciences,Male,95,1.4318575297159781,3,2,Manufacturing Director,Single,4033,-0.524629134525243,15834,0.21367551505157775,2.0,-0.27749991186380857,No,11,3,0,5.0,-0.8070643926659207,3,2,3.25,3,-0.6542310960221126,0.6,2.0,-0.6152821934957711,0.0,-0.6789146428573514,2.0,-0.5950247357715714
42,Travel_Rarely,188,-1.5228546293347849,Research & Development,29,3,Medical,Male,56,-0.4865437830049173,1,2,Laboratory Technician,Single,4272,-0.47386401262396927,9558,-0.6680593335538022,4.0,0.5231377140199149,No,19,3,0,16.0,0.6066753136342179,3,3,2.5,1,-0.9806804209460626,0.0625,0.0,-1.1672900203551313,0.0,-0.6789146428573514,0.0,-1.1555414685244687
29,Travel_Rarely,718,-0.20937743442620355,Research & Development,8,1,Medical,Male,79,0.6448210937279185,2,2,Manufacturing Director,Married,5056,-0.30733742027836847,17689,0.47429026077544323,1.0,-0.6778187248056703,Yes,15,3,1,10.0,-0.16445543525676679,2,2,2.75,10,0.48834154121171225,1.0,7.0,0.7647373736526294,1.0,-0.3685898527395261,2.0,-0.5950247357715714
28,Travel_Frequently,773,-0.07307319721870924,Research & Development,6,3,Life Sciences,Male,39,-1.3227699962422308,2,1,Research Scientist,Divorced,2703,-0.8071296036829587,22088,1.09231951492061,1.0,-0.6778187248056703,Yes,14,3,1,3.0,-1.0641079756295821,2,3,3.25,3,-0.6542310960221126,1.0,1.0,-0.8912861069254512,0.0,-0.6789146428573514,2.0,-0.5950247357715714
18,Non-Travel,247,-1.3766373566940184,Research & Development,8,1,Medical,Male,80,0.6940108709771722,3,1,Laboratory Technician,Single,1904,-0.9768422915453758,13556,-0.10636782228479183,1.0,-0.6778187248056703,No,12,3,0,0.0,-1.4496733500750745,0,3,3.25,0,-1.1439050834080375,0.0,0.0,-1.1672900203551313,0.0,-0.6789146428573514,0.0,-1.1555414685244687
41,Travel_Rarely,167,-1.5748980653594646,Research & Development,12,4,Life Sciences,Male,46,-0.9784415554974546,3,1,Laboratory Technician,Married,4766,-0.3689352669368177,9051,-0.7392893476141794,3.0,0.12281890107805317,Yes,11,3,1,6.0,-0.6785426011840899,4,3,2.5,1,-0.9806804209460626,0.16666666666666666,0.0,-1.1672900203551313,0.0,-0.6789146428573514,0.0,-1.1555414685244687
37,Travel_Rarely,367,-1.079246293695849,Research & Development,25,2,Medical,Female,52,-0.6833028920019322,2,2,Healthcare Representative,Divorced,5731,-0.16396312202163305,17171,0.4015148223468921,7.0,1.7240941528455003,No,13,3,2,9.0,-0.29297722673859755,2,3,3.25,6,-0.1645571086361877,0.6666666666666666,2.0,-0.6152821934957711,1.0,-0.3685898527395261,3.0,-0.31476636939512276
27,Travel_Rarely,199,-1.495593781893286,Research & Development,6,3,Life Sciences,Male,55,-0.5357335602541711,2,1,Research Scientist,Married,2539,-0.8419642480001507,7950,-0.8939722775559454,1.0,-0.6778187248056703,No,13,3,1,4.0,-0.9355861841477514,0,3,3.25,4,-0.4910064335601377,1.0,2.0,-0.6152821934957711,2.0,-0.058265062621700905,2.0,-0.5950247357715714
34,Travel_Rarely,1400,1.4807951069467258,Sales,9,1,Life Sciences,Female,70,0.20211309848463493,3,2,Sales Executive,Married,5714,-0.1675740302740249,5829,-1.1919581943647426,1.0,-0.6778187248056703,No,20,4,0,6.0,-0.6785426011840899,3,2,2.0,6,-0.1645571086361877,1.0,5.0,0.21272954679326922,1.0,-0.3685898527395261,3.0,-0.31476636939512276
40,Travel_Frequently,593,-0.5191597917159633,Research & Development,9,4,Medical,Female,88,1.0875290889712022,3,3,Research Director,Single,13499,1.4860095429536568,13782,-0.07461637617503787,8.5,2.324572372258293,No,17,3,0,20.0,1.120762479561541,3,2,2.5,18,1.794138840907512,0.9,7.0,0.7647373736526294,2.0,-0.058265062621700905,13.0,2.4878172943693637
42,Travel_Frequently,481,-0.796724783847588,Sales,12,3,Life Sciences,Male,44,-1.0768211099959621,3,4,Sales Executive,Single,13758,1.5410227922106856,2447,-1.6671059410160165,0.0,-1.078137537747532,Yes,12,3,0,22.0,1.3778060625252024,2,2,2.0,18,1.794138840907512,0.9545454545454546,9.0,1.3167452005119897,7.5,1.6485212830263376,14.0,2.7680756607458123
42,Travel_Rarely,647,-0.38533381336678707,Sales,4,4,Marketing,Male,45,-1.0276313327467084,3,2,Sales Executive,Single,5155,-0.2863091898673806,2253,-1.6943616071456282,7.0,1.7240941528455003,No,13,3,0,9.0,-0.29297722673859755,3,4,2.75,6,-0.1645571086361877,0.6666666666666666,4.0,-0.06327436663641088,1.0,-0.3685898527395261,5.0,0.2457503633577746
35,Travel_Rarely,982,0.4448829041697691,Research & Development,1,4,Medical,Male,58,-0.38816422850640986,2,1,Laboratory Technician,Married,2258,-0.9016504373485101,16340,0.2847650359875756,6.0,1.3237753399036383,No,12,3,1,10.0,-0.16445543525676679,2,3,3.0,8,0.1618922162877623,0.8,0.0,-1.1672900203551313,1.0,-0.3685898527395261,7.0,0.8062670961106719
24,Travel_Rarely,477,-0.8066378192808604,Research & Development,24,3,Medical,Male,49,-0.8308722237496934,3,1,Laboratory Technician,Single,3597,-0.6172383108807047,6409,-1.1104721822246661,8.0,2.124412965787362,No,22,4,0,6.0,-0.6785426011840899,2,3,3.25,4,-0.4910064335601377,0.6666666666666666,3.0,-0.339278280066091,1.0,-0.3685898527395261,2.0,-0.5950247357715714
26,Travel_Rarely,1384,1.4411429652136365,Research & Development,3,4,Medical,Male,82,0.7923904254756797,4,1,Laboratory Technician,Married,4420,-0.44242787019138136,13421,-0.12533439407601654,1.0,-0.6778187248056703,No,22,4,1,8.0,-0.42149901822042835,2,3,2.5,8,0.1618922162877623,1.0,7.0,0.7647373736526294,0.0,-0.6789146428573514,7.0,0.8062670961106719
40,Travel_Frequently,902,0.24662219550432285,Research & Development,26,2,Medical,Female,92,1.284288197968217,2,2,Research Scientist,Married,4422,-0.44200305745580587,21203,0.9679830998448036,3.0,0.12281890107805317,Yes,13,3,1,16.0,0.6066753136342179,3,1,3.0,1,-0.9806804209460626,0.0625,1.0,-0.8912861069254512,0.0,-0.6789146428573514,0.0,-1.1555414685244687
35,Travel_Rarely,819,0.04092671026392236,Research & Development,2,3,Life Sciences,Male,44,-1.0768211099959621,2,3,Manufacturing Director,Divorced,10274,0.8009990068381432,19588,0.7410867039720042,2.0,-0.27749991186380857,No,18,3,1,15.0,0.4781535221523871,2,4,2.75,7,-0.0013324461742127045,0.4666666666666667,7.0,0.7647373736526294,6.0,1.1830340978496,4.0,-0.03450800301867408
34,Travel_Frequently,669,-0.3308121184837894,Research & Development,1,3,Medical,Male,97,1.5302370842144857,2,2,Healthcare Representative,Single,5343,-0.24637679272328245,25755,1.6075078020200249,0.0,-1.078137537747532,No,20,4,0,14.0,0.3496317306705563,3,3,2.75,13,0.9780155285976372,0.9285714285714286,9.0,1.3167452005119897,4.0,0.5623845176139496,9.0,1.3667838288635692
35,Travel_Frequently,636,-0.41259466080828594,Research & Development,4,4,Other,Male,47,-0.9292517782482008,2,1,Laboratory Technician,Married,2376,-0.8765864859495549,26537,1.7173734252847488,1.0,-0.6778187248056703,No,13,3,1,2.0,-1.192629767111413,2,4,3.5,2,-0.8174557584840876,1.0,2.0,-0.6152821934957711,2.0,-0.058265062621700905,2.0,-0.5950247357715714
43,Travel_Rarely,1372,1.4114038589138196,Sales,9,3,Marketing,Female,85,0.9399597572234408,1,2,Sales Executive,Single,5346,-0.24573957361991916,9489,-0.6777533591359837,8.0,2.124412965787362,No,13,3,0,7.0,-0.5500208097022591,2,2,2.0,4,-0.4910064335601377,0.5714285714285714,3.0,-0.339278280066091,1.0,-0.3685898527395261,3.0,-0.31476636939512276
29,Travel_Rarely,1401,1.4832733658050439,Research & Development,6,1,Medical,Female,54,-0.5849233375034247,3,1,Laboratory Technician,Married,3131,-0.716219678269799,26342,1.6899772660307575,1.0,-0.6778187248056703,No,13,3,1,10.0,-0.16445543525676679,5,3,2.5,10,0.48834154121171225,1.0,8.0,1.0407412870823096,0.0,-0.6789146428573514,8.0,1.0865254624871206
20,Travel_Rarely,805,0.006231086247469264,Research & Development,3,3,Life Sciences,Male,87,1.0383393117219484,2,1,Laboratory Technician,Single,3033,-0.7370355023129992,12828,-0.20864681683302583,1.0,-0.6778187248056703,No,12,3,0,2.0,-1.192629767111413,2,2,1.75,2,-0.8174557584840876,1.0,2.0,-0.6152821934957711,1.0,-0.3685898527395261,2.0,-0.5950247357715714
53,Travel_Rarely,1223,1.042143289024426,Research & Development,7,2,Medical,Female,50,-0.7816824465004397,3,5,Manager,Divorced,16581,2.140645968475521,18640,0.6078992220602929,3.0,0.12281890107805317,No,18,3,1,26.0,1.8918932284525256,6,3,3.0,7,-0.0013324461742127045,0.2692307692307692,7.0,0.7647373736526294,4.0,0.5623845176139496,7.0,0.8062670961106719
29,Travel_Rarely,942,0.34575254983704595,Research & Development,15,1,Life Sciences,Female,69,0.1529233212353812,1,1,Research Scientist,Married,2168,-0.9207670104494082,26933,1.773008702539008,0.0,-1.078137537747532,Yes,18,3,1,6.0,-0.6785426011840899,2,2,2.25,5,-0.32778177109816264,0.8333333333333334,4.0,-0.06327436663641088,1.0,-0.3685898527395261,3.0,-0.31476636939512276
22,Travel_Frequently,1256,1.1239258313489224,Research & Development,3,4,Life Sciences,Male,48,-0.8800620009989472,2,1,Research Scientist,Married,2853,-0.7752686485147953,4223,-1.417590152118127,0.0,-1.078137537747532,Yes,11,3,1,1.0,-1.3211515585932438,5,3,3.0,0,-1.1439050834080375,0.0,0.0,-1.1672900203551313,0.0,-0.6789146428573514,0.0,-1.1555414685244687
44,Non-Travel,111,-1.713680561425277,Research & Development,17,3,Life Sciences,Male,74,0.39887220748164987,1,1,Research Scientist,Single,2290,-0.894853433579302,4279,-1.409722537152878,2.0,-0.27749991186380857,No,13,3,0,6.0,-0.6785426011840899,3,3,3.5,0,-1.1439050834080375,0.0,0.0,-1.1672900203551313,0.0,-0.6789146428573514,0.0,-1.1555414685244687
33,Travel_Rarely,147,-1.6244632425258263,Human Resources,2,3,Human Resources,Male,99,1.628616638712993,3,1,Human Resources,Married,3600,-0.6166010917773415,8429,-0.8266760709781926,1.0,-0.6778187248056703,No,13,3,1,5.0,-0.8070643926659207,2,3,3.0,5,-0.32778177109816264,1.0,4.0,-0.06327436663641088,1.0,-0.3685898527395261,4.0,-0.03450800301867408
41,Non-Travel,906,0.25653523093759517,Research & Development,5,2,Life Sciences,Male,95,1.4318575297159781,2,1,Research Scientist,Divorced,2107,-0.9337237988844613,20293,0.840134356659511,6.0,1.3237753399036383,No,17,3,1,5.0,-0.8070643926659207,2,1,1.0,1,-0.9806804209460626,0.2,0.0,-1.1672900203551313,0.0,-0.6789146428573514,0.0,-1.1555414685244687
30,Travel_Rarely,1329,1.3048387280061422,Sales,29,4,Life Sciences,Male,61,-0.24059489675864865,3,2,Sales Executive,Divorced,4115,-0.507211812366647,13192,-0.15750731955890884,8.0,2.124412965787362,No,19,3,3,8.0,-0.42149901822042835,3,3,2.5,4,-0.4910064335601377,0.5,3.0,-0.339278280066091,0.0,-0.6789146428573514,3.0,-0.31476636939512276
40,Travel_Frequently,1184,0.9454911935500209,Sales,2,4,Medical,Male,62,-0.19140511950939493,3,2,Sales Executive,Married,4327,-0.4621816623956427,25440,1.5632524678405006,5.0,0.9234565269617766,No,12,3,3,5.0,-0.8070643926659207,2,3,2.75,0,-1.1439050834080375,0.0,0.0,-1.1672900203551313,0.0,-0.6789146428573514,0.0,-1.1555414685244687
50,Travel_Frequently,1421,1.5328385429714055,Research & Development,2,3,Medical,Female,30,-1.7654779914855143,3,4,Manager,Married,16581,2.140645968475521,9490,-0.6776128660116043,2.0,-0.27749991186380857,No,22,4,1,28.5,2.2131977071571027,3,3,2.75,2,-0.8174557584840876,0.0625,2.0,-0.6152821934957711,2.0,-0.058265062621700905,2.0,-0.5950247357715714
28,Travel_Rarely,1179,0.9330998992584305,Research & Development,19,4,Medical,Male,78,0.5956313164786647,2,1,Laboratory Technician,Married,3196,-0.7024132643635949,12449,-0.2618937109728345,1.0,-0.6778187248056703,No,12,3,3,6.0,-0.6785426011840899,2,3,2.75,6,-0.1645571086361877,1.0,5.0,0.21272954679326922,3.0,0.2520597274961243,3.0,-0.31476636939512276
46,Travel_Rarely,1450,1.6047080498626296,Research & Development,15,2,Life Sciences,Male,52,-0.6833028920019322,3,5,Research Director,Married,16581,2.140645968475521,10849,-0.4866827099799422,5.0,0.9234565269617766,No,11,3,1,25.0,1.7633714369706948,2,3,2.5,4,-0.4910064335601377,0.16,2.0,-0.6152821934957711,0.0,-0.6789146428573514,3.0,-0.31476636939512276
35,Travel_Rarely,1361,1.3841430114723208,Sales,17,4,Life Sciences,Male,94,1.3826677524667244,3,2,Sales Executive,Married,8966,0.5231714777717581,21026,0.9431158168296423,3.0,0.12281890107805317,Yes,15,3,3,15.0,0.4781535221523871,2,3,2.75,7,-0.0013324461742127045,0.4666666666666667,7.0,0.7647373736526294,1.0,-0.3685898527395261,7.0,0.8062670961106719
24,Travel_Rarely,984,0.44983942188640524,Research & Development,17,2,Life Sciences,Female,97,1.5302370842144857,3,1,Laboratory Technician,Married,2210,-0.9118459430023225,3372,-1.5371498009650324,1.0,-0.6778187248056703,No,13,3,1,1.0,-1.3211515585932438,3,1,2.0,1,-0.9806804209460626,1.0,0.0,-1.1672900203551313,0.0,-0.6789146428573514,0.0,-1.1555414685244687
36,Travel_Rarely,917,0.28379607837909404,Research & Development,6,4,Life Sciences,Male,60,-0.28978467400790237,1,1,Laboratory Technician,Divorced,2741,-0.7990581617070239,6865,-1.0464073175076403,1.0,-0.6778187248056703,No,14,3,1,7.0,-0.5500208097022591,4,3,3.0,7,-0.0013324461742127045,1.0,7.0,0.7647373736526294,1.0,-0.3685898527395261,7.0,0.8062670961106719
30,Travel_Rarely,853,0.125187511446737,Research & Development,7,4,Life Sciences,Male,49,-0.8308722237496934,3,2,Laboratory Technician,Divorced,3491,-0.6397533858662068,11309,-0.4220558727653987,1.0,-0.6778187248056703,No,13,3,3,10.0,-0.16445543525676679,4,2,2.25,10,0.48834154121171225,1.0,7.0,0.7647373736526294,7.5,1.6485212830263376,9.0,1.3667838288635692
20,Travel_Rarely,654,-0.3679860013585605,Sales,21,3,Marketing,Male,43,-1.1260108872452157,4,1,Sales Representative,Single,2678,-0.8124397628776526,5050,-1.3014023382563282,1.0,-0.6778187248056703,No,17,3,0,2.0,-1.192629767111413,2,3,3.5,2,-0.8174557584840876,1.0,1.0,-0.8912861069254512,2.0,-0.058265062621700905,2.0,-0.5950247357715714
42,Non-Travel,179,-1.5451589590596477,Human Resources,2,5,Medical,Male,79,0.6448210937279185,4,2,Human Resources,Married,6272,-0.04905127704845697,12858,-0.20443202310164257,7.0,1.7240941528455003,No,16,3,1,10.0,-0.16445543525676679,3,4,2.5,4,-0.4910064335601377,0.4,3.0,-0.339278280066091,0.0,-0.6789146428573514,3.0,-0.31476636939512276
60,Travel_Rarely,696,-0.2638991293092013,Sales,7,4,Marketing,Male,52,-0.6833028920019322,4,2,Sales Executive,Divorced,5220,-0.27250277596117645,10893,-0.4805010125072467,0.0,-1.078137537747532,Yes,18,3,1,12.0,0.09258814770689477,3,3,2.75,11,0.6515662036736872,0.9166666666666666,7.0,0.7647373736526294,1.0,-0.3685898527395261,9.0,1.3667838288635692
32,Travel_Frequently,116,-1.7012892671336866,Research & Development,13,3,Other,Female,77,0.5464415392294111,2,1,Laboratory Technician,Married,2743,-0.7986333489714484,7331,-0.9809375215468202,1.0,-0.6778187248056703,No,20,4,1,2.0,-1.192629767111413,2,3,2.75,2,-0.8174557584840876,1.0,2.0,-0.6152821934957711,2.0,-0.058265062621700905,2.0,-0.5950247357715714
32,Travel_Frequently,1316,1.2726213628480072,Research & Development,2,2,Life Sciences,Female,38,-1.3719597734914843,3,2,Research Scientist,Single,4998,-0.31965698961005834,2338,-1.6824196915733758,4.0,0.5231377140199149,Yes,14,3,0,10.0,-0.16445543525676679,2,3,3.5,8,0.1618922162877623,0.8,7.0,0.7647373736526294,0.0,-0.6789146428573514,7.0,0.8062670961106719
36,Travel_Rarely,363,-1.0891593291291213,Research & Development,1,3,Technical Degree,Female,77,0.5464415392294111,1,3,Manufacturing Director,Divorced,10252,0.7963260667468125,4235,-1.4159042346255737,2.0,-0.27749991186380857,Yes,21,4,1,17.0,0.7351971051160486,2,3,2.5,7,-0.0013324461742127045,0.4117647058823529,7.0,0.7647373736526294,7.0,1.493358887967425,7.0,0.8062670961106719
33,Travel_Rarely,117,-1.6988110082753685,Research & Development,9,3,Medical,Male,60,-0.28978467400790237,3,1,Research Scientist,Married,2781,-0.7905619069955137,6311,-1.1242405084138514,0.0,-1.078137537747532,No,13,3,1,15.0,0.4781535221523871,5,3,2.5,14,1.1412401910596122,0.9333333333333333,10.0,1.5927491139416698,4.0,0.5623845176139496,10.0,1.6470421952400178
40,Travel_Rarely,107,-1.7235935968585494,Sales,10,3,Technical Degree,Female,84,0.8907699799741872,2,2,Sales Executive,Divorced,6852,0.07414441626844159,11591,-0.38243681169039595,7.0,1.7240941528455003,No,12,3,1,7.0,-0.5500208097022591,2,4,2.5,5,-0.32778177109816264,0.7142857142857143,1.0,-0.8912861069254512,1.0,-0.3685898527395261,3.0,-0.31476636939512276
25,Travel_Rarely,1356,1.3717517171807303,Sales,10,4,Life Sciences,Male,57,-0.4373540057556636,3,2,Sales Executive,Single,4950,-0.3298524952638706,20623,0.886497087704727,0.0,-1.078137537747532,No,14,3,0,5.0,-0.8070643926659207,4,3,3.0,4,-0.4910064335601377,0.8,3.0,-0.339278280066091,1.0,-0.3685898527395261,1.0,-0.8752831021480201
42,Travel_Frequently,458,-0.8537247375889039,Research & Development,26,5,Medical,Female,60,-0.28978467400790237,3,3,Research Director,Married,13191,1.4205883816750278,23281,1.2599278123052846,3.0,0.12281890107805317,Yes,17,3,0,20.0,1.120762479561541,6,3,2.0,1,-0.9806804209460626,0.05,0.0,-1.1672900203551313,0.0,-0.6789146428573514,0.0,-1.1555414685244687
35,Non-Travel,1212,1.0148824415829272,Sales,8,2,Marketing,Female,78,0.5956313164786647,2,3,Sales Executive,Married,10377,0.822876862720282,13755,-0.07840969053328281,4.0,0.5231377140199149,Yes,11,3,1,16.0,0.6066753136342179,6,2,2.75,13,0.9780155285976372,0.8125,2.0,-0.6152821934957711,4.0,0.5623845176139496,12.0,2.207558927992915
27,Travel_Rarely,1103,0.7447522260262566,Research & Development,14,3,Life Sciences,Male,42,-1.1752006644944695,3,1,Research Scientist,Married,2235,-0.9065357838076286,14377,0.008977032830730307,1.0,-0.6778187248056703,Yes,14,3,2,9.0,-0.29297722673859755,3,2,2.0,9,0.32511687874973727,1.0,7.0,0.7647373736526294,6.0,1.1830340978496,8.0,1.0865254624871206
54,Travel_Frequently,966,0.4052307624366799,Research & Development,1,4,Life Sciences,Female,53,-0.6341131147526785,3,3,Manufacturing Director,Divorced,10502,0.8494276586937516,9659,-0.6538695279914786,7.0,1.7240941528455003,No,17,3,1,28.5,2.2131977071571027,2,1,2.25,5,-0.32778177109816264,0.15151515151515152,4.0,-0.06327436663641088,1.0,-0.3685898527395261,4.0,-0.03450800301867408
44,Travel_Rarely,1117,0.7794478500427097,Research & Development,2,1,Life Sciences,Female,72,0.30049265298314237,4,1,Research Scientist,Married,2011,-0.9541148101920859,19982,0.7964409949775044,1.0,-0.6778187248056703,No,13,3,1,10.0,-0.16445543525676679,5,3,3.0,10,0.48834154121171225,1.0,5.0,0.21272954679326922,7.0,1.493358887967425,7.0,0.8062670961106719
29,Travel_Rarely,1010,0.5142741522026752,Research & Development,1,3,Life Sciences,Female,97,1.5302370842144857,3,1,Research Scientist,Divorced,3760,-0.5826160729313005,5598,-1.2244121060963937,1.0,-0.6778187248056703,No,15,3,3,3.0,-1.0641079756295821,5,3,2.25,3,-0.6542310960221126,1.0,2.0,-0.6152821934957711,1.0,-0.3685898527395261,2.0,-0.5950247357715714
54,Travel_Rarely,685,-0.2911599767507001,Research & Development,3,3,Life Sciences,Male,85,0.9399597572234408,3,4,Research Director,Married,16581,2.140645968475521,23474,1.287042985310517,3.0,0.12281890107805317,No,14,3,0,28.5,2.2131977071571027,2,3,3.0,10,0.48834154121171225,0.2777777777777778,9.0,1.3167452005119897,0.0,-0.6789146428573514,9.0,1.3667838288635692
31,Travel_Rarely,1062,0.6431436128352154,Research & Development,24,3,Medical,Female,96,1.481047306965232,2,2,Healthcare Representative,Single,6812,0.06564816155693134,17198,0.40530813670513705,1.0,-0.6778187248056703,No,19,3,0,10.0,-0.16445543525676679,2,3,2.25,10,0.48834154121171225,1.0,9.0,1.3167452005119897,1.0,-0.3685898527395261,8.0,1.0865254624871206
59,Travel_Rarely,326,-1.18085490688689,Sales,3,3,Life Sciences,Female,48,-0.8800620009989472,2,2,Sales Executive,Single,5171,-0.2829106879827765,16490,0.30583900464449193,5.0,0.9234565269617766,No,17,3,0,13.0,0.22110993918872554,2,3,3.5,6,-0.1645571086361877,0.46153846153846156,1.0,-0.8912861069254512,0.0,-0.6789146428573514,5.0,0.2457503633577746
43,Travel_Rarely,920,0.29123085495404827,Research & Development,3,3,Life Sciences,Male,96,1.481047306965232,1,5,Research Director,Married,16581,2.140645968475521,18625,0.6057918251946013,3.0,0.12281890107805317,No,14,3,1,25.0,1.7633714369706948,2,3,3.0,8,0.1618922162877623,0.32,7.0,0.7647373736526294,0.0,-0.6789146428573514,7.0,0.8062670961106719
49,Travel_Rarely,1098,0.7323609317346662,Research & Development,4,2,Medical,Male,85,0.9399597572234408,2,5,Manager,Married,16581,2.140645968475521,12124,-0.30755397639615323,2.0,-0.27749991186380857,No,13,3,1,23.0,1.5063278540070333,2,4,2.75,1,-0.9806804209460626,0.043478260869565216,0.0,-1.1672900203551313,0.0,-0.6789146428573514,0.0,-1.1555414685244687
36,Travel_Frequently,469,-0.8264638901474051,Research & Development,3,3,Technical Degree,Male,46,-0.9784415554974546,3,1,Research Scientist,Married,3692,-0.5970597059408679,9256,-0.7104882571163937,1.0,-0.6778187248056703,No,12,3,0,12.0,0.09258814770689477,2,2,2.5,11,0.6515662036736872,0.9166666666666666,10.0,1.5927491139416698,0.0,-0.6789146428573514,7.0,0.8062670961106719
27,Travel_Rarely,1167,0.9033607929586136,Research & Development,4,2,Life Sciences,Male,76,0.4972517619801573,3,1,Research Scientist,Divorced,2517,-0.8466371880914814,3208,-1.560190673363261,1.0,-0.6778187248056703,No,11,3,3,5.0,-0.8070643926659207,2,3,2.25,5,-0.32778177109816264,1.0,3.0,-0.339278280066091,0.0,-0.6789146428573514,3.0,-0.31476636939512276
29,Travel_Rarely,1329,1.3048387280061422,Research & Development,7,3,Life Sciences,Male,82,0.7923904254756797,3,2,Healthcare Representative,Divorced,6623,0.025503358045045433,4204,-1.4202595214813363,1.0,-0.6778187248056703,Yes,11,3,2,6.0,-0.6785426011840899,2,3,3.0,6,-0.1645571086361877,1.0,0.0,-1.1672900203551313,1.0,-0.3685898527395261,0.0,-1.1555414685244687
34,Travel_Rarely,1320,1.2825343982812796,Research & Development,20,3,Technical Degree,Female,89,1.1367188662204557,4,1,Research Scientist,Married,2585,-0.832193555081914,21643,1.0298000745717582,0.0,-1.078137537747532,No,17,3,0,2.0,-1.192629767111413,5,2,3.0,1,-0.9806804209460626,0.5,0.0,-1.1672900203551313,0.0,-0.6789146428573514,0.0,-1.1555414685244687
44,Travel_Rarely,1099,0.7348391905929843,Sales,5,3,Marketing,Male,88,1.0875290889712022,3,5,Manager,Married,16581,2.140645968475521,8751,-0.7814372849280121,7.0,1.7240941528455003,No,11,3,1,26.0,1.8918932284525256,5,3,2.5,18,1.794138840907512,0.8461538461538461,9.0,1.3167452005119897,3.0,0.2520597274961243,10.0,1.6470421952400178
19,Travel_Rarely,265,-1.332028697244293,Research & Development,25,3,Life Sciences,Female,57,-0.4373540057556636,4,1,Research Scientist,Single,2994,-0.7453193506567216,21221,0.9705119760836335,1.0,-0.6778187248056703,Yes,12,3,0,1.0,-1.3211515585932438,2,3,3.25,1,-0.9806804209460626,1.0,0.0,-1.1672900203551313,0.0,-0.6789146428573514,1.0,-0.8752831021480201
23,Travel_Rarely,373,-1.0643767405459406,Research & Development,1,2,Life Sciences,Male,47,-0.9292517782482008,3,1,Research Scientist,Married,1223,-1.1214910280088377,16901,0.3635816787644427,1.0,-0.6778187248056703,No,22,4,1,1.0,-1.3211515585932438,2,3,3.5,1,-0.9806804209460626,1.0,0.0,-1.1672900203551313,0.0,-0.6789146428573514,1.0,-0.8752831021480201
25,Travel_Frequently,599,-0.5042902385660548,Sales,24,1,Life Sciences,Male,73,0.3496824302323961,1,1,Sales Representative,Single,1118,-1.1437936966265523,8040,-0.8813278963617956,1.0,-0.6778187248056703,Yes,14,3,0,1.0,-1.3211515585932438,4,3,3.5,1,-0.9806804209460626,1.0,0.0,-1.1672900203551313,1.0,-0.3685898527395261,0.0,-1.1555414685244687
45,Travel_Rarely,1449,1.6022297910043117,Sales,2,3,Marketing,Female,94,1.3826677524667244,1,5,Manager,Single,16581,2.140645968475521,2493,-1.6606432572945622,2.0,-0.27749991186380857,Yes,16,3,0,26.0,1.8918932284525256,2,3,1.75,18,1.794138840907512,0.9230769230769231,10.0,1.5927491139416698,1.0,-0.3685898527395261,11.0,1.9273005616164665
55,Non-Travel,177,-1.550115476776284,Research & Development,8,1,Medical,Male,37,-1.4211495507407381,2,4,Healthcare Representative,Divorced,13577,1.5025772396411017,25592,1.584607422746176,1.0,-0.6778187248056703,Yes,15,3,1,28.5,2.2131977071571027,3,3,3.25,18,1.794138840907512,0.9705882352941176,9.0,1.3167452005119897,7.5,1.6485212830263376,0.0,-1.1555414685244687
46,Travel_Rarely,168,-1.5724198065011465,Sales,4,2,Marketing,Female,33,-1.617908659737753,2,5,Manager,Married,16581,2.140645968475521,9946,-0.6135480012945785,2.0,-0.27749991186380857,No,14,3,1,26.0,1.8918932284525256,2,3,3.0,11,0.6515662036736872,0.4230769230769231,4.0,-0.06327436663641088,0.0,-0.6789146428573514,8.0,1.0865254624871206
34,Travel_Rarely,131,-1.6641153842589154,Sales,2,3,Marketing,Female,86,0.9891495344726946,3,2,Sales Executive,Single,4538,-0.4173639187924261,6039,-1.1624546382450598,0.0,-1.078137537747532,Yes,12,3,0,4.0,-0.9355861841477514,3,3,2.75,3,-0.6542310960221126,0.75,2.0,-0.6152821934957711,0.0,-0.6789146428573514,2.0,-0.5950247357715714
51,Travel_Frequently,237,-1.4014199452771992,Sales,9,3,Life Sciences,Male,83,0.8415802027249334,3,5,Manager,Divorced,16581,2.140645968475521,19196,0.6860133992152628,4.0,0.5231377140199149,Yes,24,4,1,28.5,2.2131977071571027,5,2,2.25,18,1.794138840907512,0.9354838709677419,10.0,1.5927491139416698,7.5,1.6485212830263376,10.0,1.6470421952400178
34,Travel_Frequently,135,-1.6542023488256432,Research & Development,19,3,Medical,Female,46,-0.9784415554974546,3,2,Laboratory Technician,Divorced,4444,-0.43733011736447525,22534,1.1549794483938411,4.0,0.5231377140199149,No,13,3,2,15.0,0.4781535221523871,2,4,3.0,11,0.6515662036736872,0.7333333333333333,8.0,1.0407412870823096,5.0,0.8727093077317748,10.0,1.6470421952400178
28,Travel_Frequently,791,-0.02846453776898383,Research & Development,1,4,Medical,Male,44,-1.0768211099959621,3,1,Laboratory Technician,Single,2154,-0.9237406995984369,6842,-1.0496386593683675,0.0,-1.078137537747532,Yes,11,3,0,5.0,-0.8070643926659207,2,2,3.0,4,-0.4910064335601377,0.8,2.0,-0.6152821934957711,0.0,-0.6789146428573514,2.0,-0.5950247357715714
34,Travel_Frequently,648,-0.38285555450846903,Human Resources,11,3,Life Sciences,Male,56,-0.4865437830049173,2,2,Human Resources,Married,4490,-0.42755942444623846,21833,1.0564937682038522,4.0,0.5231377140199149,No,11,3,2,14.0,0.3496317306705563,5,4,3.25,10,0.48834154121171225,0.7142857142857143,9.0,1.3167452005119897,1.0,-0.3685898527395261,8.0,1.0865254624871206
35,Travel_Rarely,735,-0.16724703383479622,Research & Development,6,1,Life Sciences,Male,66,0.005353989487620002,3,1,Research Scientist,Married,3506,-0.6365672903493905,6020,-1.1651240076082692,0.0,-1.078137537747532,Yes,14,3,0,4.0,-0.9355861841477514,3,3,3.25,3,-0.6542310960221126,0.75,2.0,-0.6152821934957711,2.0,-0.058265062621700905,2.0,-0.5950247357715714
42,Travel_Rarely,603,-0.49437720313278255,Research & Development,7,4,Medical,Female,78,0.5956313164786647,4,2,Research Scientist,Married,2372,-0.877436111420706,5628,-1.2201973123650105,6.0,1.3237753399036383,Yes,16,3,0,18.0,0.8637188965978794,2,3,2.75,1,-0.9806804209460626,0.05555555555555555,0.0,-1.1672900203551313,0.0,-0.6789146428573514,0.0,-1.1555414685244687
43,Travel_Rarely,531,-0.6728118409316841,Sales,4,4,Marketing,Female,56,-0.4865437830049173,2,3,Sales Executive,Single,10231,0.7918655330232697,20364,0.8501093684904514,3.0,0.12281890107805317,No,14,3,0,23.0,1.5063278540070333,3,4,4.0,18,1.794138840907512,0.9130434782608695,7.0,0.7647373736526294,7.5,1.6485212830263376,14.5,2.908204843934037
36,Travel_Rarely,429,-0.9255942444801282,Research & Development,2,4,Life Sciences,Female,53,-0.6341131147526785,3,2,Manufacturing Director,Single,5410,-0.23214556608150277,2323,-1.6845270884390673,8.5,2.324572372258293,Yes,11,3,0,18.0,0.8637188965978794,2,3,3.0,16,1.4676895159835621,0.8888888888888888,14.0,2.6967647676603903,5.0,0.8727093077317748,12.0,2.207558927992915
44,Travel_Rarely,621,-0.44976854368305713,Research & Development,15,3,Medical,Female,73,0.3496824302323961,3,3,Healthcare Representative,Married,7978,0.313313986397455,14075,-0.03345189073186127,1.0,-0.6778187248056703,No,11,3,1,10.0,-0.16445543525676679,2,3,3.0,10,0.48834154121171225,1.0,7.0,0.7647373736526294,0.0,-0.6789146428573514,5.0,0.2457503633577746
51,Travel_Frequently,968,0.410187280153316,Research & Development,6,2,Medical,Female,40,-1.273580218992977,2,1,Laboratory Technician,Single,2838,-0.7784547440316116,4257,-1.412813385889226,0.0,-1.078137537747532,No,14,3,0,8.0,-0.42149901822042835,6,2,2.25,7,-0.0013324461742127045,0.875,0.0,-1.1672900203551313,7.0,1.493358887967425,7.0,0.8062670961106719
29,Travel_Rarely,806,0.008709345105787343,Research & Development,7,3,Technical Degree,Female,39,-1.3227699962422308,3,1,Laboratory Technician,Divorced,3339,-0.6720391537699457,17285,0.41753103852614853,3.0,0.12281890107805317,Yes,13,3,2,10.0,-0.16445543525676679,2,3,2.25,7,-0.0013324461742127045,0.7,7.0,0.7647373736526294,7.0,1.493358887967425,7.0,0.8062670961106719
28,Travel_Rarely,640,-0.4026816253750136,Research & Development,1,3,Technical Degree,Male,84,0.8907699799741872,3,1,Research Scientist,Single,2080,-0.9394587708147307,4732,-1.3460791518089907,2.0,-0.27749991186380857,No,11,3,0,5.0,-0.8070643926659207,2,2,2.25,3,-0.6542310960221126,0.6,2.0,-0.6152821934957711,1.0,-0.3685898527395261,2.0,-0.5950247357715714
32,Travel_Rarely,604,-0.49189894427446446,Sales,8,3,Medical,Male,56,-0.4865437830049173,4,2,Sales Executive,Married,6209,-0.062432878219085615,11693,-0.36810651300369285,1.0,-0.6778187248056703,No,15,3,2,10.0,-0.16445543525676679,4,4,3.5,10,0.48834154121171225,1.0,7.0,0.7647373736526294,0.0,-0.6789146428573514,8.0,1.0865254624871206
39,Travel_Rarely,412,-0.9677246450715354,Research & Development,13,4,Medical,Female,94,1.3826677524667244,2,4,Manager,Divorced,16581,2.140645968475521,17334,0.4244152016207412,6.0,1.3237753399036383,Yes,13,3,2,21.0,1.2492842710433718,4,3,3.0,18,1.794138840907512,0.9047619047619048,9.0,1.3167452005119897,7.5,1.6485212830263376,2.0,-0.5950247357715714
58,Travel_Rarely,848,0.11279621715514662,Research & Development,23,4,Life Sciences,Male,88,1.0875290889712022,3,1,Research Scientist,Divorced,2372,-0.877436111420706,26076,1.6526060949458259,1.0,-0.6778187248056703,No,12,3,2,2.0,-1.192629767111413,3,3,2.75,2,-0.8174557584840876,1.0,2.0,-0.6152821934957711,2.0,-0.058265062621700905,2.0,-0.5950247357715714
39,Travel_Rarely,360,-1.0965941057040756,Research & Development,23,3,Medical,Male,93,1.3334779752174708,3,1,Research Scientist,Single,3904,-0.5520295559698636,22154,1.1015920611296532,0.0,-1.078137537747532,No,13,3,0,6.0,-0.6785426011840899,2,3,2.0,5,-0.32778177109816264,0.8333333333333334,2.0,-0.6152821934957711,0.0,-0.6789146428573514,3.0,-0.31476636939512276
30,Travel_Rarely,1138,0.8314912860673893,Research & Development,6,3,Technical Degree,Female,48,-0.8800620009989472,2,2,Laboratory Technician,Married,4627,-0.39845975205931583,23631,1.3091004058380895,0.0,-1.078137537747532,No,12,3,1,10.0,-0.16445543525676679,6,3,2.25,9,0.32511687874973727,0.9,2.0,-0.6152821934957711,6.0,1.1830340978496,7.0,0.8062670961106719
46,Travel_Rarely,991,0.4671872338946318,Human Resources,1,2,Life Sciences,Female,44,-1.0768211099959621,3,1,Human Resources,Single,3423,-0.6541970188757743,22957,1.2144080400063453,6.0,1.3237753399036383,No,12,3,0,10.0,-0.16445543525676679,3,4,3.0,7,-0.0013324461742127045,0.7,6.0,0.48873346022294933,5.0,0.8727093077317748,7.0,0.8062670961106719
28,Non-Travel,1476,1.6691427801788998,Research & Development,1,3,Life Sciences,Female,55,-0.5357335602541711,1,2,Laboratory Technician,Married,6674,0.036336082802221,16392,0.29207067845530654,0.0,-1.078137537747532,No,11,3,3,10.0,-0.16445543525676679,6,3,2.75,9,0.32511687874973727,0.9,8.0,1.0407412870823096,7.0,1.493358887967425,5.0,0.2457503633577746
50,Travel_Rarely,1322,1.2874909159979158,Research & Development,28,3,Life Sciences,Female,43,-1.1260108872452157,3,4,Research Director,Married,16581,2.140645968475521,22422,1.1392442184633438,4.0,0.5231377140199149,Yes,11,3,0,25.0,1.7633714369706948,2,3,2.5,3,-0.6542310960221126,0.12,2.0,-0.6152821934957711,1.0,-0.3685898527395261,2.0,-0.5950247357715714
40,Travel_Rarely,299,-1.2477678960614784,Sales,25,4,Marketing,Male,57,-0.4373540057556636,2,3,Sales Executive,Single,9094,0.5503594928485909,17235,0.41050638230717645,2.0,-0.27749991186380857,Yes,12,3,0,9.0,-0.29297722673859755,2,3,3.0,5,-0.32778177109816264,0.5555555555555556,4.0,-0.06327436663641088,1.0,-0.3685898527395261,0.0,-1.1555414685244687
52,Travel_Rarely,1030,0.5638393293690369,Sales,5,3,Life Sciences,Male,64,-0.09302556501088746,3,3,Sales Executive,Single,8446,0.4127201665221249,21534,1.0144863240143989,8.5,2.324572372258293,Yes,19,3,0,10.0,-0.16445543525676679,2,2,2.25,8,0.1618922162877623,0.8,7.0,0.7647373736526294,7.0,1.493358887967425,7.0,0.8062670961106719
41,Non-Travel,256,-1.3543330269691556,Sales,10,2,Medical,Male,40,-1.273580218992977,1,2,Sales Executive,Single,6151,-0.07475244755077547,22074,1.0903526111792978,1.0,-0.6778187248056703,No,13,3,0,19.0,0.9922406880797102,4,3,2.25,18,1.794138840907512,1.0,2.0,-0.6152821934957711,7.5,1.6485212830263376,9.0,1.3667838288635692
31,Travel_Frequently,1060,0.6381870951185792,Sales,1,3,Life Sciences,Female,54,-0.5849233375034247,3,1,Sales Representative,Single,2302,-0.8923045571658489,8319,-0.8421303146599313,1.0,-0.6778187248056703,Yes,11,3,0,3.0,-1.0641079756295821,2,4,2.75,3,-0.6542310960221126,1.0,2.0,-0.6152821934957711,2.0,-0.058265062621700905,2.0,-0.5950247357715714
44,Travel_Rarely,935,0.3284047378288194,Research & Development,3,3,Life Sciences,Male,89,1.1367188662204557,3,1,Laboratory Technician,Married,2362,-0.8795601750985835,14669,0.050001025149527464,4.0,0.5231377140199149,No,12,3,0,10.0,-0.16445543525676679,4,4,2.25,3,-0.6542310960221126,0.3,2.0,-0.6152821934957711,1.0,-0.3685898527395261,2.0,-0.5950247357715714
42,Non-Travel,495,-0.762029159831135,Research & Development,2,1,Life Sciences,Male,37,-1.4211495507407381,3,4,Manager,Married,16581,2.140645968475521,26582,1.7236956158818237,0.0,-1.078137537747532,Yes,13,3,0,21.0,1.2492842710433718,3,2,3.0,18,1.794138840907512,0.9523809523809523,8.0,1.0407412870823096,2.0,-0.058265062621700905,10.0,1.6470421952400178
55,Travel_Rarely,282,-1.2898982966528856,Research & Development,2,2,Medical,Female,58,-0.38816422850640986,1,5,Manager,Married,16581,2.140645968475521,6992,-1.0285646907114512,4.0,0.5231377140199149,No,14,3,1,23.0,1.5063278540070333,5,3,3.5,18,1.794138840907512,0.8260869565217391,9.0,1.3167452005119897,7.5,1.6485212830263376,11.0,1.9273005616164665
56,Travel_Rarely,206,-1.4782459698850596,Human Resources,8,4,Life Sciences,Male,99,1.628616638712993,3,5,Manager,Single,16581,2.140645968475521,4022,-1.4458292701183948,6.0,1.3237753399036383,No,14,3,0,28.5,2.2131977071571027,4,3,2.5,7,-0.0013324461742127045,0.19444444444444445,3.0,-0.339278280066091,7.0,1.493358887967425,7.0,0.8062670961106719
40,Non-Travel,458,-0.8537247375889039,Research & Development,16,2,Life Sciences,Male,74,0.39887220748164987,3,1,Research Scientist,Divorced,3544,-0.6284958483734557,8532,-0.81220527916711,8.5,2.324572372258293,No,16,3,1,6.0,-0.6785426011840899,0,3,2.75,4,-0.4910064335601377,0.6666666666666666,2.0,-0.6152821934957711,0.0,-0.6789146428573514,0.0,-1.1555414685244687
40,Travel_Rarely,523,-0.6926379117982288,Research & Development,2,3,Life Sciences,Male,98,1.5794268614637395,3,2,Research Scientist,Single,4661,-0.3912379355545321,22455,1.1438804915678653,1.0,-0.6778187248056703,No,13,3,0,9.0,-0.29297722673859755,4,3,3.25,9,0.32511687874973727,1.0,8.0,1.0407412870823096,7.5,1.6485212830263376,8.0,1.0865254624871206
35,Travel_Frequently,482,-0.79424652498927,Research & Development,4,4,Life Sciences,Male,87,1.0383393117219484,3,2,Research Scientist,Single,4249,-0.4787493590830877,2690,-1.632966111791812,1.0,-0.6778187248056703,Yes,11,3,0,9.0,-0.29297722673859755,3,3,2.75,9,0.32511687874973727,1.0,6.0,0.48873346022294933,1.0,-0.3685898527395261,1.0,-0.8752831021480201
51,Travel_Rarely,770,-0.08050797379366348,Human Resources,5,3,Life Sciences,Male,84,0.8907699799741872,3,4,Manager,Divorced,14026,1.5979476987778043,17588,0.4601004552131196,1.0,-0.6778187248056703,Yes,11,3,1,28.5,2.2131977071571027,2,3,2.5,18,1.794138840907512,1.0,9.0,1.3167452005119897,0.0,-0.6789146428573514,10.0,1.6470421952400178
38,Travel_Rarely,1009,0.5117958933443573,Sales,2,2,Life Sciences,Female,31,-1.7162882142362605,3,2,Sales Executive,Divorced,6893,0.0828530773477396,19461,0.7232440771758151,3.0,0.12281890107805317,No,15,3,1,11.0,-0.035933643774936005,3,3,2.5,7,-0.0013324461742127045,0.6363636363636364,7.0,0.7647373736526294,1.0,-0.3685898527395261,7.0,0.8062670961106719
34,Travel_Rarely,507,-0.732290053531318,Sales,15,2,Medical,Female,66,0.005353989487620002,3,2,Sales Executive,Single,6125,-0.08027501311325713,23553,1.298141942136493,1.0,-0.6778187248056703,No,12,3,0,10.0,-0.16445543525676679,6,4,3.0,10,0.48834154121171225,1.0,8.0,1.0407412870823096,7.5,1.6485212830263376,6.0,0.5260087297342232
25,Travel_Rarely,882,0.1970570183379613,Research & Development,19,1,Medical,Male,67,0.05454376673687373,3,1,Laboratory Technician,Married,3669,-0.6019450523999862,9075,-0.7359175126290728,3.0,0.12281890107805317,No,11,3,3,7.0,-0.5500208097022591,6,2,3.25,3,-0.6542310960221126,0.42857142857142855,2.0,-0.6152821934957711,1.0,-0.3685898527395261,2.0,-0.5950247357715714
58,Travel_Rarely,601,-0.4993337208494187,Research & Development,7,4,Medical,Female,53,-0.6341131147526785,2,3,Manufacturing Director,Married,10008,0.7444989130066,12023,-0.3217437819584769,7.0,1.7240941528455003,Yes,14,3,0,28.5,2.2131977071571027,0,2,2.5,10,0.48834154121171225,0.3225806451612903,9.0,1.3167452005119897,5.0,0.8727093077317748,9.0,1.3667838288635692
48,Travel_Rarely,855,0.13014402916337317,Research & Development,4,3,Life Sciences,Male,54,-0.5849233375034247,3,3,Manufacturing Director,Single,7898,0.2963214769744345,18706,0.6171717682693361,1.0,-0.6778187248056703,No,11,3,0,11.0,-0.035933643774936005,2,3,3.5,10,0.48834154121171225,0.9090909090909091,9.0,1.3167452005119897,0.0,-0.6789146428573514,8.0,1.0865254624871206
27,Travel_Rarely,1291,1.2106648913900553,Sales,11,3,Medical,Female,98,1.5794268614637395,4,1,Sales Representative,Married,2534,-0.8430262798390895,6527,-1.0938939935478917,8.0,2.124412965787362,No,14,3,1,5.0,-0.8070643926659207,4,3,3.0,1,-0.9806804209460626,0.2,0.0,-1.1672900203551313,0.0,-0.6789146428573514,0.0,-1.1555414685244687
51,Travel_Rarely,1405,1.4931864012383163,Research & Development,11,2,Technical Degree,Female,82,0.7923904254756797,2,4,Manufacturing Director,Single,13142,1.4101804696534277,24439,1.4226188503366788,3.0,0.12281890107805317,No,16,3,0,28.5,2.2131977071571027,1,2,2.5,5,-0.32778177109816264,0.1724137931034483,2.0,-0.6152821934957711,0.0,-0.6789146428573514,3.0,-0.31476636939512276
18,Non-Travel,1124,0.7967956620509362,Research & Development,1,3,Life Sciences,Female,97,1.5302370842144857,3,1,Laboratory Technician,Single,1611,-1.0390773573071883,19305,0.701327149772622,1.0,-0.6778187248056703,No,15,3,0,0.0,-1.4496733500750745,5,4,3.75,0,-1.1439050834080375,0.0,0.0,-1.1672900203551313,0.0,-0.6789146428573514,0.0,-1.1555414685244687
56,Travel_Rarely,1369,1.4039690823388653,Research & Development,23,3,Life Sciences,Male,68,0.10373354398612747,3,4,Manufacturing Director,Married,13402,1.4654061252782444,18235,0.5509995066866188,4.0,0.5231377140199149,Yes,12,3,1,28.5,2.2131977071571027,0,3,2.5,18,1.794138840907512,0.5757575757575758,14.5,2.8347667243752306,7.5,1.6485212830263376,9.0,1.3667838288635692
40,Travel_Rarely,1202,0.9900998529997463,Research & Development,2,1,Medical,Female,89,1.1367188662204557,4,2,Healthcare Representative,Divorced,6377,-0.02674860843074258,13888,-0.059724104990816984,5.0,0.9234565269617766,No,20,4,3,15.0,0.4781535221523871,0,3,2.5,12,0.8147908661356622,0.8,11.0,1.8687530273713497,7.5,1.6485212830263376,8.0,1.0865254624871206
34,Travel_Rarely,285,-1.2824635200779313,Research & Development,29,3,Medical,Male,86,0.9891495344726946,3,2,Laboratory Technician,Married,5429,-0.2281098450935354,17491,0.4464726221483137,4.0,0.5231377140199149,No,13,3,2,10.0,-0.16445543525676679,1,3,2.25,8,0.1618922162877623,0.8,7.0,0.7647373736526294,7.0,1.493358887967425,7.0,0.8062670961106719
31,Travel_Frequently,703,-0.2465513173009747,Sales,2,3,Life Sciences,Female,90,1.1859086434697095,2,1,Sales Representative,Single,2785,-0.7897122815243627,11882,-0.34155331249597826,7.0,1.7240941528455003,No,14,3,0,3.0,-1.0641079756295821,3,4,3.5,1,-0.9806804209460626,0.3333333333333333,0.0,-1.1672900203551313,0.0,-0.6789146428573514,0.0,-1.1555414685244687
35,Travel_Frequently,662,-0.34815993049201593,Sales,18,4,Marketing,Female,67,0.05454376673687373,3,2,Sales Executive,Married,4614,-0.40122103484055666,23288,1.2609112641759408,0.0,-1.078137537747532,Yes,18,3,1,5.0,-0.8070643926659207,0,2,3.0,4,-0.4910064335601377,0.8,2.0,-0.6152821934957711,3.0,0.2520597274961243,2.0,-0.5950247357715714
34,Travel_Rarely,404,-0.9875507159380801,Research & Development,2,4,Technical Degree,Female,98,1.5794268614637395,3,2,Healthcare Representative,Single,6687,0.03909736558346183,6163,-1.1450334908220088,1.0,-0.6778187248056703,No,11,3,0,14.0,0.3496317306705563,2,4,3.75,14,1.1412401910596122,1.0,11.0,1.8687530273713497,4.0,0.5623845176139496,11.0,1.9273005616164665
28,Travel_Rarely,736,-0.16476877497647813,Sales,26,3,Life Sciences,Male,48,-0.8800620009989472,2,2,Sales Executive,Married,4724,-0.3778563343839035,24232,1.3935367735901343,1.0,-0.6778187248056703,No,11,3,1,5.0,-0.8070643926659207,0,3,2.5,5,-0.32778177109816264,1.0,3.0,-0.339278280066091,0.0,-0.6789146428573514,4.0,-0.03450800301867408
31,Travel_Rarely,330,-1.170941871453618,Research & Development,22,4,Medical,Male,98,1.5794268614637395,3,2,Manufacturing Director,Married,6179,-0.0688050692527183,21057,0.947471103685405,1.0,-0.6778187248056703,Yes,15,3,2,10.0,-0.16445543525676679,3,2,3.25,10,0.48834154121171225,1.0,2.0,-0.6152821934957711,6.0,1.1830340978496,7.0,0.8062670961106719
51,Travel_Frequently,541,-0.6480292523485034,Sales,2,3,Marketing,Male,52,-0.6833028920019322,3,3,Sales Executive,Married,10596,0.8693938572658007,15395,0.1519990334490026,2.0,-0.27749991186380857,No,11,3,0,14.0,0.3496317306705563,5,3,2.25,4,-0.4910064335601377,0.2857142857142857,2.0,-0.6152821934957711,3.0,0.2520597274961243,2.0,-0.5950247357715714
37,Travel_Rarely,1439,1.5774472024211308,Research & Development,4,1,Life Sciences,Male,54,-0.5849233375034247,3,1,Research Scientist,Married,2996,-0.7448945379211461,5182,-1.2828572458382417,7.0,1.7240941528455003,Yes,15,3,0,8.0,-0.42149901822042835,2,3,3.25,6,-0.1645571086361877,0.75,4.0,-0.06327436663641088,1.0,-0.3685898527395261,3.0,-0.31476636939512276
33,Travel_Frequently,1111,0.7645782968928012,Sales,5,1,Life Sciences,Male,61,-0.24059489675864865,3,2,Sales Executive,Married,9998,0.7423748493287224,19293,0.6996412322800687,6.0,1.3237753399036383,No,13,3,0,8.0,-0.42149901822042835,2,4,2.75,5,-0.32778177109816264,0.625,4.0,-0.06327436663641088,1.0,-0.3685898527395261,2.0,-0.5950247357715714
32,Travel_Rarely,499,-0.7521161243978627,Sales,2,1,Marketing,Male,36,-1.470339327989992,3,2,Sales Executive,Married,4078,-0.515070847974794,20497,0.8687949540329173,0.0,-1.078137537747532,Yes,13,3,3,4.0,-0.9355861841477514,3,2,2.0,3,-0.6542310960221126,0.75,2.0,-0.6152821934957711,1.0,-0.3685898527395261,2.0,-0.5950247357715714
39,Non-Travel,1485,1.6914471099037625,Research & Development,25,2,Life Sciences,Male,71,0.25130287573388865,3,3,Healthcare Representative,Married,10920,0.9382135204290336,3449,-1.5263318303878153,3.0,0.12281890107805317,No,21,4,1,13.0,0.22110993918872554,2,3,2.75,6,-0.1645571086361877,0.46153846153846156,4.0,-0.06327436663641088,0.0,-0.6789146428573514,5.0,0.2457503633577746
25,Travel_Rarely,1372,1.4114038589138196,Sales,18,1,Life Sciences,Male,93,1.3334779752174708,4,2,Sales Executive,Married,6232,-0.05754753175996722,12477,-0.2579599034902101,2.0,-0.27749991186380857,No,11,3,0,6.0,-0.6785426011840899,3,2,2.0,3,-0.6542310960221126,0.5,2.0,-0.6152821934957711,1.0,-0.3685898527395261,2.0,-0.5950247357715714
52,Travel_Frequently,322,-1.1907679423201625,Research & Development,28,2,Medical,Female,59,-0.3389744512571561,4,4,Manufacturing Director,Married,13247,1.4324831382711423,9731,-0.6437540230361587,2.0,-0.27749991186380857,Yes,11,3,1,24.0,1.6348496454888641,3,2,2.75,5,-0.32778177109816264,0.20833333333333334,3.0,-0.339278280066091,0.0,-0.6789146428573514,2.0,-0.5950247357715714
43,Travel_Rarely,930,0.31601344353722904,Research & Development,6,3,Medical,Female,73,0.3496824302323961,2,2,Research Scientist,Single,4081,-0.5144336288714307,20003,0.7993913505894727,1.0,-0.6778187248056703,Yes,14,3,0,20.0,1.120762479561541,3,1,1.5,18,1.794138840907512,1.0,7.0,0.7647373736526294,1.0,-0.3685898527395261,8.0,1.0865254624871206
27,Travel_Rarely,135,-1.6542023488256432,Research & Development,17,4,Life Sciences,Female,51,-0.732492669251186,3,1,Research Scientist,Single,2394,-0.8727631713293753,25681,1.5971113108159463,1.0,-0.6778187248056703,Yes,13,3,0,8.0,-0.42149901822042835,2,3,3.5,8,0.1618922162877623,1.0,2.0,-0.6152821934957711,7.0,1.493358887967425,7.0,0.8062670961106719
26,Travel_Rarely,683,-0.2961164944673363,Research & Development,2,1,Medical,Male,36,-1.470339327989992,2,1,Research Scientist,Single,3904,-0.5520295559698636,4050,-1.4418954626357705,0.0,-1.078137537747532,No,12,3,0,5.0,-0.8070643926659207,2,3,3.0,4,-0.4910064335601377,0.8,3.0,-0.339278280066091,1.0,-0.3685898527395261,1.0,-0.8752831021480201
42,Travel_Rarely,1147,0.853795615792252,Human Resources,10,3,Human Resources,Female,31,-1.7162882142362605,3,4,Manager,Married,16581,2.140645968475521,16616,0.32354113831630166,0.0,-1.078137537747532,No,14,3,1,21.0,1.2492842710433718,5,3,2.5,18,1.794138840907512,0.9523809523809523,7.0,0.7647373736526294,0.0,-0.6789146428573514,9.0,1.3667838288635692
35,Travel_Frequently,200,-1.493115523034968,Research & Development,18,2,Life Sciences,Male,60,-0.28978467400790237,3,3,Manufacturing Director,Single,9362,0.6072843994157096,19944,0.7911022562510857,2.0,-0.27749991186380857,No,11,3,0,10.0,-0.16445543525676679,2,3,3.25,2,-0.8174557584840876,0.2,2.0,-0.6152821934957711,2.0,-0.058265062621700905,2.0,-0.5950247357715714
29,Travel_Rarely,332,-1.1659853537369818,Human Resources,17,3,Other,Male,51,-0.732492669251186,2,3,Human Resources,Single,7988,0.3154380500753326,9769,-0.6384152843097398,1.0,-0.6778187248056703,No,13,3,0,10.0,-0.16445543525676679,3,2,1.5,10,0.48834154121171225,1.0,9.0,1.3167452005119897,0.0,-0.6789146428573514,9.0,1.3667838288635692
29,Travel_Frequently,337,-1.1535940594453913,Research & Development,14,1,Other,Female,84,0.8907699799741872,3,3,Healthcare Representative,Single,7553,0.22304128008765867,22930,1.2106147256481004,0.0,-1.078137537747532,Yes,12,3,0,9.0,-0.29297722673859755,1,3,2.75,8,0.1618922162877623,0.8888888888888888,7.0,0.7647373736526294,7.0,1.493358887967425,7.0,0.8062670961106719
54,Travel_Rarely,971,0.41762205672827024,Research & Development,1,3,Medical,Female,54,-0.5849233375034247,3,4,Research Director,Single,16581,2.140645968475521,5652,-1.2168254773799039,6.0,1.3237753399036383,No,19,3,0,28.5,2.2131977071571027,3,2,3.5,18,1.794138840907512,0.6896551724137931,7.0,0.7647373736526294,7.5,1.6485212830263376,7.0,0.8062670961106719
58,Travel_Rarely,1055,0.6257958008269888,Research & Development,1,3,Medical,Female,76,0.4972517619801573,3,5,Research Director,Married,16581,2.140645968475521,22456,1.1440209846922447,3.0,0.12281890107805317,Yes,21,4,1,28.5,2.2131977071571027,3,3,2.75,9,0.32511687874973727,0.28125,8.0,1.0407412870823096,1.0,-0.3685898527395261,5.0,0.2457503633577746
55,Travel_Rarely,1136,0.8265347683507531,Research & Development,1,4,Medical,Male,81,0.743200648226426,4,4,Research Director,Divorced,14732,1.74790659443596,12414,-0.26681097032611495,2.0,-0.27749991186380857,No,13,3,2,28.5,2.2131977071571027,4,4,3.5,7,-0.0013324461742127045,0.22580645161290322,7.0,0.7647373736526294,0.0,-0.6789146428573514,0.0,-1.1555414685244687
36,Travel_Rarely,1174,0.9207086049668401,Sales,3,4,Marketing,Female,99,1.628616638712993,3,2,Sales Executive,Single,9278,0.589442264521538,20763,0.9061661251178489,3.0,0.12281890107805317,Yes,16,3,0,15.0,0.4781535221523871,3,3,2.5,5,-0.32778177109816264,0.3333333333333333,4.0,-0.06327436663641088,0.0,-0.6789146428573514,1.0,-0.8752831021480201
31,Travel_Frequently,667,-0.3357686362004255,Sales,1,4,Life Sciences,Female,50,-0.7816824465004397,1,1,Sales Representative,Single,1359,-1.0926037619897029,16154,0.2586333148529993,1.0,-0.6778187248056703,No,12,3,0,1.0,-1.3211515585932438,3,3,2.5,1,-0.9806804209460626,1.0,0.0,-1.1672900203551313,0.0,-0.6789146428573514,0.0,-1.1555414685244687
31,Travel_Rarely,182,-1.5377241824846934,Research & Development,8,5,Life Sciences,Female,93,1.3334779752174708,3,4,Research Director,Single,16422,2.106873355997268,8847,-0.7679499449875857,3.0,0.12281890107805317,No,11,3,0,9.0,-0.29297722673859755,3,4,2.5,3,-0.6542310960221126,0.3333333333333333,2.0,-0.6152821934957711,1.0,-0.3685898527395261,0.0,-1.1555414685244687
27,Travel_Rarely,1377,1.42379515320541,Research & Development,11,1,Life Sciences,Male,91,1.2350984207189633,3,1,Laboratory Technician,Married,2099,-0.9354230498267634,7679,-0.9320459142627743,0.0,-1.078137537747532,No,14,3,0,6.0,-0.6785426011840899,3,4,2.25,5,-0.32778177109816264,0.8333333333333334,0.0,-1.1672900203551313,1.0,-0.3685898527395261,4.0,-0.03450800301867408
36,Travel_Rarely,172,-1.5625067710678742,Research & Development,4,4,Life Sciences,Male,37,-1.4211495507407381,2,2,Laboratory Technician,Single,5810,-0.14718301896640032,22604,1.1648139671004023,1.0,-0.6778187248056703,No,16,3,0,10.0,-0.16445543525676679,2,2,2.5,10,0.48834154121171225,1.0,4.0,-0.06327436663641088,1.0,-0.3685898527395261,8.0,1.0865254624871206
47,Travel_Rarely,465,-0.8363769255806773,Research & Development,1,3,Technical Degree,Male,74,0.39887220748164987,3,1,Research Scientist,Married,3420,-0.6548342379791375,10205,-0.577160282080303,7.0,1.7240941528455003,No,12,3,1,17.0,0.7351971051160486,2,2,2.5,6,-0.1645571086361877,0.35294117647058826,5.0,0.21272954679326922,1.0,-0.3685898527395261,2.0,-0.5950247357715714
25,Travel_Rarely,383,-1.0395941519627598,Sales,9,2,Life Sciences,Male,68,0.10373354398612747,2,1,Sales Representative,Married,4400,-0.4466759975471365,15182,0.12207399795618137,3.0,0.12281890107805317,No,12,3,0,6.0,-0.6785426011840899,2,3,1.5,3,-0.6542310960221126,0.5,2.0,-0.6152821934957711,2.0,-0.058265062621700905,2.0,-0.5950247357715714
37,Non-Travel,1413,1.5130124721048608,Research & Development,5,2,Technical Degree,Male,84,0.8907699799741872,4,1,Laboratory Technician,Single,3500,-0.637841728556117,25470,1.5674672615718839,0.0,-1.078137537747532,No,14,3,0,7.0,-0.5500208097022591,2,1,2.0,6,-0.1645571086361877,0.8571428571428571,5.0,0.21272954679326922,1.0,-0.3685898527395261,3.0,-0.31476636939512276
56,Travel_Rarely,1255,1.1214475724906046,Research & Development,1,2,Life Sciences,Female,90,1.1859086434697095,3,1,Research Scientist,Married,2066,-0.9424324599637594,10494,-0.5365577691346441,2.0,-0.27749991186380857,No,22,4,1,5.0,-0.8070643926659207,3,4,2.5,3,-0.6542310960221126,0.6,2.0,-0.6152821934957711,1.0,-0.3685898527395261,0.0,-1.1555414685244687
47,Travel_Rarely,359,-1.0990723645623937,Research & Development,2,4,Medical,Female,82,0.7923904254756797,3,4,Research Director,Married,16581,2.140645968475521,26703,1.7406952839317362,3.0,0.12281890107805317,No,19,3,2,26.0,1.8918932284525256,2,4,2.5,18,1.794138840907512,0.7692307692307693,14.5,2.8347667243752306,5.0,0.8727093077317748,6.0,0.5260087297342232
24,Travel_Rarely,1476,1.6691427801788998,Sales,4,1,Medical,Female,42,-1.1752006644944695,3,2,Sales Executive,Married,4162,-0.49722871308062244,15211,0.12614829856318518,1.0,-0.6778187248056703,Yes,12,3,2,5.0,-0.8070643926659207,3,3,3.25,5,-0.32778177109816264,1.0,4.0,-0.06327436663641088,0.0,-0.6789146428573514,3.0,-0.31476636939512276
34,Travel_Rarely,401,-0.9949854925130344,Research & Development,1,3,Life Sciences,Female,86,0.9891495344726946,2,1,Laboratory Technician,Married,3294,-0.6815974403203948,3708,-1.4899441111735396,5.0,0.9234565269617766,No,17,3,1,7.0,-0.5500208097022591,2,2,2.25,5,-0.32778177109816264,0.7142857142857143,4.0,-0.06327436663641088,0.0,-0.6789146428573514,2.0,-0.5950247357715714
40,Non-Travel,663,-0.34568167163369784,Research & Development,9,4,Other,Male,81,0.743200648226426,3,2,Laboratory Technician,Divorced,3975,-0.5369487038569328,23099,1.234358063668226,3.0,0.12281890107805317,No,11,3,2,11.0,-0.035933643774936005,2,4,3.25,8,0.1618922162877623,0.7272727272727273,7.0,0.7647373736526294,0.0,-0.6789146428573514,7.0,0.8062670961106719
46,Travel_Rarely,377,-1.0544637051126682,Sales,9,3,Marketing,Male,52,-0.6833028920019322,3,3,Sales Executive,Divorced,10096,0.7631906733719226,15986,0.235030469957253,4.0,0.5231377140199149,No,11,3,1,28.0,2.1489368114161875,1,4,2.5,7,-0.0013324461742127045,0.25,7.0,0.7647373736526294,4.0,0.5623845176139496,3.0,-0.31476636939512276
31,Travel_Frequently,1445,1.5923167555710394,Research & Development,1,5,Life Sciences,Female,100,1.6778064159622468,4,3,Manufacturing Director,Single,7446,0.20031379873436875,8931,-0.7561485225397125,1.0,-0.6778187248056703,No,11,3,0,10.0,-0.16445543525676679,2,3,2.25,10,0.48834154121171225,1.0,8.0,1.0407412870823096,4.0,0.5623845176139496,7.0,0.8062670961106719
45,Travel_Rarely,1038,0.5836654002355814,Research & Development,20,3,Medical,Male,95,1.4318575297159781,1,3,Healthcare Representative,Divorced,10851,0.9235574810516785,19863,0.7797223131763509,2.0,-0.27749991186380857,Yes,18,3,1,24.0,1.6348496454888641,2,3,2.0,7,-0.0013324461742127045,0.2916666666666667,7.0,0.7647373736526294,0.0,-0.6789146428573514,7.0,0.8062670961106719
31,Travel_Rarely,1398,1.4758385892300896,Human Resources,8,2,Medical,Female,96,1.481047306965232,4,1,Human Resources,Single,2109,-0.9332989861488858,24609,1.446502681481184,8.5,2.324572372258293,No,18,3,0,8.0,-0.42149901822042835,3,3,3.25,3,-0.6542310960221126,0.375,2.0,-0.6152821934957711,0.0,-0.6789146428573514,2.0,-0.5950247357715714
31,Travel_Frequently,523,-0.6926379117982288,Research & Development,2,3,Life Sciences,Male,94,1.3826677524667244,3,1,Laboratory Technician,Married,3722,-0.5906875149072351,21081,0.9508429386705116,6.0,1.3237753399036383,Yes,13,3,1,7.0,-0.5500208097022591,2,1,2.5,2,-0.8174557584840876,0.2857142857142857,2.0,-0.6152821934957711,2.0,-0.058265062621700905,2.0,-0.5950247357715714
45,Travel_Rarely,1448,1.5997515321459936,Research & Development,29,3,Technical Degree,Male,55,-0.5357335602541711,3,3,Manufacturing Director,Married,9380,0.6111077140358891,14720,0.05716617449287902,4.0,0.5231377140199149,Yes,18,3,2,10.0,-0.16445543525676679,4,4,3.5,3,-0.6542310960221126,0.3,1.0,-0.8912861069254512,1.0,-0.3685898527395261,2.0,-0.5950247357715714
48,Travel_Rarely,1221,1.0371867713077898,Sales,7,3,Marketing,Male,96,1.481047306965232,3,2,Sales Executive,Divorced,5486,-0.2160026821296333,24795,1.4726344026157603,4.0,0.5231377140199149,No,11,3,3,15.0,0.4781535221523871,3,3,2.0,2,-0.8174557584840876,0.13333333333333333,2.0,-0.6152821934957711,2.0,-0.058265062621700905,2.0,-0.5950247357715714
28,Travel_Rarely,866,0.15740487660487204,Sales,5,3,Medical,Male,84,0.8907699799741872,3,2,Sales Executive,Single,8463,0.41633107477451675,23490,1.289290875300588,0.0,-1.078137537747532,No,18,3,0,6.0,-0.6785426011840899,4,3,3.0,5,-0.32778177109816264,0.8333333333333334,4.0,-0.06327436663641088,1.0,-0.3685898527395261,3.0,-0.31476636939512276
44,Non-Travel,981,0.442404645311451,Research & Development,5,3,Life Sciences,Male,90,1.1859086434697095,2,1,Laboratory Technician,Single,3162,-0.7096350808683786,7973,-0.8907409356952183,3.0,0.12281890107805317,No,14,3,0,7.0,-0.5500208097022591,5,3,3.25,5,-0.32778177109816264,0.7142857142857143,2.0,-0.6152821934957711,0.0,-0.6789146428573514,3.0,-0.31476636939512276
49,Travel_Rarely,1495,1.7162296984869432,Research & Development,5,4,Technical Degree,Male,96,1.481047306965232,3,2,Healthcare Representative,Married,6651,0.03145073634310261,21534,1.0144863240143989,2.0,-0.27749991186380857,No,14,3,1,20.0,1.120762479561541,0,2,2.0,3,-0.6542310960221126,0.15,2.0,-0.6152821934957711,1.0,-0.3685898527395261,2.0,-0.5950247357715714
40,Travel_Rarely,896,0.23175264235441437,Research & Development,2,3,Medical,Male,68,0.10373354398612747,3,1,Research Scientist,Divorced,2345,-0.8831710833509754,8045,-0.8806254307398984,2.0,-0.27749991186380857,No,14,3,1,8.0,-0.42149901822042835,3,4,3.25,3,-0.6542310960221126,0.375,1.0,-0.8912861069254512,1.0,-0.3685898527395261,2.0,-0.5950247357715714
44,Travel_Rarely,1467,1.646838450454037,Research & Development,20,3,Life Sciences,Male,49,-0.8308722237496934,3,1,Research Scientist,Single,3420,-0.6548342379791375,21158,0.9616609092477286,1.0,-0.6778187248056703,No,13,3,0,6.0,-0.6785426011840899,3,2,2.75,5,-0.32778177109816264,0.8333333333333334,2.0,-0.6152821934957711,1.0,-0.3685898527395261,3.0,-0.31476636939512276
33,Travel_Frequently,430,-0.9231159856218101,Sales,7,3,Medical,Male,54,-0.5849233375034247,3,2,Sales Executive,Married,4373,-0.4524109694774059,17456,0.4415553627950332,0.0,-1.078137537747532,No,14,3,2,5.0,-0.8070643926659207,2,3,2.25,4,-0.4910064335601377,0.8,3.0,-0.339278280066091,0.0,-0.6789146428573514,3.0,-0.31476636939512276
34,Travel_Rarely,1326,1.297403951431188,Sales,3,3,Other,Male,81,0.743200648226426,1,2,Sales Executive,Single,4759,-0.37042211151133203,15891,0.22168362314120596,3.0,0.12281890107805317,No,18,3,0,15.0,0.4781535221523871,2,3,3.0,13,0.9780155285976372,0.8666666666666667,9.0,1.3167452005119897,3.0,0.2520597274961243,12.0,2.207558927992915
42,Travel_Frequently,748,-0.1350296686766612,Research & Development,9,2,Medical,Female,74,0.39887220748164987,3,1,Laboratory Technician,Single,3673,-0.6010954269288352,16458,0.30134322466434976,1.0,-0.6778187248056703,No,13,3,0,12.0,0.09258814770689477,3,3,2.75,12,0.8147908661356622,1.0,9.0,1.3167452005119897,5.0,0.8727093077317748,8.0,1.0865254624871206
44,Travel_Frequently,383,-1.0395941519627598,Sales,1,5,Marketing,Female,79,0.6448210937279185,3,2,Sales Executive,Married,4768,-0.36851045420124223,9282,-0.7068354358825283,7.0,1.7240941528455003,No,12,3,1,11.0,-0.035933643774936005,4,2,2.25,1,-0.9806804209460626,0.09090909090909091,0.0,-1.1672900203551313,0.0,-0.6789146428573514,0.0,-1.1555414685244687
30,Non-Travel,990,0.46470897503631375,Research & Development,7,3,Technical Degree,Male,64,-0.09302556501088746,3,1,Research Scientist,Divorced,1274,-1.1106583032516621,7152,-1.0060857908107403,1.0,-0.6778187248056703,No,13,3,2,1.0,-1.3211515585932438,2,2,2.5,1,-0.9806804209460626,1.0,0.0,-1.1672900203551313,0.0,-0.6789146428573514,0.0,-1.1555414685244687
49,Travel_Rarely,1490,1.703838404195353,Research & Development,7,4,Life Sciences,Male,35,-1.5195291052392457,3,3,Healthcare Representative,Divorced,10466,0.8417810294533923,20948,0.9321573531280457,3.0,0.12281890107805317,No,14,3,2,28.5,2.2131977071571027,3,3,2.5,8,0.1618922162877623,0.27586206896551724,7.0,0.7647373736526294,0.0,-0.6789146428573514,7.0,0.8062670961106719
34,Travel_Frequently,829,0.06570929884710314,Research & Development,15,3,Medical,Male,71,0.25130287573388865,3,4,Research Director,Divorced,16581,2.140645968475521,11929,-0.3349501356501445,7.0,1.7240941528455003,No,14,3,2,16.0,0.6066753136342179,3,2,2.25,14,1.1412401910596122,0.875,8.0,1.0407412870823096,6.0,1.1830340978496,9.0,1.3667838288635692
28,Travel_Frequently,1496,1.7187079573452613,Sales,1,3,Technical Degree,Male,92,1.284288197968217,3,1,Sales Representative,Married,2909,-0.7633738919186809,15747,0.20145261323056626,3.0,0.12281890107805317,No,15,3,1,5.0,-0.8070643926659207,3,4,3.0,3,-0.6542310960221126,0.6,2.0,-0.6152821934957711,1.0,-0.3685898527395261,2.0,-0.5950247357715714
35,Travel_Rarely,660,-0.35311644820865207,Sales,7,1,Life Sciences,Male,76,0.4972517619801573,3,1,Sales Representative,Married,2404,-0.8706391076514978,16192,0.2639720535794181,1.0,-0.6778187248056703,No,13,3,1,1.0,-1.3211515585932438,3,3,2.75,1,-0.9806804209460626,1.0,0.0,-1.1672900203551313,0.0,-0.6789146428573514,0.0,-1.1555414685244687
24,Travel_Frequently,381,-1.0445506696793958,Research & Development,9,3,Medical,Male,89,1.1367188662204557,3,1,Laboratory Technician,Single,3172,-0.707511017190501,16998,0.3772095118292486,2.0,-0.27749991186380857,Yes,11,3,0,4.0,-0.9355861841477514,2,2,2.0,0,-1.1439050834080375,0.0,0.0,-1.1672900203551313,0.0,-0.6789146428573514,0.0,-1.1555414685244687
24,Non-Travel,830,0.06818755770542122,Sales,13,2,Life Sciences,Female,78,0.5956313164786647,3,1,Sales Representative,Married,2033,-0.9494418701007553,7103,-1.0129699539053332,1.0,-0.6778187248056703,No,13,3,1,1.0,-1.3211515585932438,2,3,3.0,1,-0.9806804209460626,1.0,0.0,-1.1672900203551313,0.0,-0.6789146428573514,0.0,-1.1555414685244687
44,Travel_Frequently,1193,0.9677955232748836,Research & Development,2,1,Medical,Male,86,0.9891495344726946,3,3,Manufacturing Director,Single,10209,0.787192592931939,19719,0.7594913032657111,5.0,0.9234565269617766,Yes,18,3,0,16.0,0.6066753136342179,2,2,2.25,2,-0.8174557584840876,0.125,2.0,-0.6152821934957711,2.0,-0.058265062621700905,2.0,-0.5950247357715714
30,Travel_Rarely,330,-1.170941871453618,Human Resources,1,3,Life Sciences,Male,46,-0.9784415554974546,3,1,Human Resources,Divorced,2064,-0.9428572726993348,15428,0.15663530655352417,0.0,-1.078137537747532,No,21,4,1,6.0,-0.6785426011840899,3,4,2.75,5,-0.32778177109816264,0.8333333333333334,3.0,-0.339278280066091,1.0,-0.3685898527395261,3.0,-0.31476636939512276
55,Travel_Rarely,1229,1.0570128421743343,Research & Development,4,4,Life Sciences,Male,30,-1.7654779914855143,3,2,Healthcare Representative,Married,4035,-0.5242043217896675,16143,0.25708789048482544,0.0,-1.078137537747532,Yes,16,3,0,4.0,-0.9355861841477514,2,3,3.0,3,-0.6542310960221126,0.75,2.0,-0.6152821934957711,1.0,-0.3685898527395261,2.0,-0.5950247357715714
47,Travel_Rarely,571,-0.573681486598961,Sales,14,3,Medical,Female,78,0.5956313164786647,3,2,Sales Executive,Married,4591,-0.4061063812996751,24200,1.3890409936099921,3.0,0.12281890107805317,Yes,17,3,1,11.0,-0.035933643774936005,4,2,2.75,5,-0.32778177109816264,0.45454545454545453,4.0,-0.06327436663641088,1.0,-0.3685898527395261,2.0,-0.5950247357715714
28,Travel_Frequently,467,-0.8314204078640411,Sales,7,3,Life Sciences,Male,55,-0.5357335602541711,3,2,Sales Executive,Single,4898,-0.3408976263888339,11827,-0.3492804343368476,0.0,-1.078137537747532,No,14,3,0,5.0,-0.8070643926659207,5,3,2.75,4,-0.4910064335601377,0.8,2.0,-0.6152821934957711,1.0,-0.3685898527395261,3.0,-0.31476636939512276
49,Travel_Rarely,271,-1.3171591440943844,Research & Development,3,2,Medical,Female,43,-1.1260108872452157,2,2,Laboratory Technician,Married,4789,-0.36404992047769935,23070,1.2302837630612222,4.0,0.5231377140199149,No,25,4,1,10.0,-0.16445543525676679,3,3,2.0,3,-0.6542310960221126,0.3,2.0,-0.6152821934957711,1.0,-0.3685898527395261,2.0,-0.5950247357715714
29,Travel_Frequently,410,-0.9726811627881716,Research & Development,2,1,Life Sciences,Female,97,1.5302370842144857,3,1,Laboratory Technician,Married,3180,-0.705811766248199,4668,-1.355070711769275,0.0,-1.078137537747532,No,13,3,3,4.0,-0.9355861841477514,3,3,3.0,3,-0.6542310960221126,0.75,2.0,-0.6152821934957711,0.0,-0.6789146428573514,2.0,-0.5950247357715714
28,Travel_Rarely,1083,0.695187048859895,Research & Development,29,1,Life Sciences,Male,96,1.481047306965232,1,2,Manufacturing Director,Married,6549,0.00978528682875148,3173,-1.5651079327165414,1.0,-0.6778187248056703,No,14,3,2,8.0,-0.42149901822042835,2,2,2.25,8,0.1618922162877623,1.0,6.0,0.48873346022294933,1.0,-0.3685898527395261,7.0,0.8062670961106719
54,Travel_Frequently,1050,0.6134045065353985,Research & Development,11,4,Medical,Female,87,1.0383393117219484,3,4,Manager,Divorced,16032,2.0240348725600428,24456,1.4250072334511295,3.0,0.12281890107805317,No,20,4,1,26.0,1.8918932284525256,2,3,2.5,14,1.1412401910596122,0.5384615384615384,9.0,1.3167452005119897,1.0,-0.3685898527395261,12.0,2.207558927992915
29,Travel_Rarely,224,-1.4336373104353342,Research & Development,1,4,Technical Degree,Male,100,1.6778064159622468,2,1,Research Scientist,Single,2362,-0.8795601750985835,7568,-0.9476406510688924,6.0,1.3237753399036383,No,13,3,0,11.0,-0.035933643774936005,2,1,1.5,9,0.32511687874973727,0.8181818181818182,7.0,0.7647373736526294,0.0,-0.6789146428573514,7.0,0.8062670961106719
44,Travel_Rarely,136,-1.6517240899673251,Research & Development,28,3,Life Sciences,Male,32,-1.6670984369870068,3,4,Research Director,Married,16328,2.0869071574252187,22074,1.0903526111792978,3.0,0.12281890107805317,No,13,3,1,24.0,1.6348496454888641,1,4,3.0,18,1.794138840907512,0.8333333333333334,6.0,0.48873346022294933,7.5,1.6485212830263376,14.5,2.908204843934037
46,Travel_Rarely,228,-1.4237242750020618,Sales,3,3,Life Sciences,Female,51,-0.732492669251186,3,4,Manager,Married,16581,2.140645968475521,11380,-0.4120808609344583,8.0,2.124412965787362,No,12,3,1,23.0,1.5063278540070333,2,4,3.25,13,0.9780155285976372,0.5652173913043478,12.0,2.14475694080103,5.0,0.8727093077317748,1.0,-0.8752831021480201
35,Travel_Rarely,1029,0.5613610705107188,Research & Development,16,3,Life Sciences,Female,91,1.2350984207189633,2,3,Healthcare Representative,Single,8606,0.4467051853681659,21195,0.966859154849768,1.0,-0.6778187248056703,No,19,3,0,11.0,-0.035933643774936005,3,1,2.75,11,0.6515662036736872,1.0,8.0,1.0407412870823096,3.0,0.2520597274961243,3.0,-0.31476636939512276
23,Travel_Rarely,507,-0.732290053531318,Research & Development,20,1,Life Sciences,Male,97,1.5302370842144857,3,2,Laboratory Technician,Single,2272,-0.8986767481994816,24812,1.4750227857302107,0.0,-1.078137537747532,No,14,3,0,5.0,-0.8070643926659207,2,3,2.25,4,-0.4910064335601377,0.8,3.0,-0.339278280066091,1.0,-0.3685898527395261,2.0,-0.5950247357715714
40,Travel_Rarely,676,-0.31346430647556284,Research & Development,9,4,Life Sciences,Male,86,0.9891495344726946,3,1,Laboratory Technician,Single,2018,-0.9526279656175717,21831,1.0562127819550933,3.0,0.12281890107805317,No,14,3,0,15.0,0.4781535221523871,3,1,2.0,5,-0.32778177109816264,0.3333333333333333,4.0,-0.06327436663641088,1.0,-0.3685898527395261,0.0,-1.1555414685244687
34,Travel_Rarely,971,0.41762205672827024,Sales,1,3,Technical Degree,Male,64,-0.09302556501088746,2,3,Sales Executive,Married,7083,0.12321028722741327,12288,-0.2845131039979247,1.0,-0.6778187248056703,Yes,14,3,0,10.0,-0.16445543525676679,3,3,3.5,10,0.48834154121171225,1.0,9.0,1.3167452005119897,7.5,1.6485212830263376,6.0,0.5260087297342232
50,Travel_Frequently,333,-1.1635070948786637,Research & Development,22,5,Medical,Male,88,1.0875290889712022,1,4,Research Director,Single,14411,1.6797241503760902,24450,1.4241642747048526,1.0,-0.6778187248056703,Yes,13,3,0,28.5,2.2131977071571027,2,3,3.5,18,1.794138840907512,1.0,6.0,0.48873346022294933,7.5,1.6485212830263376,9.0,1.3667838288635692
34,Travel_Rarely,1440,1.5799254612794489,Sales,7,2,Technical Degree,Male,55,-0.5357335602541711,3,1,Sales Representative,Married,2308,-0.8910301189591223,4944,-1.316294609440549,0.0,-1.078137537747532,Yes,25,4,1,12.0,0.09258814770689477,4,3,2.5,11,0.6515662036736872,0.9166666666666666,10.0,1.5927491139416698,5.0,0.8727093077317748,7.0,0.8062670961106719
42,Travel_Rarely,1210,1.009925923866291,Research & Development,2,3,Medical,Male,68,0.10373354398612747,2,1,Laboratory Technician,Married,4841,-0.35300478935273605,24052,1.3682480112018347,4.0,0.5231377140199149,No,14,3,1,4.0,-0.9355861841477514,3,3,2.5,1,-0.9806804209460626,0.25,0.0,-1.1672900203551313,0.0,-0.6789146428573514,0.0,-1.1555414685244687
37,Travel_Rarely,674,-0.31842082419219897,Research & Development,13,3,Medical,Male,47,-0.9292517782482008,3,2,Research Scientist,Married,4285,-0.47110272984272844,3031,-1.5850579563784222,1.0,-0.6778187248056703,No,17,3,0,10.0,-0.16445543525676679,2,3,2.25,10,0.48834154121171225,1.0,8.0,1.0407412870823096,3.0,0.2520597274961243,7.0,0.8062670961106719
33,Travel_Rarely,575,-0.5637684511656887,Research & Development,25,3,Life Sciences,Male,44,-1.0768211099959621,2,2,Manufacturing Director,Single,4320,-0.463668506970157,24152,1.3822973236397789,1.0,-0.6778187248056703,No,13,3,0,5.0,-0.8070643926659207,2,3,3.25,5,-0.32778177109816264,1.0,3.0,-0.339278280066091,0.0,-0.6789146428573514,2.0,-0.5950247357715714
45,Travel_Rarely,950,0.3655786207035906,Research & Development,28,3,Technical Degree,Male,97,1.5302370842144857,3,1,Research Scientist,Married,2132,-0.9284136396897674,4585,-1.3667316410927688,4.0,0.5231377140199149,No,20,4,1,8.0,-0.42149901822042835,3,3,3.75,5,-0.32778177109816264,0.625,4.0,-0.06327436663641088,0.0,-0.6789146428573514,3.0,-0.31476636939512276
42,Travel_Frequently,288,-1.2750287435029772,Research & Development,2,3,Life Sciences,Male,40,-1.273580218992977,3,3,Healthcare Representative,Married,10124,0.7691380516699797,18611,0.603824921453289,2.0,-0.27749991186380857,Yes,14,3,1,24.0,1.6348496454888641,3,1,3.0,18,1.794138840907512,0.8333333333333334,8.0,1.0407412870823096,7.5,1.6485212830263376,9.0,1.3667838288635692
40,Travel_Rarely,1342,1.3370560931642772,Sales,9,2,Medical,Male,47,-0.9292517782482008,3,2,Sales Executive,Married,5473,-0.21876396491087413,19345,0.7069468747477997,0.0,-1.078137537747532,No,12,3,0,9.0,-0.29297722673859755,5,4,2.5,8,0.1618922162877623,0.8888888888888888,4.0,-0.06327436663641088,7.0,1.493358887967425,1.0,-0.8752831021480201
33,Travel_Rarely,589,-0.5290728271492356,Research & Development,28,4,Life Sciences,Male,79,0.6448210937279185,3,2,Laboratory Technician,Married,5207,-0.2752640587424173,22949,1.2132840950113097,1.0,-0.6778187248056703,Yes,12,3,1,15.0,0.4781535221523871,3,3,2.5,15,1.3044648535215873,1.0,14.0,2.6967647676603903,5.0,0.8727093077317748,7.0,0.8062670961106719
40,Travel_Rarely,898,0.23670916007105053,Human Resources,6,2,Medical,Male,38,-1.3719597734914843,3,4,Manager,Single,16437,2.110059451514084,17381,0.43101837846657504,1.0,-0.6778187248056703,Yes,21,4,0,21.0,1.2492842710433718,2,3,3.5,18,1.794138840907512,1.0,7.0,0.7647373736526294,7.0,1.493358887967425,7.0,0.8062670961106719
24,Travel_Rarely,350,-1.1213766942872563,Research & Development,21,2,Technical Degree,Male,57,-0.4373540057556636,2,1,Laboratory Technician,Divorced,2296,-0.8935789953725755,10036,-0.6009036201004287,0.0,-1.078137537747532,No,14,3,3,2.0,-1.192629767111413,3,3,2.25,1,-0.9806804209460626,0.5,1.0,-0.8912861069254512,0.0,-0.6789146428573514,0.0,-1.1555414685244687
40,Non-Travel,1142,0.8414043215006616,Research & Development,8,2,Life Sciences,Male,72,0.30049265298314237,3,2,Healthcare Representative,Divorced,4069,-0.5169825052848838,8841,-0.7687929037338623,3.0,0.12281890107805317,Yes,18,3,0,8.0,-0.42149901822042835,2,3,3.5,2,-0.8174557584840876,0.25,2.0,-0.6152821934957711,2.0,-0.058265062621700905,2.0,-0.5950247357715714
45,Travel_Rarely,538,-0.6554640289234576,Research & Development,1,4,Technical Degree,Male,66,0.005353989487620002,3,3,Healthcare Representative,Divorced,7441,0.19925176689542998,20933,0.9300499562623541,1.0,-0.6778187248056703,No,12,3,3,10.0,-0.16445543525676679,4,3,1.75,10,0.48834154121171225,1.0,8.0,1.0407412870823096,7.0,1.493358887967425,7.0,0.8062670961106719
35,Travel_Rarely,1402,1.485751624663362,Sales,28,4,Life Sciences,Female,98,1.5794268614637395,2,1,Sales Representative,Married,2430,-0.8651165420890161,26204,1.6705892148663946,0.0,-1.078137537747532,No,23,4,2,6.0,-0.6785426011840899,5,3,2.25,5,-0.32778177109816264,0.8333333333333334,3.0,-0.339278280066091,4.0,0.5623845176139496,2.0,-0.5950247357715714
32,Travel_Rarely,824,0.05331800455551275,Research & Development,5,2,Life Sciences,Female,67,0.05454376673687373,2,2,Research Scientist,Married,5878,-0.1327393859568329,15624,0.18417195893189486,3.0,0.12281890107805317,No,12,3,1,12.0,0.09258814770689477,2,3,2.5,7,-0.0013324461742127045,0.5833333333333334,1.0,-0.8912861069254512,2.0,-0.058265062621700905,5.0,0.2457503633577746
36,Travel_Rarely,1157,0.8785782043754328,Sales,2,4,Life Sciences,Male,70,0.20211309848463493,3,1,Sales Representative,Single,2644,-0.8196615793824363,17001,0.3776309912023869,3.0,0.12281890107805317,Yes,21,4,0,7.0,-0.5500208097022591,3,2,3.25,3,-0.6542310960221126,0.42857142857142855,2.0,-0.6152821934957711,1.0,-0.3685898527395261,2.0,-0.5950247357715714
48,Travel_Rarely,492,-0.7694639364060892,Sales,16,4,Life Sciences,Female,96,1.481047306965232,3,2,Sales Executive,Divorced,6439,-0.013579413627901698,13693,-0.08712026424480823,8.0,2.124412965787362,No,14,3,1,18.0,0.8637188965978794,2,3,3.0,8,0.1618922162877623,0.4444444444444444,7.0,0.7647373736526294,7.0,1.493358887967425,7.0,0.8062670961106719
29,Travel_Rarely,598,-0.5067684974243729,Research & Development,9,3,Life Sciences,Male,91,1.2350984207189633,4,1,Research Scientist,Married,2451,-0.8606560083654732,22376,1.1327815347418895,6.0,1.3237753399036383,No,18,3,2,5.0,-0.8070643926659207,2,2,2.25,1,-0.9806804209460626,0.2,0.0,-1.1672900203551313,0.0,-0.6789146428573514,0.0,-1.1555414685244687
38,Travel_Frequently,888,0.21192657148786975,Human Resources,10,4,Human Resources,Male,71,0.25130287573388865,3,2,Human Resources,Married,6077,-0.09047051876706942,14814,0.0703725281845466,3.0,0.12281890107805317,No,11,3,0,10.0,-0.16445543525676679,2,3,3.0,6,-0.1645571086361877,0.6,3.0,-0.339278280066091,1.0,-0.3685898527395261,2.0,-0.5950247357715714
35,Travel_Rarely,992,0.4696654927529499,Research & Development,1,3,Medical,Male,68,0.10373354398612747,2,1,Laboratory Technician,Single,2450,-0.860868414733261,21731,1.042163469517149,1.0,-0.6778187248056703,No,19,3,0,3.0,-1.0641079756295821,3,3,2.5,3,-0.6542310960221126,1.0,0.0,-1.1672900203551313,1.0,-0.3685898527395261,2.0,-0.5950247357715714
30,Travel_Rarely,1288,1.203230114815101,Sales,29,4,Technical Degree,Male,33,-1.617908659737753,3,3,Sales Executive,Married,9250,0.5834948862234809,17799,0.4897445044571819,3.0,0.12281890107805317,No,12,3,1,9.0,-0.29297722673859755,3,3,2.5,4,-0.4910064335601377,0.4444444444444444,2.0,-0.6152821934957711,1.0,-0.3685898527395261,3.0,-0.31476636939512276
35,Travel_Rarely,104,-1.7310283734335035,Research & Development,2,3,Life Sciences,Female,69,0.1529233212353812,3,1,Laboratory Technician,Divorced,2074,-0.9407332090214573,26619,1.7288938614838631,1.0,-0.6778187248056703,Yes,12,3,1,1.0,-1.3211515585932438,2,3,2.25,1,-0.9806804209460626,1.0,0.0,-1.1672900203551313,0.0,-0.6789146428573514,0.0,-1.1555414685244687
53,Travel_Rarely,607,-0.48446416769951023,Research & Development,2,5,Technical Degree,Female,78,0.5956313164786647,2,3,Manufacturing Director,Married,10169,0.7786963382204287,14618,0.042835875806175906,0.0,-1.078137537747532,No,16,3,1,28.5,2.2131977071571027,4,3,3.0,18,1.794138840907512,0.9705882352941176,7.0,0.7647373736526294,1.0,-0.3685898527395261,9.0,1.3667838288635692
38,Travel_Rarely,903,0.24910045436264092,Research & Development,2,3,Medical,Male,81,0.743200648226426,3,2,Manufacturing Director,Married,4855,-0.3500311002037074,7653,-0.9356987354966398,4.0,0.5231377140199149,No,11,3,2,7.0,-0.5500208097022591,2,3,2.25,5,-0.32778177109816264,0.7142857142857143,2.0,-0.6152821934957711,1.0,-0.3685898527395261,4.0,-0.03450800301867408
32,Non-Travel,1200,0.9851433352831102,Research & Development,1,4,Technical Degree,Male,62,-0.19140511950939493,3,2,Research Scientist,Married,4087,-0.5131591906647042,25174,1.525881296755569,4.0,0.5231377140199149,No,14,3,1,9.0,-0.29297722673859755,3,2,2.25,6,-0.1645571086361877,0.6666666666666666,5.0,0.21272954679326922,1.0,-0.3685898527395261,2.0,-0.5950247357715714
48,Travel_Rarely,1108,0.7571435203178469,Research & Development,15,4,Other,Female,65,-0.04383578776163373,3,1,Research Scientist,Married,2367,-0.8784981432596447,16530,0.3114587296196696,8.0,2.124412965787362,No,12,3,1,10.0,-0.16445543525676679,3,2,2.5,8,0.1618922162877623,0.8,2.0,-0.6152821934957711,7.0,1.493358887967425,6.0,0.5260087297342232
34,Travel_Rarely,1351,1.35936042288914,Research & Development,1,4,Life Sciences,Male,45,-1.0276313327467084,3,2,Research Scientist,Married,5484,-0.21642749486520882,13008,-0.18335805444472622,8.5,2.324572372258293,No,17,3,1,9.0,-0.29297722673859755,3,2,2.5,2,-0.8174557584840876,0.2222222222222222,2.0,-0.6152821934957711,2.0,-0.058265062621700905,1.0,-0.8752831021480201
26,Travel_Rarely,474,-0.8140725958558146,Research & Development,3,3,Life Sciences,Female,89,1.1367188662204557,3,1,Research Scientist,Married,2061,-0.9434944918026982,11133,-0.44678266265618055,1.0,-0.6778187248056703,No,21,4,0,1.0,-1.3211515585932438,5,3,2.25,1,-0.9806804209460626,1.0,0.0,-1.1672900203551313,0.0,-0.6789146428573514,0.0,-1.1555414685244687
38,Travel_Rarely,1245,1.0966649839074236,Sales,14,3,Life Sciences,Male,80,0.6940108709771722,3,2,Sales Executive,Married,9924,0.7266567781124285,12355,-0.27510006466450204,0.0,-1.078137537747532,No,11,3,1,10.0,-0.16445543525676679,3,3,3.0,9,0.32511687874973727,0.9,8.0,1.0407412870823096,7.0,1.493358887967425,7.0,0.8062670961106719
29,Travel_Rarely,1370,1.4064473411971834,Research & Development,3,1,Medical,Male,87,1.0383393117219484,3,1,Laboratory Technician,Single,4723,-0.3780687407516913,16213,0.2669224091913864,1.0,-0.6778187248056703,Yes,18,3,0,10.0,-0.16445543525676679,3,3,2.5,10,0.48834154121171225,1.0,9.0,1.3167452005119897,1.0,-0.3685898527395261,5.0,0.2457503633577746
35,Travel_Rarely,670,-0.3283338596254713,Research & Development,10,4,Medical,Female,51,-0.732492669251186,3,2,Healthcare Representative,Single,6142,-0.07666410486086528,4223,-1.417590152118127,3.0,0.12281890107805317,Yes,16,3,0,10.0,-0.16445543525676679,4,3,2.5,5,-0.32778177109816264,0.5,2.0,-0.6152821934957711,0.0,-0.6789146428573514,4.0,-0.03450800301867408
39,Travel_Rarely,1462,1.6344471561624467,Sales,6,3,Medical,Male,38,-1.3719597734914843,4,3,Sales Executive,Married,8237,0.3683272356544839,4658,-1.3564756430130696,2.0,-0.27749991186380857,No,11,3,1,11.0,-0.035933643774936005,3,3,2.75,7,-0.0013324461742127045,0.6363636363636364,6.0,0.48873346022294933,7.0,1.493358887967425,6.0,0.5260087297342232
29,Travel_Frequently,995,0.4771002693279041,Research & Development,2,1,Life Sciences,Male,87,1.0383393117219484,3,2,Healthcare Representative,Divorced,8853,0.49916955821174164,24483,1.4288005478093744,1.0,-0.6778187248056703,No,19,3,1,6.0,-0.6785426011840899,0,4,3.25,6,-0.1645571086361877,1.0,4.0,-0.06327436663641088,1.0,-0.3685898527395261,3.0,-0.31476636939512276
50,Travel_Rarely,264,-1.334506956102611,Sales,9,3,Marketing,Male,59,-0.3389744512571561,3,5,Manager,Married,16581,2.140645968475521,19519,0.7313926783898227,4.0,0.5231377140199149,Yes,16,3,1,27.0,2.0204150199343562,2,3,3.0,1,-0.9806804209460626,0.037037037037037035,0.0,-1.1672900203551313,0.0,-0.6789146428573514,0.0,-1.1555414685244687
36,Travel_Frequently,1302,1.237925738831554,Research & Development,6,4,Life Sciences,Male,80,0.6940108709771722,4,2,Laboratory Technician,Married,5562,-0.19985979817776384,19711,0.7583673582706756,3.0,0.12281890107805317,Yes,13,3,1,9.0,-0.29297722673859755,3,3,2.25,3,-0.6542310960221126,0.3333333333333333,2.0,-0.6152821934957711,0.0,-0.6789146428573514,2.0,-0.5950247357715714
35,Travel_Rarely,750,-0.13007315096002503,Research & Development,28,3,Life Sciences,Male,46,-0.9784415554974546,4,2,Laboratory Technician,Married,3407,-0.6575955207603783,25348,1.5503271003975918,1.0,-0.6778187248056703,No,17,3,2,10.0,-0.16445543525676679,3,2,2.75,10,0.48834154121171225,1.0,9.0,1.3167452005119897,6.0,1.1830340978496,8.0,1.0865254624871206
40,Travel_Rarely,118,-1.6963327494170504,Sales,14,2,Life Sciences,Female,84,0.8907699799741872,3,2,Sales Executive,Married,4639,-0.39591087564586275,11262,-0.4286590496112325,1.0,-0.6778187248056703,No,15,3,1,5.0,-0.8070643926659207,2,3,2.75,5,-0.32778177109816264,1.0,4.0,-0.06327436663641088,1.0,-0.3685898527395261,2.0,-0.5950247357715714
43,Travel_Rarely,990,0.46470897503631375,Research & Development,27,3,Technical Degree,Male,87,1.0383393117219484,4,1,Laboratory Technician,Divorced,4876,-0.34557056648016454,5855,-1.188305373130877,5.0,0.9234565269617766,No,12,3,1,8.0,-0.42149901822042835,0,3,3.0,6,-0.1645571086361877,0.75,4.0,-0.06327436663641088,0.0,-0.6789146428573514,2.0,-0.5950247357715714
46,Travel_Rarely,563,-0.5935075574655057,Sales,1,4,Life Sciences,Male,56,-0.4865437830049173,4,4,Manager,Single,16581,2.140645968475521,3156,-1.5674963158309918,1.0,-0.6778187248056703,No,15,3,0,27.0,2.0204150199343562,5,1,2.0,18,1.794138840907512,0.9629629629629629,0.0,-1.1672900203551313,0.0,-0.6789146428573514,12.0,2.207558927992915
28,Travel_Rarely,329,-1.173420130311936,Research & Development,24,3,Medical,Male,51,-0.732492669251186,3,1,Laboratory Technician,Married,2408,-0.8697894821803468,7324,-0.9819209734174763,1.0,-0.6778187248056703,Yes,17,3,3,1.0,-1.3211515585932438,3,3,2.75,1,-0.9806804209460626,1.0,1.0,-0.8912861069254512,0.0,-0.6789146428573514,0.0,-1.1555414685244687
44,Travel_Rarely,1313,1.265186586273053,Research & Development,7,3,Medical,Female,31,-1.7162882142362605,3,5,Research Director,Divorced,16581,2.140645968475521,3549,-1.5122825179498711,0.0,-1.078137537747532,Yes,14,3,1,23.0,1.5063278540070333,4,2,3.0,18,1.794138840907512,0.9565217391304348,7.0,0.7647373736526294,1.0,-0.3685898527395261,10.0,1.6470421952400178
30,Travel_Rarely,241,-1.3915069098439268,Research & Development,7,3,Medical,Male,48,-0.8800620009989472,2,1,Research Scientist,Married,2141,-0.9265019823796776,5348,-1.2595353871912542,1.0,-0.6778187248056703,No,12,3,1,6.0,-0.6785426011840899,3,2,2.0,6,-0.1645571086361877,1.0,4.0,-0.06327436663641088,1.0,-0.3685898527395261,1.0,-0.8752831021480201
45,Non-Travel,336,-1.1560723183037094,Sales,26,3,Marketing,Male,52,-0.6833028920019322,2,2,Sales Executive,Married,4385,-0.4498620930639528,24162,1.3837022548835733,1.0,-0.6778187248056703,No,15,3,1,10.0,-0.16445543525676679,2,3,1.5,10,0.48834154121171225,1.0,7.0,0.7647373736526294,4.0,0.5623845176139496,5.0,0.2457503633577746
36,Travel_Rarely,559,-0.603420592898778,Research & Development,12,4,Life Sciences,Female,76,0.4972517619801573,3,2,Manufacturing Director,Married,4663,-0.39081312281895664,12421,-0.2658275184554589,8.5,2.324572372258293,Yes,12,3,2,7.0,-0.5500208097022591,2,3,2.75,3,-0.6542310960221126,0.42857142857142855,2.0,-0.6152821934957711,1.0,-0.3685898527395261,1.0,-0.8752831021480201
39,Travel_Rarely,1387,1.4485777417885908,Research & Development,10,5,Medical,Male,76,0.4972517619801573,3,2,Manufacturing Director,Married,5377,-0.23915497621849874,3835,-1.4721014843773506,2.0,-0.27749991186380857,No,13,3,3,10.0,-0.16445543525676679,3,3,2.5,7,-0.0013324461742127045,0.7,7.0,0.7647373736526294,7.0,1.493358887967425,7.0,0.8062670961106719
27,Travel_Rarely,1302,1.237925738831554,Research & Development,19,3,Other,Male,67,0.05454376673687373,2,1,Laboratory Technician,Divorced,4066,-0.517619724388247,16290,0.27774037976860344,1.0,-0.6778187248056703,No,11,3,2,7.0,-0.5500208097022591,3,3,2.25,7,-0.0013324461742127045,1.0,7.0,0.7647373736526294,0.0,-0.6789146428573514,7.0,0.8062670961106719
35,Travel_Rarely,819,0.04092671026392236,Research & Development,18,5,Life Sciences,Male,48,-0.8800620009989472,4,2,Research Scientist,Married,5208,-0.27505165237462953,26312,1.6857624722993743,1.0,-0.6778187248056703,No,11,3,0,16.0,0.6066753136342179,2,3,2.5,16,1.4676895159835621,1.0,14.5,2.8347667243752306,1.0,-0.3685898527395261,10.0,1.6470421952400178
28,Travel_Rarely,580,-0.5513771568740984,Research & Development,27,3,Medical,Female,39,-1.3227699962422308,1,2,Manufacturing Director,Divorced,4877,-0.3453581601123768,20460,0.8635967084308779,0.0,-1.078137537747532,No,21,4,1,6.0,-0.6785426011840899,5,2,1.75,5,-0.32778177109816264,0.8333333333333334,3.0,-0.339278280066091,0.0,-0.6789146428573514,0.0,-1.1555414685244687
21,Travel_Rarely,546,-0.635637958056913,Research & Development,5,1,Medical,Male,97,1.5302370842144857,3,1,Research Scientist,Single,3117,-0.7191933674188277,26009,1.6431930556124033,1.0,-0.6778187248056703,No,18,3,0,3.0,-1.0641079756295821,2,3,3.25,2,-0.8174557584840876,0.6666666666666666,2.0,-0.6152821934957711,2.0,-0.058265062621700905,2.0,-0.5950247357715714
18,Travel_Frequently,544,-0.6405944757735491,Sales,3,2,Medical,Female,70,0.20211309848463493,3,1,Sales Representative,Single,1569,-1.0479984247542742,18420,0.5769907346968156,1.0,-0.6778187248056703,Yes,12,3,0,0.0,-1.4496733500750745,2,4,3.25,0,-1.1439050834080375,0.0,0.0,-1.1672900203551313,0.0,-0.6789146428573514,0.0,-1.1555414685244687
47,Travel_Rarely,1176,0.9256651226834762,Human Resources,26,4,Life Sciences,Female,98,1.5794268614637395,3,5,Manager,Married,16581,2.140645968475521,5220,-1.277518507111823,3.0,0.12281890107805317,No,11,3,1,27.0,2.0204150199343562,2,3,3.25,5,-0.32778177109816264,0.18518518518518517,2.0,-0.6152821934957711,1.0,-0.3685898527395261,0.0,-1.1555414685244687
39,Travel_Rarely,170,-1.5674632887845104,Research & Development,3,2,Medical,Male,76,0.4972517619801573,2,2,Laboratory Technician,Divorced,3069,-0.7293888730726399,10302,-0.5635324490154971,0.0,-1.078137537747532,No,15,3,1,11.0,-0.035933643774936005,3,3,3.25,10,0.48834154121171225,0.9090909090909091,8.0,1.0407412870823096,0.0,-0.6789146428573514,7.0,0.8062670961106719
38,Travel_Rarely,397,-1.0048985279463067,Research & Development,2,2,Medical,Female,54,-0.5849233375034247,2,3,Manufacturing Director,Married,7756,0.26615977274857316,14199,-0.016030743308810425,3.0,0.12281890107805317,Yes,19,3,1,10.0,-0.16445543525676679,6,4,3.75,5,-0.32778177109816264,0.5,4.0,-0.06327436663641088,0.0,-0.6789146428573514,2.0,-0.5950247357715714
35,Travel_Rarely,737,-0.16229051611816006,Sales,10,3,Medical,Male,55,-0.5357335602541711,2,3,Sales Executive,Married,10306,0.8077960106073513,21530,1.0139243515168812,8.5,2.324572372258293,No,17,3,0,15.0,0.4781535221523871,3,3,2.75,13,0.9780155285976372,0.8666666666666667,12.0,2.14475694080103,6.0,1.1830340978496,0.0,-1.1555414685244687
37,Travel_Rarely,1470,1.6542732270289913,Research & Development,10,3,Medical,Female,71,0.25130287573388865,3,1,Research Scientist,Married,3936,-0.5452325522006554,9953,-0.6125645494239225,1.0,-0.6778187248056703,No,11,3,1,8.0,-0.42149901822042835,2,1,1.5,8,0.1618922162877623,1.0,4.0,-0.06327436663641088,7.0,1.493358887967425,7.0,0.8062670961106719
48,Travel_Frequently,365,-1.084202811412485,Research & Development,4,5,Medical,Male,89,1.1367188662204557,2,4,Manager,Married,15202,1.8477375872962052,5602,-1.223850133598876,2.0,-0.27749991186380857,No,25,4,1,23.0,1.5063278540070333,3,3,3.0,2,-0.8174557584840876,0.08695652173913043,2.0,-0.6152821934957711,2.0,-0.058265062621700905,2.0,-0.5950247357715714
35,Travel_Rarely,763,-0.09785578580189003,Sales,15,2,Medical,Male,59,-0.3389744512571561,1,2,Sales Executive,Divorced,5440,-0.2257733750478701,22098,1.0937244461644045,6.0,1.3237753399036383,Yes,14,3,2,7.0,-0.5500208097022591,2,2,2.75,2,-0.8174557584840876,0.2857142857142857,2.0,-0.6152821934957711,2.0,-0.058265062621700905,2.0,-0.5950247357715714
24,Travel_Frequently,567,-0.5835945220322334,Research & Development,2,1,Technical Degree,Female,32,-1.6670984369870068,3,1,Research Scientist,Single,3760,-0.5826160729313005,17218,0.4081179991927259,1.0,-0.6778187248056703,Yes,13,3,0,6.0,-0.6785426011840899,2,3,2.75,6,-0.1645571086361877,1.0,3.0,-0.339278280066091,1.0,-0.3685898527395261,3.0,-0.31476636939512276
27,Travel_Frequently,591,-0.5241163094325995,Research & Development,2,3,Medical,Male,87,1.0383393117219484,3,1,Research Scientist,Single,2580,-0.8332555869208527,6297,-1.1262074121551635,2.0,-0.27749991186380857,No,13,3,0,6.0,-0.6785426011840899,0,2,3.25,4,-0.4910064335601377,0.6666666666666666,2.0,-0.6152821934957711,1.0,-0.3685898527395261,2.0,-0.5950247357715714
40,Travel_Rarely,1329,1.3048387280061422,Research & Development,7,3,Life Sciences,Male,73,0.3496824302323961,3,1,Laboratory Technician,Single,2166,-0.9211918231849837,3339,-1.541786074069554,3.0,0.12281890107805317,Yes,14,3,0,10.0,-0.16445543525676679,3,1,1.25,4,-0.4910064335601377,0.4,2.0,-0.6152821934957711,0.0,-0.6789146428573514,3.0,-0.31476636939512276
29,Travel_Rarely,469,-0.8264638901474051,Sales,10,3,Medical,Male,42,-1.1752006644944695,2,2,Sales Executive,Single,5869,-0.1346510432669227,23413,1.278472904723371,8.5,2.324572372258293,No,11,3,0,8.0,-0.42149901822042835,2,3,3.0,5,-0.32778177109816264,0.625,2.0,-0.6152821934957711,1.0,-0.3685898527395261,4.0,-0.03450800301867408
36,Travel_Rarely,711,-0.2267252464344301,Research & Development,5,4,Life Sciences,Female,42,-1.1752006644944695,3,3,Healthcare Representative,Married,8008,0.3196861774310877,22792,1.1912266744837374,4.0,0.5231377140199149,No,12,3,2,9.0,-0.29297722673859755,6,3,2.25,3,-0.6542310960221126,0.3333333333333333,2.0,-0.6152821934957711,0.0,-0.6789146428573514,2.0,-0.5950247357715714
25,Travel_Frequently,772,-0.07555145607702732,Research & Development,2,1,Life Sciences,Male,77,0.5464415392294111,4,2,Manufacturing Director,Divorced,5206,-0.275476465110205,4973,-1.3122203088335451,1.0,-0.6778187248056703,No,17,3,2,7.0,-0.5500208097022591,6,3,3.25,7,-0.0013324461742127045,1.0,7.0,0.7647373736526294,0.0,-0.6789146428573514,7.0,0.8062670961106719
39,Travel_Rarely,492,-0.7694639364060892,Research & Development,12,3,Medical,Male,66,0.005353989487620002,3,2,Manufacturing Director,Married,5295,-0.2565722983770947,7693,-0.9300790105214621,4.0,0.5231377140199149,No,21,4,0,7.0,-0.5500208097022591,3,3,3.0,5,-0.32778177109816264,0.7142857142857143,4.0,-0.06327436663641088,1.0,-0.3685898527395261,0.0,-1.1555414685244687
49,Travel_Rarely,301,-1.2428113783448422,Research & Development,22,4,Other,Female,72,0.30049265298314237,3,4,Research Director,Married,16413,2.1049616986871778,3498,-1.5194476672932227,3.0,0.12281890107805317,No,16,3,2,27.0,2.0204150199343562,2,3,2.0,4,-0.4910064335601377,0.14814814814814814,2.0,-0.6152821934957711,1.0,-0.3685898527395261,2.0,-0.5950247357715714
50,Travel_Rarely,813,0.02605715711401389,Research & Development,17,5,Life Sciences,Female,50,-0.7816824465004397,2,3,Research Director,Divorced,13269,1.4371560783624728,21981,1.0772867506120096,5.0,0.9234565269617766,No,15,3,3,19.0,0.9922406880797102,3,3,2.75,14,1.1412401910596122,0.7368421052631579,11.0,1.8687530273713497,1.0,-0.3685898527395261,11.0,1.9273005616164665
20,Travel_Rarely,1141,0.8389260626423436,Sales,2,3,Medical,Female,31,-1.7162882142362605,3,1,Sales Representative,Single,2783,-0.7901370942599382,13251,-0.14921822522052175,1.0,-0.6778187248056703,No,19,3,0,2.0,-1.192629767111413,3,3,2.5,2,-0.8174557584840876,1.0,2.0,-0.6152821934957711,2.0,-0.058265062621700905,2.0,-0.5950247357715714
36,Travel_Rarely,311,-1.2180287897616613,Research & Development,7,3,Life Sciences,Male,77,0.5464415392294111,3,1,Laboratory Technician,Single,2013,-0.9536899974565104,10950,-0.4724929044176185,2.0,-0.27749991186380857,No,11,3,0,15.0,0.4781535221523871,4,3,2.25,4,-0.4910064335601377,0.26666666666666666,3.0,-0.339278280066091,1.0,-0.3685898527395261,3.0,-0.31476636939512276
49,Travel_Rarely,465,-0.8363769255806773,Research & Development,6,1,Life Sciences,Female,41,-1.2243904417437232,2,4,Healthcare Representative,Married,13966,1.5852033167105388,11652,-0.37386673110324997,2.0,-0.27749991186380857,Yes,19,3,1,28.5,2.2131977071571027,3,3,2.75,15,1.3044648535215873,0.5,11.0,1.8687530273713497,2.0,-0.058265062621700905,12.0,2.207558927992915
36,Non-Travel,894,0.22679612463777823,Research & Development,1,4,Medical,Female,33,-1.617908659737753,2,2,Manufacturing Director,Married,4374,-0.45219856310961815,15411,0.15424692343907365,0.0,-1.078137537747532,No,15,3,0,4.0,-0.9355861841477514,6,3,3.25,3,-0.6542310960221126,0.75,2.0,-0.6152821934957711,1.0,-0.3685898527395261,2.0,-0.5950247357715714
36,Travel_Rarely,1040,0.5886219179522176,Research & Development,3,2,Life Sciences,Male,79,0.6448210937279185,4,2,Healthcare Representative,Divorced,6842,0.07202035259056404,26308,1.6852004998018566,6.0,1.3237753399036383,No,20,4,1,13.0,0.22110993918872554,3,3,2.25,5,-0.32778177109816264,0.38461538461538464,4.0,-0.06327436663641088,0.0,-0.6789146428573514,4.0,-0.03450800301867408
54,Travel_Rarely,584,-0.541464121440826,Research & Development,22,5,Medical,Female,91,1.2350984207189633,3,4,Manager,Married,16581,2.140645968475521,18685,0.6142214126573677,3.0,0.12281890107805317,No,25,4,1,28.5,2.2131977071571027,6,3,2.75,10,0.48834154121171225,0.2777777777777778,8.0,1.0407412870823096,4.0,0.5623845176139496,7.0,0.8062670961106719
35,Travel_Frequently,880,0.19210050062132514,Sales,12,4,Other,Male,36,-1.470339327989992,3,2,Sales Executive,Single,4581,-0.4082304449775526,10414,-0.5477972190849996,3.0,0.12281890107805317,Yes,24,4,0,13.0,0.22110993918872554,2,4,3.25,11,0.6515662036736872,0.8461538461538461,9.0,1.3167452005119897,6.0,1.1830340978496,7.0,0.8062670961106719
38,Travel_Frequently,1189,0.9578824878416113,Research & Development,1,3,Life Sciences,Male,90,1.1859086434697095,3,2,Research Scientist,Married,4735,-0.3755198643382382,9867,-0.6246469581205545,7.0,1.7240941528455003,No,15,3,2,19.0,0.9922406880797102,4,4,4.0,13,0.9780155285976372,0.6842105263157895,11.0,1.8687530273713497,2.0,-0.058265062621700905,9.0,1.3667838288635692
29,Travel_Rarely,991,0.4671872338946318,Sales,5,3,Medical,Male,43,-1.1260108872452157,2,2,Sales Executive,Divorced,4187,-0.49191855388592853,3356,-1.5393976909551035,1.0,-0.6778187248056703,Yes,13,3,1,10.0,-0.16445543525676679,3,2,1.75,10,0.48834154121171225,1.0,0.0,-1.1672900203551313,0.0,-0.6789146428573514,9.0,1.3667838288635692
33,Travel_Rarely,392,-1.017289822237897,Sales,2,4,Medical,Male,93,1.3334779752174708,3,2,Sales Executive,Divorced,5505,-0.21196696114166594,3921,-1.4600190756807185,1.0,-0.6778187248056703,No,14,3,2,6.0,-0.6785426011840899,5,3,3.5,6,-0.1645571086361877,1.0,2.0,-0.6152821934957711,0.0,-0.6789146428573514,4.0,-0.03450800301867408
31,Travel_Rarely,1112,0.7670565557511193,Sales,5,4,Life Sciences,Female,67,0.05454376673687373,3,2,Sales Executive,Married,5476,-0.21812674580751087,22589,1.1627065702347106,1.0,-0.6778187248056703,No,11,3,2,10.0,-0.16445543525676679,2,3,2.25,10,0.48834154121171225,1.0,0.0,-1.1672900203551313,0.0,-0.6789146428573514,2.0,-0.5950247357715714
47,Travel_Rarely,1225,1.0470998067410622,Sales,2,4,Life Sciences,Female,47,-0.9292517782482008,4,4,Manager,Divorced,15972,2.0112904904927773,21086,0.9515454042924087,6.0,1.3237753399036383,No,14,3,3,28.5,2.2131977071571027,2,3,2.5,3,-0.6542310960221126,0.10344827586206896,2.0,-0.6152821934957711,1.0,-0.3685898527395261,2.0,-0.5950247357715714
41,Travel_Rarely,1206,1.0000128884330186,Sales,23,2,Life Sciences,Male,80,0.6940108709771722,3,3,Sales Executive,Single,7082,0.12299788085962551,11591,-0.38243681169039595,3.0,0.12281890107805317,Yes,16,3,0,21.0,1.2492842710433718,2,3,3.5,2,-0.8174557584840876,0.09523809523809523,0.0,-1.1672900203551313,0.0,-0.6789146428573514,2.0,-0.5950247357715714
20,Travel_Rarely,727,-0.18707310470134084,Sales,9,1,Life Sciences,Male,54,-0.5849233375034247,3,1,Sales Representative,Single,2728,-0.8018194444882648,21082,0.950983431794891,1.0,-0.6778187248056703,No,11,3,0,2.0,-1.192629767111413,3,3,2.25,2,-0.8174557584840876,1.0,2.0,-0.6152821934957711,0.0,-0.6789146428573514,2.0,-0.5950247357715714
38,Travel_Rarely,1495,1.7162296984869432,Research & Development,4,2,Medical,Female,87,1.0383393117219484,3,1,Laboratory Technician,Married,3306,-0.6790485639069417,26176,1.66665540738377,7.0,1.7240941528455003,No,19,3,1,7.0,-0.5500208097022591,5,2,3.25,0,-1.1439050834080375,0.0,0.0,-1.1672900203551313,0.0,-0.6789146428573514,0.0,-1.1555414685244687
53,Travel_Rarely,1395,1.4684038126551353,Research & Development,24,4,Medical,Male,48,-0.8800620009989472,4,3,Healthcare Representative,Married,7005,0.10664259053996829,3458,-1.5250673922684004,3.0,0.12281890107805317,No,15,3,0,11.0,-0.035933643774936005,2,3,3.0,4,-0.4910064335601377,0.36363636363636365,3.0,-0.339278280066091,1.0,-0.3685898527395261,2.0,-0.5950247357715714
32,Travel_Rarely,1259,1.1313606079238767,Research & Development,2,4,Life Sciences,Male,95,1.4318575297159781,3,1,Laboratory Technician,Single,1393,-1.0853819454849192,24852,1.4806425107053884,1.0,-0.6778187248056703,No,12,3,0,1.0,-1.3211515585932438,2,3,2.5,1,-0.9806804209460626,1.0,0.0,-1.1672900203551313,0.0,-0.6789146428573514,0.0,-1.1555414685244687
55,Travel_Rarely,1441,1.582403720137767,Research & Development,22,3,Technical Degree,Male,94,1.3826677524667244,2,1,Research Scientist,Divorced,3537,-0.62998269294797,23737,1.3239926770223103,5.0,0.9234565269617766,No,12,3,1,8.0,-0.42149901822042835,1,3,2.5,4,-0.4910064335601377,0.5,2.0,-0.6152821934957711,1.0,-0.3685898527395261,2.0,-0.5950247357715714
34,Travel_Rarely,1157,0.8785782043754328,Research & Development,5,2,Medical,Male,57,-0.4373540057556636,2,2,Laboratory Technician,Married,3986,-0.5346122338112675,11912,-0.337338518764595,1.0,-0.6778187248056703,No,14,3,1,15.0,0.4781535221523871,3,4,3.25,15,1.3044648535215873,1.0,10.0,1.5927491139416698,4.0,0.5623845176139496,13.0,2.4878172943693637
60,Travel_Rarely,370,-1.0718115171208948,Research & Development,1,4,Medical,Male,92,1.284288197968217,1,3,Healthcare Representative,Divorced,10883,0.9303544848208867,20467,0.864580160301534,3.0,0.12281890107805317,No,20,4,1,19.0,0.9922406880797102,2,4,3.5,1,-0.9806804209460626,0.05263157894736842,0.0,-1.1672900203551313,0.0,-0.6789146428573514,0.0,-1.1555414685244687
33,Travel_Rarely,267,-1.3270721795276568,Research & Development,21,3,Medical,Male,79,0.6448210937279185,4,1,Laboratory Technician,Married,2028,-0.950503901939694,13637,-0.09498787921005701,1.0,-0.6778187248056703,No,18,3,3,14.0,0.3496317306705563,6,3,2.75,14,1.1412401910596122,1.0,11.0,1.8687530273713497,2.0,-0.058265062621700905,13.0,2.4878172943693637
37,Travel_Frequently,1278,1.1784475262319203,Sales,1,4,Medical,Male,31,-1.7162882142362605,1,2,Sales Executive,Divorced,9525,0.6419066373651138,7677,-0.9323269005115332,1.0,-0.6778187248056703,No,14,3,2,6.0,-0.6785426011840899,2,2,3.0,6,-0.1645571086361877,1.0,3.0,-0.339278280066091,1.0,-0.3685898527395261,3.0,-0.31476636939512276
34,Travel_Rarely,678,-0.30850778875892665,Research & Development,19,3,Life Sciences,Female,35,-1.5195291052392457,2,1,Research Scientist,Married,2929,-0.7591257645629258,20338,0.8464565472565859,1.0,-0.6778187248056703,No,12,3,0,10.0,-0.16445543525676679,3,3,2.75,10,0.48834154121171225,1.0,9.0,1.3167452005119897,7.5,1.6485212830263376,7.0,0.8062670961106719
23,Travel_Rarely,427,-0.9305507621967642,Sales,7,3,Life Sciences,Male,99,1.628616638712993,3,1,Sales Representative,Divorced,2275,-0.8980395290961183,25103,1.5159062849246285,1.0,-0.6778187248056703,Yes,21,4,1,3.0,-1.0641079756295821,2,3,3.0,3,-0.6542310960221126,1.0,2.0,-0.6152821934957711,0.0,-0.6789146428573514,2.0,-0.5950247357715714
44,Travel_Rarely,921,0.29370911381236636,Research & Development,2,3,Life Sciences,Female,96,1.481047306965232,4,3,Healthcare Representative,Married,7879,0.29228575598646717,14810,0.06981055568702883,1.0,-0.6778187248056703,Yes,19,3,1,9.0,-0.29297722673859755,2,3,3.0,8,0.1618922162877623,0.8888888888888888,7.0,0.7647373736526294,6.0,1.1830340978496,7.0,0.8062670961106719
35,Travel_Frequently,146,-1.6269415013841442,Research & Development,2,4,Medical,Male,79,0.6448210937279185,2,1,Research Scientist,Single,4930,-0.33410062261962575,13970,-0.048203668791702715,0.0,-1.078137537747532,Yes,14,3,0,6.0,-0.6785426011840899,2,4,3.0,5,-0.32778177109816264,0.8333333333333334,4.0,-0.06327436663641088,1.0,-0.3685898527395261,4.0,-0.03450800301867408
43,Travel_Rarely,1179,0.9330998992584305,Sales,2,3,Medical,Male,73,0.3496824302323961,3,2,Sales Executive,Married,7847,0.28548875221725895,6069,-1.1582398445136763,1.0,-0.6778187248056703,Yes,17,3,1,10.0,-0.16445543525676679,3,3,3.0,10,0.48834154121171225,1.0,9.0,1.3167452005119897,7.5,1.6485212830263376,8.0,1.0865254624871206
24,Travel_Rarely,581,-0.5488988980157803,Research & Development,9,3,Medical,Male,62,-0.19140511950939493,4,1,Research Scientist,Married,4401,-0.44646359117934875,17616,0.46403426269574394,1.0,-0.6778187248056703,No,16,3,1,5.0,-0.8070643926659207,1,3,3.25,5,-0.32778177109816264,1.0,3.0,-0.339278280066091,0.0,-0.6789146428573514,4.0,-0.03450800301867408
41,Travel_Rarely,918,0.2862743372374121,Sales,6,3,Marketing,Male,35,-1.5195291052392457,3,3,Sales Executive,Single,9241,0.5815832289133911,15869,0.21859277440485825,1.0,-0.6778187248056703,No,12,3,0,10.0,-0.16445543525676679,3,3,3.0,10,0.48834154121171225,1.0,8.0,1.0407412870823096,7.5,1.6485212830263376,7.0,0.8062670961106719
29,Travel_Rarely,1082,0.6927087900015769,Research & Development,9,4,Medical,Female,43,-1.1260108872452157,3,1,Laboratory Technician,Married,2974,-0.7495674780124768,25412,1.5593186603578761,8.5,2.324572372258293,No,17,3,1,9.0,-0.29297722673859755,2,3,3.25,5,-0.32778177109816264,0.5555555555555556,3.0,-0.339278280066091,1.0,-0.3685898527395261,2.0,-0.5950247357715714
36,Travel_Rarely,530,-0.6752900997900022,Sales,2,4,Life Sciences,Female,51,-0.732492669251186,3,2,Sales Representative,Single,4502,-0.4250105480327854,7439,-0.9657642641138404,3.0,0.12281890107805317,No,15,3,0,17.0,0.7351971051160486,2,2,3.0,13,0.9780155285976372,0.7647058823529411,7.0,0.7647373736526294,6.0,1.1830340978496,7.0,0.8062670961106719
24,Travel_Rarely,240,-1.3939851687022449,Human Resources,22,1,Human Resources,Male,58,-0.38816422850640986,1,1,Human Resources,Married,1555,-1.0509721139033028,11585,-0.3832797704366726,1.0,-0.6778187248056703,No,11,3,1,1.0,-1.3211515585932438,2,3,3.25,1,-0.9806804209460626,1.0,0.0,-1.1672900203551313,0.0,-0.6789146428573514,0.0,-1.1555414685244687
47,Travel_Frequently,1093,0.7199696374430757,Sales,9,3,Life Sciences,Male,82,0.7923904254756797,1,4,Sales Executive,Married,12936,1.36642475788915,24164,1.3839832411323323,7.0,1.7240941528455003,No,11,3,0,25.0,1.7633714369706948,3,1,2.5,18,1.794138840907512,0.92,5.0,0.21272954679326922,7.5,1.6485212830263376,10.0,1.6470421952400178
26,Travel_Rarely,390,-1.0222463399545332,Research & Development,17,4,Medical,Male,62,-0.19140511950939493,1,1,Laboratory Technician,Married,2305,-0.8916673380624857,6217,-1.137446862105519,1.0,-0.6778187248056703,No,15,3,3,3.0,-1.0641079756295821,3,4,3.5,3,-0.6542310960221126,1.0,2.0,-0.6152821934957711,0.0,-0.6789146428573514,2.0,-0.5950247357715714
32,Travel_Frequently,585,-0.5389858625825079,Research & Development,10,3,Life Sciences,Male,56,-0.4865437830049173,3,1,Research Scientist,Married,3433,-0.6520729551978967,17360,0.4280680228546067,6.0,1.3237753399036383,No,13,3,1,10.0,-0.16445543525676679,3,2,1.75,5,-0.32778177109816264,0.5,2.0,-0.6152821934957711,1.0,-0.3685898527395261,3.0,-0.31476636939512276
31,Travel_Rarely,741,-0.15237748068488774,Research & Development,2,4,Life Sciences,Male,69,0.1529233212353812,3,1,Laboratory Technician,Married,3477,-0.6427270750152354,18103,0.5324544142685324,1.0,-0.6778187248056703,No,14,3,1,6.0,-0.6785426011840899,2,4,3.25,5,-0.32778177109816264,0.8333333333333334,2.0,-0.6152821934957711,0.0,-0.6789146428573514,3.0,-0.31476636939512276
24,Travel_Rarely,506,-0.7347683123896361,Research & Development,29,1,Medical,Male,91,1.2350984207189633,3,1,Laboratory Technician,Divorced,3907,-0.5513923368665002,3622,-1.5020265198701717,1.0,-0.6778187248056703,No,13,3,3,6.0,-0.6785426011840899,2,4,2.25,6,-0.1645571086361877,1.0,2.0,-0.6152821934957711,1.0,-0.3685898527395261,2.0,-0.5950247357715714
46,Travel_Rarely,717,-0.2118556932845216,Research & Development,13,4,Life Sciences,Male,34,-1.5687188824884994,3,2,Healthcare Representative,Single,5562,-0.19985979817776384,9697,-0.6485307892650597,6.0,1.3237753399036383,No,14,3,0,19.0,0.9922406880797102,3,3,3.0,10,0.48834154121171225,0.5263157894736842,7.0,0.7647373736526294,0.0,-0.6789146428573514,9.0,1.3667838288635692
35,Travel_Rarely,1370,1.4064473411971834,Research & Development,27,4,Life Sciences,Male,49,-0.8308722237496934,3,2,Manufacturing Director,Married,6883,0.08072901366986203,5151,-1.2872125326940045,2.0,-0.27749991186380857,No,16,3,1,17.0,0.7351971051160486,3,3,3.0,7,-0.0013324461742127045,0.4117647058823529,7.0,0.7647373736526294,0.0,-0.6789146428573514,7.0,0.8062670961106719
30,Travel_Rarely,793,-0.023508020052347676,Research & Development,16,1,Life Sciences,Male,33,-1.617908659737753,3,1,Research Scientist,Married,2862,-0.7733569912047055,3811,-1.4754733193624572,1.0,-0.6778187248056703,No,12,3,1,10.0,-0.16445543525676679,2,2,2.5,10,0.48834154121171225,1.0,0.0,-1.1672900203551313,0.0,-0.6789146428573514,8.0,1.0865254624871206
47,Non-Travel,543,-0.6430727346318672,Sales,2,4,Marketing,Male,87,1.0383393117219484,3,2,Sales Executive,Married,4978,-0.3239051169658134,3536,-1.514108928566804,7.0,1.7240941528455003,No,11,3,1,4.0,-0.9355861841477514,3,1,2.5,1,-0.9806804209460626,0.25,0.0,-1.1672900203551313,0.0,-0.6789146428573514,0.0,-1.1555414685244687
46,Travel_Rarely,1277,1.1759692673736022,Sales,2,3,Life Sciences,Male,74,0.39887220748164987,3,3,Sales Executive,Divorced,10368,0.8209652054101922,5596,-1.2246930923451527,4.0,0.5231377140199149,Yes,12,3,1,13.0,0.22110993918872554,5,2,2.75,10,0.48834154121171225,0.7692307692307693,6.0,0.48873346022294933,0.0,-0.6789146428573514,3.0,-0.31476636939512276
36,Travel_Rarely,1456,1.6195776030125382,Sales,13,5,Marketing,Male,96,1.481047306965232,2,2,Sales Executive,Divorced,6134,-0.07836335580316732,8658,-0.7945031454953003,5.0,0.9234565269617766,Yes,13,3,3,16.0,0.6066753136342179,3,3,2.0,2,-0.8174557584840876,0.125,2.0,-0.6152821934957711,2.0,-0.058265062621700905,2.0,-0.5950247357715714
32,Travel_Rarely,964,0.4002742447200437,Sales,1,2,Life Sciences,Male,34,-1.5687188824884994,1,2,Sales Executive,Single,6735,0.049292871237274126,12147,-0.3043226345354261,6.0,1.3237753399036383,No,15,3,0,10.0,-0.16445543525676679,2,3,2.0,0,-1.1439050834080375,0.0,0.0,-1.1672900203551313,0.0,-0.6789146428573514,0.0,-1.1555414685244687
23,Travel_Rarely,160,-1.592245877367691,Research & Development,4,1,Medical,Female,51,-0.732492669251186,3,1,Laboratory Technician,Single,3295,-0.6813850339526071,12862,-0.2038700506041248,1.0,-0.6778187248056703,No,13,3,0,3.0,-1.0641079756295821,3,1,2.25,3,-0.6542310960221126,1.0,2.0,-0.6152821934957711,1.0,-0.3685898527395261,2.0,-0.5950247357715714
31,Travel_Frequently,163,-1.584811100792737,Research & Development,24,1,Technical Degree,Female,30,-1.7654779914855143,3,2,Manufacturing Director,Single,5238,-0.26867946134099685,6670,-1.0738034767616316,2.0,-0.27749991186380857,No,20,4,0,9.0,-0.29297722673859755,3,2,3.5,5,-0.32778177109816264,0.5555555555555556,4.0,-0.06327436663641088,1.0,-0.3685898527395261,4.0,-0.03450800301867408
39,Non-Travel,792,-0.025986278910665753,Research & Development,1,3,Life Sciences,Male,77,0.5464415392294111,3,2,Laboratory Technician,Married,6472,-0.0065700034909057445,8989,-0.7479999213257049,1.0,-0.6778187248056703,Yes,15,3,1,9.0,-0.29297722673859755,2,3,3.75,9,0.32511687874973727,1.0,8.0,1.0407412870823096,5.0,0.8727093077317748,8.0,1.0865254624871206
32,Travel_Rarely,371,-1.0693332582625767,Sales,19,3,Life Sciences,Male,80,0.6940108709771722,1,3,Sales Executive,Married,9610,0.659961178627073,3840,-1.4713990187554533,3.0,0.12281890107805317,No,13,3,1,10.0,-0.16445543525676679,2,1,2.75,4,-0.4910064335601377,0.4,3.0,-0.339278280066091,0.0,-0.6789146428573514,2.0,-0.5950247357715714
40,Travel_Rarely,611,-0.4745511322662379,Sales,7,4,Medical,Male,88,1.0875290889712022,3,5,Manager,Single,16581,2.140645968475521,4349,-1.3998880184463172,1.0,-0.6778187248056703,No,14,3,0,21.0,1.2492842710433718,3,2,2.0,18,1.794138840907512,1.0,8.0,1.0407412870823096,7.5,1.6485212830263376,8.0,1.0865254624871206
45,Travel_Rarely,176,-1.552593735634602,Human Resources,4,3,Life Sciences,Female,56,-0.4865437830049173,1,3,Human Resources,Married,9756,0.6909725083240854,6595,-1.0843404610900897,4.0,0.5231377140199149,No,21,4,2,9.0,-0.29297722673859755,2,4,3.25,5,-0.32778177109816264,0.5555555555555556,0.0,-1.1672900203551313,0.0,-0.6789146428573514,3.0,-0.31476636939512276
30,Travel_Frequently,1312,1.2627083274147348,Research & Development,2,4,Technical Degree,Female,78,0.5956313164786647,2,1,Research Scientist,Single,4968,-0.326029180643691,26427,1.7019191816030101,0.0,-1.078137537747532,No,16,3,0,10.0,-0.16445543525676679,2,3,3.0,9,0.32511687874973727,0.9,7.0,0.7647373736526294,0.0,-0.6789146428573514,7.0,0.8062670961106719
24,Travel_Frequently,897,0.23423090121273246,Human Resources,10,3,Medical,Male,59,-0.3389744512571561,3,1,Human Resources,Married,2145,-0.9256523569085267,2097,-1.7162785345488214,0.0,-1.078137537747532,No,14,3,1,3.0,-1.0641079756295821,2,3,3.0,2,-0.8174557584840876,0.6666666666666666,2.0,-0.6152821934957711,2.0,-0.058265062621700905,1.0,-0.8752831021480201
30,Travel_Frequently,600,-0.5018119797077367,Human Resources,8,3,Human Resources,Female,66,0.005353989487620002,2,1,Human Resources,Divorced,2180,-0.9182181340359552,9732,-0.6436135299117792,6.0,1.3237753399036383,No,11,3,1,6.0,-0.6785426011840899,0,2,3.0,4,-0.4910064335601377,0.6666666666666666,2.0,-0.6152821934957711,1.0,-0.3685898527395261,2.0,-0.5950247357715714
31,Travel_Rarely,1003,0.49692634019444876,Sales,5,3,Technical Degree,Male,51,-0.732492669251186,3,2,Sales Executive,Married,8346,0.39147952974334926,20943,0.9314548875061486,1.0,-0.6778187248056703,No,19,3,1,6.0,-0.6785426011840899,3,3,2.5,5,-0.32778177109816264,0.8333333333333334,2.0,-0.6152821934957711,0.0,-0.6789146428573514,2.0,-0.5950247357715714
29,Travel_Rarely,428,-0.9280725033384463,Sales,9,3,Marketing,Female,52,-0.6833028920019322,1,1,Sales Representative,Single,2760,-0.7950224407190566,14630,0.04452179329872921,1.0,-0.6778187248056703,No,13,3,0,2.0,-1.192629767111413,3,3,2.5,2,-0.8174557584840876,1.0,2.0,-0.6152821934957711,2.0,-0.058265062621700905,2.0,-0.5950247357715714
29,Travel_Frequently,461,-0.8462899610139496,Research & Development,1,3,Life Sciences,Male,70,0.20211309848463493,4,2,Healthcare Representative,Single,6294,-0.04437833695712634,23060,1.228878831817428,8.0,2.124412965787362,Yes,12,3,0,10.0,-0.16445543525676679,5,4,3.75,3,-0.6542310960221126,0.3,2.0,-0.6152821934957711,0.0,-0.6789146428573514,2.0,-0.5950247357715714
34,Travel_Rarely,181,-1.5402024413430115,Research & Development,2,4,Medical,Male,97,1.5302370842144857,4,1,Research Scientist,Married,2932,-0.7584885454595626,5586,-1.2260980235889472,0.0,-1.078137537747532,Yes,14,3,3,6.0,-0.6785426011840899,3,3,3.0,5,-0.32778177109816264,0.8333333333333334,0.0,-1.1672900203551313,1.0,-0.3685898527395261,2.0,-0.5950247357715714
33,Non-Travel,1283,1.1908388205235108,Sales,2,3,Marketing,Female,62,-0.19140511950939493,3,2,Sales Executive,Single,5147,-0.28800844080968263,10697,-0.5080376648856174,8.0,2.124412965787362,No,15,3,0,13.0,0.22110993918872554,2,2,3.0,11,0.6515662036736872,0.8461538461538461,7.0,0.7647373736526294,1.0,-0.3685898527395261,7.0,0.8062670961106719
49,Travel_Rarely,1313,1.265186586273053,Sales,11,4,Marketing,Female,80,0.6940108709771722,3,2,Sales Executive,Single,4507,-0.4239485161938466,8191,-0.8601134345804998,3.0,0.12281890107805317,No,12,3,0,8.0,-0.42149901822042835,1,4,3.75,5,-0.32778177109816264,0.625,1.0,-0.8912861069254512,0.0,-0.6789146428573514,4.0,-0.03450800301867408
33,Travel_Rarely,211,-1.4658546755934692,Sales,16,3,Life Sciences,Female,74,0.39887220748164987,3,3,Sales Executive,Single,8564,0.43778411792108013,10092,-0.59303600513518,2.0,-0.27749991186380857,Yes,20,4,0,11.0,-0.035933643774936005,2,2,1.75,0,-1.1439050834080375,0.0,0.0,-1.1672900203551313,0.0,-0.6789146428573514,0.0,-1.1555414685244687
38,Travel_Frequently,594,-0.5166815328576453,Research & Development,2,2,Medical,Female,75,0.4480619847309036,2,1,Laboratory Technician,Married,2468,-0.8570451001130813,15963,0.2317991280965258,4.0,0.5231377140199149,No,14,3,1,9.0,-0.29297722673859755,4,2,2.25,6,-0.1645571086361877,0.6666666666666666,1.0,-0.8912861069254512,0.0,-0.6789146428573514,5.0,0.2457503633577746
31,Travel_Rarely,1079,0.6852740134266226,Sales,16,4,Marketing,Male,70,0.20211309848463493,3,3,Sales Executive,Married,8161,0.3521843517026144,19002,0.658757733085651,2.0,-0.27749991186380857,No,13,3,3,10.0,-0.16445543525676679,2,3,2.0,1,-0.9806804209460626,0.1,0.0,-1.1672900203551313,0.0,-0.6789146428573514,0.0,-1.1555414685244687
30,Travel_Rarely,305,-1.2328983429115699,Research & Development,16,3,Life Sciences,Male,58,-0.38816422850640986,4,2,Healthcare Representative,Married,5294,-0.25678470474488246,9128,-0.7284713770369624,3.0,0.12281890107805317,No,16,3,1,10.0,-0.16445543525676679,3,3,3.0,7,-0.0013324461742127045,0.7,0.0,-1.1672900203551313,1.0,-0.3685898527395261,7.0,0.8062670961106719
32,Non-Travel,953,0.3730133972785448,Research & Development,5,4,Technical Degree,Male,65,-0.04383578776163373,3,1,Research Scientist,Single,2718,-0.8039435081661424,17674,0.4721828639097516,2.0,-0.27749991186380857,No,14,3,0,12.0,0.09258814770689477,3,3,2.25,7,-0.0013324461742127045,0.5833333333333334,7.0,0.7647373736526294,0.0,-0.6789146428573514,7.0,0.8062670961106719
42,Travel_Rarely,855,0.13014402916337317,Research & Development,12,3,Medical,Male,57,-0.4373540057556636,3,1,Laboratory Technician,Divorced,2766,-0.79374800251233,8952,-0.7531981669277442,8.0,2.124412965787362,No,22,4,3,7.0,-0.5500208097022591,6,2,2.0,5,-0.32778177109816264,0.7142857142857143,3.0,-0.339278280066091,0.0,-0.6789146428573514,4.0,-0.03450800301867408
55,Travel_Rarely,478,-0.8041595604225423,Research & Development,2,3,Medical,Male,60,-0.28978467400790237,2,5,Research Director,Married,16581,2.140645968475521,19805,0.7715737119623431,8.0,2.124412965787362,No,12,3,3,28.5,2.2131977071571027,2,3,2.25,1,-0.9806804209460626,0.029411764705882353,0.0,-1.1672900203551313,0.0,-0.6789146428573514,0.0,-1.1555414685244687
34,Non-Travel,1375,1.4188386354887739,Sales,10,3,Life Sciences,Male,87,1.0383393117219484,3,2,Sales Executive,Divorced,4001,-0.5314261382944512,12313,-0.28100077588843864,1.0,-0.6778187248056703,Yes,14,3,1,15.0,0.4781535221523871,3,3,3.25,15,1.3044648535215873,1.0,14.0,2.6967647676603903,0.0,-0.6789146428573514,7.0,0.8062670961106719
53,Non-Travel,661,-0.350638189350334,Research & Development,1,4,Medical,Female,60,-0.28978467400790237,2,4,Manufacturing Director,Married,12965,1.372584542554995,22308,1.1232280022840873,4.0,0.5231377140199149,Yes,20,4,3,27.0,2.0204150199343562,2,2,2.5,3,-0.6542310960221126,0.1111111111111111,2.0,-0.6152821934957711,0.0,-0.6789146428573514,2.0,-0.5950247357715714
43,Travel_Rarely,244,-1.3840721332689727,Human Resources,2,3,Life Sciences,Male,97,1.5302370842144857,3,1,Human Resources,Single,3539,-0.6295578802123946,5033,-1.3037907213707787,0.0,-1.078137537747532,No,13,3,0,10.0,-0.16445543525676679,5,3,2.75,9,0.32511687874973727,0.9,7.0,0.7647373736526294,1.0,-0.3685898527395261,8.0,1.0865254624871206
34,Travel_Rarely,511,-0.7223770180980458,Sales,3,2,Life Sciences,Female,32,-1.6670984369870068,1,2,Sales Executive,Single,6029,-0.10066602442088173,25353,1.551029566019489,5.0,0.9234565269617766,No,12,3,0,6.0,-0.6785426011840899,3,3,3.0,2,-0.8174557584840876,0.3333333333333333,2.0,-0.6152821934957711,2.0,-0.058265062621700905,2.0,-0.5950247357715714
38,Travel_Rarely,1153,0.8686651689421605,Research & Development,6,2,Other,Female,40,-1.273580218992977,2,1,Laboratory Technician,Married,3702,-0.5949356422629903,16376,0.2898227884652355,1.0,-0.6778187248056703,No,11,3,1,5.0,-0.8070643926659207,3,3,3.0,5,-0.32778177109816264,1.0,4.0,-0.06327436663641088,0.0,-0.6789146428573514,4.0,-0.03450800301867408
22,Travel_Rarely,1294,1.2180996679650096,Research & Development,8,1,Medical,Female,79,0.6448210937279185,3,1,Laboratory Technician,Married,2398,-0.8719135458582243,15999,0.23685688057418575,1.0,-0.6778187248056703,Yes,17,3,0,1.0,-1.3211515585932438,6,3,2.5,1,-0.9806804209460626,1.0,0.0,-1.1672900203551313,0.0,-0.6789146428573514,0.0,-1.1555414685244687
31,Travel_Rarely,196,-1.5030285584682403,Sales,29,4,Marketing,Female,91,1.2350984207189633,2,2,Sales Executive,Married,5468,-0.21982599674981293,13402,-0.12800376343922595,1.0,-0.6778187248056703,No,14,3,2,13.0,0.22110993918872554,3,3,2.25,12,0.8147908661356622,0.9230769230769231,7.0,0.7647373736526294,5.0,0.8727093077317748,7.0,0.8062670961106719
51,Travel_Rarely,942,0.34575254983704595,Research & Development,3,3,Technical Degree,Female,53,-0.6341131147526785,3,3,Manager,Married,13116,1.4046579040909462,22984,1.2182013543645902,2.0,-0.27749991186380857,No,11,3,0,15.0,0.4781535221523871,2,3,2.75,2,-0.8174557584840876,0.13333333333333333,2.0,-0.6152821934957711,2.0,-0.058265062621700905,2.0,-0.5950247357715714
37,Travel_Rarely,589,-0.5290728271492356,Sales,9,2,Marketing,Male,46,-0.9784415554974546,2,2,Sales Executive,Married,4189,-0.49149374115035305,8800,-0.7745531218334195,1.0,-0.6778187248056703,No,14,3,2,5.0,-0.8070643926659207,2,3,2.0,5,-0.32778177109816264,1.0,2.0,-0.6152821934957711,0.0,-0.6789146428573514,3.0,-0.31476636939512276
46,Travel_Rarely,734,-0.1697252926931143,Research & Development,2,4,Medical,Male,46,-0.9784415554974546,3,5,Research Director,Divorced,16581,2.140645968475521,14218,-0.01336137394560102,7.0,1.7240941528455003,Yes,17,3,1,24.0,1.6348496454888641,3,3,3.25,2,-0.8174557584840876,0.08333333333333333,1.0,-0.8912861069254512,2.0,-0.058265062621700905,2.0,-0.5950247357715714
37,Travel_Rarely,1239,1.0817954307575153,Human Resources,8,2,Other,Male,89,1.1367188662204557,3,2,Human Resources,Divorced,4071,-0.5165576925493083,12832,-0.20808484433550806,2.0,-0.27749991186380857,No,13,3,0,19.0,0.9922406880797102,4,2,2.5,10,0.48834154121171225,0.5263157894736842,0.0,-1.1672900203551313,4.0,0.5623845176139496,7.0,0.8062670961106719
33,Travel_Rarely,867,0.1598831354631901,Research & Development,8,4,Life Sciences,Male,90,1.1859086434697095,4,1,Research Scientist,Married,3143,-0.713670801856346,6076,-1.1572563926430204,6.0,1.3237753399036383,No,19,3,1,14.0,0.3496317306705563,1,3,2.5,10,0.48834154121171225,0.7142857142857143,8.0,1.0407412870823096,7.0,1.493358887967425,6.0,0.5260087297342232
28,Travel_Rarely,1181,0.9380564169750667,Research & Development,1,3,Life Sciences,Male,82,0.7923904254756797,3,1,Research Scientist,Married,2044,-0.94710540005509,5531,-1.2338251454298164,1.0,-0.6778187248056703,No,11,3,1,5.0,-0.8070643926659207,6,4,3.5,5,-0.32778177109816264,1.0,3.0,-0.339278280066091,0.0,-0.6789146428573514,3.0,-0.31476636939512276
39,Travel_Rarely,1253,1.1164910547739684,Research & Development,10,1,Medical,Male,65,-0.04383578776163373,3,3,Research Director,Single,13464,1.4785753200810852,7914,-0.8990300300336054,7.0,1.7240941528455003,No,21,4,0,9.0,-0.29297722673859755,3,3,3.0,4,-0.4910064335601377,0.4444444444444444,3.0,-0.339278280066091,2.0,-0.058265062621700905,2.0,-0.5950247357715714
46,Non-Travel,849,0.1152744760134647,Sales,26,2,Life Sciences,Male,98,1.5794268614637395,2,2,Sales Executive,Single,7991,0.31607526917869583,25166,1.5247573517605335,8.0,2.124412965787362,No,15,3,0,6.0,-0.6785426011840899,3,3,2.5,2,-0.8174557584840876,0.3333333333333333,2.0,-0.6152821934957711,2.0,-0.058265062621700905,2.0,-0.5950247357715714
40,Travel_Rarely,616,-0.4621598379746475,Research & Development,2,2,Life Sciences,Female,99,1.628616638712993,3,1,Laboratory Technician,Married,3377,-0.663967711794011,25605,1.5864338333631085,4.0,0.5231377140199149,No,17,3,1,7.0,-0.5500208097022591,5,2,2.5,4,-0.4910064335601377,0.5714285714285714,3.0,-0.339278280066091,0.0,-0.6789146428573514,2.0,-0.5950247357715714
42,Travel_Rarely,1128,0.8067086974842085,Research & Development,13,3,Medical,Male,95,1.4318575297159781,4,2,Healthcare Representative,Married,5538,-0.20495755100467,5696,-1.2106437799072085,5.0,0.9234565269617766,No,18,3,2,10.0,-0.16445543525676679,2,2,2.0,0,-1.1439050834080375,0.0,0.0,-1.1672900203551313,0.0,-0.6789146428573514,0.0,-1.1555414685244687
38,Non-Travel,1336,1.3221865400143689,Human Resources,2,3,Human Resources,Male,100,1.6778064159622468,3,1,Human Resources,Divorced,2592,-0.8307067105073996,7129,-1.0093171326714676,5.0,0.9234565269617766,No,13,3,3,13.0,0.22110993918872554,3,3,2.5,11,0.6515662036736872,0.8461538461538461,10.0,1.5927491139416698,3.0,0.2520597274961243,8.0,1.0865254624871206
34,Travel_Frequently,234,-1.4088547218521534,Research & Development,9,4,Life Sciences,Male,93,1.3334779752174708,3,2,Laboratory Technician,Married,5346,-0.24573957361991916,6208,-1.138711300224934,4.0,0.5231377140199149,No,17,3,1,11.0,-0.035933643774936005,3,2,2.5,7,-0.0013324461742127045,0.6363636363636364,1.0,-0.8912861069254512,0.0,-0.6789146428573514,7.0,0.8062670961106719
37,Travel_Rarely,370,-1.0718115171208948,Research & Development,10,4,Medical,Male,58,-0.38816422850640986,3,2,Manufacturing Director,Single,4213,-0.4863959883234469,4992,-1.3095509394703357,1.0,-0.6778187248056703,No,15,3,0,10.0,-0.16445543525676679,4,1,2.0,10,0.48834154121171225,1.0,3.0,-0.339278280066091,0.0,-0.6789146428573514,8.0,1.0865254624871206
39,Travel_Frequently,766,-0.09042100922693579,Sales,20,3,Life Sciences,Male,83,0.8415802027249334,3,2,Sales Executive,Divorced,4127,-0.5046629359531939,19188,0.6848894542202273,2.0,-0.27749991186380857,No,18,3,1,7.0,-0.5500208097022591,6,3,3.5,2,-0.8174557584840876,0.2857142857142857,1.0,-0.8912861069254512,2.0,-0.058265062621700905,2.0,-0.5950247357715714
43,Non-Travel,343,-1.138724506295483,Research & Development,9,3,Life Sciences,Male,52,-0.6833028920019322,3,1,Research Scientist,Single,2438,-0.8634172911467141,24978,1.4983446443771982,4.0,0.5231377140199149,No,13,3,0,7.0,-0.5500208097022591,2,2,2.25,3,-0.6542310960221126,0.42857142857142855,2.0,-0.6152821934957711,1.0,-0.3685898527395261,2.0,-0.5950247357715714
41,Travel_Rarely,447,-0.8809855850304027,Research & Development,5,3,Life Sciences,Male,85,0.9399597572234408,4,2,Healthcare Representative,Single,6870,0.0779677308886212,15530,0.1709656052402273,3.0,0.12281890107805317,No,12,3,0,11.0,-0.035933643774936005,3,1,1.5,3,-0.6542310960221126,0.2727272727272727,2.0,-0.6152821934957711,1.0,-0.3685898527395261,2.0,-0.5950247357715714
41,Travel_Rarely,796,-0.016073243477393438,Sales,4,1,Marketing,Female,81,0.743200648226426,3,3,Sales Executive,Divorced,10447,0.8377453084654249,26458,1.706274468458773,0.0,-1.078137537747532,Yes,13,3,1,23.0,1.5063278540070333,3,4,3.5,18,1.794138840907512,0.9565217391304348,14.0,2.6967647676603903,7.5,1.6485212830263376,5.0,0.2457503633577746
30,Travel_Rarely,1092,0.7174913785847578,Research & Development,10,3,Medical,Female,64,-0.09302556501088746,3,3,Manufacturing Director,Single,9667,0.6720683415909752,2739,-1.6260819486972193,8.5,2.324572372258293,No,14,3,0,9.0,-0.29297722673859755,3,3,2.25,7,-0.0013324461742127045,0.7777777777777778,7.0,0.7647373736526294,0.0,-0.6789146428573514,2.0,-0.5950247357715714
26,Travel_Rarely,920,0.29123085495404827,Human Resources,20,2,Medical,Female,69,0.1529233212353812,3,1,Human Resources,Married,2148,-0.9250151378051633,6889,-1.0430354825225336,0.0,-1.078137537747532,Yes,11,3,0,6.0,-0.6785426011840899,3,3,3.0,5,-0.32778177109816264,0.8333333333333334,1.0,-0.8912861069254512,1.0,-0.3685898527395261,4.0,-0.03450800301867408
46,Travel_Rarely,261,-1.3419417326775653,Research & Development,21,2,Medical,Female,66,0.005353989487620002,3,2,Healthcare Representative,Married,8926,0.5146752230602478,10842,-0.48766616185059825,4.0,0.5231377140199149,No,22,4,1,13.0,0.22110993918872554,2,4,3.5,9,0.32511687874973727,0.6923076923076923,7.0,0.7647373736526294,3.0,0.2520597274961243,7.0,0.8062670961106719
40,Travel_Rarely,1194,0.9702737821332017,Research & Development,1,3,Life Sciences,Female,52,-0.6833028920019322,3,2,Healthcare Representative,Divorced,6513,0.0021386575883922576,9060,-0.7380249094947645,4.0,0.5231377140199149,No,17,3,1,12.0,0.09258814770689477,3,3,3.5,5,-0.32778177109816264,0.4166666666666667,3.0,-0.339278280066091,0.0,-0.6789146428573514,3.0,-0.31476636939512276
35,Travel_Rarely,185,-1.5302894059097392,Research & Development,23,4,Medical,Male,91,1.2350984207189633,1,1,Laboratory Technician,Married,2705,-0.8067047909473831,9696,-0.6486712823894392,0.0,-1.078137537747532,No,16,3,1,6.0,-0.6785426011840899,2,4,2.75,5,-0.32778177109816264,0.8333333333333334,4.0,-0.06327436663641088,0.0,-0.6789146428573514,3.0,-0.31476636939512276
54,Travel_Rarely,431,-0.920637726763492,Research & Development,7,4,Medical,Female,68,0.10373354398612747,3,2,Research Scientist,Married,6854,0.0745692290040171,15696,0.1942874638872147,4.0,0.5231377140199149,No,15,3,1,14.0,0.3496317306705563,2,2,3.0,7,-0.0013324461742127045,0.5,1.0,-0.8912861069254512,1.0,-0.3685898527395261,7.0,0.8062670961106719
31,Travel_Frequently,1125,0.7992739209092543,Sales,7,4,Marketing,Female,68,0.10373354398612747,3,3,Sales Executive,Married,9637,0.6656961505573424,8277,-0.8480310258838678,2.0,-0.27749991186380857,No,14,3,2,9.0,-0.29297722673859755,3,3,2.25,3,-0.6542310960221126,0.3333333333333333,2.0,-0.6152821934957711,2.0,-0.058265062621700905,2.0,-0.5950247357715714
38,Travel_Rarely,723,-0.19698614013461316,Sales,2,4,Marketing,Female,77,0.5464415392294111,1,2,Sales Representative,Married,5405,-0.23320759792044155,4244,-1.4146397965061586,2.0,-0.27749991186380857,Yes,20,4,2,20.0,1.120762479561541,4,2,2.25,4,-0.4910064335601377,0.2,2.0,-0.6152821934957711,0.0,-0.6789146428573514,3.0,-0.31476636939512276
58,Travel_Frequently,1216,1.0247954770161993,Research & Development,15,4,Life Sciences,Male,87,1.0383393117219484,3,4,Research Director,Married,15787,1.9719953124520426,21624,1.0271307052085488,2.0,-0.27749991186380857,Yes,14,3,0,23.0,1.5063278540070333,3,3,2.25,2,-0.8174557584840876,0.08695652173913043,2.0,-0.6152821934957711,2.0,-0.058265062621700905,2.0,-0.5950247357715714
18,Non-Travel,1431,1.5576211315545863,Research & Development,14,3,Medical,Female,33,-1.617908659737753,3,1,Research Scientist,Single,1514,-1.0596807749826007,8018,-0.8844187450981433,1.0,-0.6778187248056703,No,16,3,0,0.0,-1.4496733500750745,4,1,2.25,0,-1.1439050834080375,0.0,0.0,-1.1672900203551313,0.0,-0.6789146428573514,0.0,-1.1555414685244687
29,Travel_Rarely,350,-1.1213766942872563,Human Resources,13,3,Human Resources,Male,56,-0.4865437830049173,2,1,Human Resources,Divorced,2335,-0.8852951470288529,3157,-1.5673558227066124,4.0,0.5231377140199149,Yes,15,3,3,4.0,-0.9355861841477514,3,3,2.25,2,-0.8174557584840876,0.5,2.0,-0.6152821934957711,2.0,-0.058265062621700905,0.0,-1.1555414685244687
45,Non-Travel,589,-0.5290728271492356,Sales,2,4,Life Sciences,Female,67,0.05454376673687373,3,2,Sales Executive,Married,5154,-0.2865215962351684,19665,0.7519046745492213,4.0,0.5231377140199149,No,22,4,2,10.0,-0.16445543525676679,3,4,3.0,8,0.1618922162877623,0.8,7.0,0.7647373736526294,5.0,0.8727093077317748,7.0,0.8062670961106719
36,Travel_Rarely,430,-0.9231159856218101,Research & Development,2,4,Other,Female,73,0.3496824302323961,3,2,Research Scientist,Married,6962,0.09750911672509477,19573,0.7389793071063125,4.0,0.5231377140199149,Yes,22,4,1,15.0,0.4781535221523871,2,3,3.25,1,-0.9806804209460626,0.06666666666666667,0.0,-1.1672900203551313,0.0,-0.6789146428573514,0.0,-1.1555414685244687
43,Travel_Frequently,1422,1.5353168018297234,Sales,2,4,Life Sciences,Male,92,1.284288197968217,3,2,Sales Executive,Married,5675,-0.1758578786177474,19246,0.6930380554342349,1.0,-0.6778187248056703,No,20,4,1,7.0,-0.5500208097022591,5,3,2.75,7,-0.0013324461742127045,1.0,7.0,0.7647373736526294,7.0,1.493358887967425,7.0,0.8062670961106719
27,Travel_Frequently,1297,1.2255344445399639,Research & Development,5,2,Life Sciences,Female,53,-0.6341131147526785,3,1,Laboratory Technician,Single,2379,-0.8759492668461917,19826,0.7745240675743115,0.0,-1.078137537747532,Yes,14,3,0,6.0,-0.6785426011840899,3,2,3.25,5,-0.32778177109816264,0.8333333333333334,4.0,-0.06327436663641088,0.0,-0.6789146428573514,2.0,-0.5950247357715714
42,Non-Travel,355,-1.108985399995666,Research & Development,10,4,Technical Degree,Male,38,-1.3719597734914843,3,1,Research Scientist,Married,2936,-0.7576389199884115,6161,-1.1453144770707677,3.0,0.12281890107805317,No,22,4,2,10.0,-0.16445543525676679,1,2,2.5,6,-0.1645571086361877,0.6,3.0,-0.339278280066091,3.0,0.2520597274961243,3.0,-0.31476636939512276
46,Travel_Rarely,706,-0.23911654072602048,Research & Development,2,2,Life Sciences,Male,82,0.7923904254756797,3,3,Manufacturing Director,Divorced,8578,0.4407578070701087,19989,0.7974244468481606,3.0,0.12281890107805317,No,14,3,1,12.0,0.09258814770689477,4,2,3.25,9,0.32511687874973727,0.75,8.0,1.0407412870823096,4.0,0.5623845176139496,7.0,0.8062670961106719
29,Travel_Rarely,726,-0.1895513635596589,Research & Development,29,1,Life Sciences,Male,93,1.3334779752174708,1,2,Healthcare Representative,Divorced,6384,-0.025261763856228286,21143,0.959553512382037,8.0,2.124412965787362,No,17,3,2,11.0,-0.035933643774936005,3,3,3.5,7,-0.0013324461742127045,0.6363636363636364,0.0,-1.1672900203551313,1.0,-0.3685898527395261,6.0,0.5260087297342232
46,Travel_Rarely,1319,1.2800561394229615,Sales,3,3,Technical Degree,Female,45,-1.0276313327467084,4,4,Sales Executive,Divorced,13225,1.4278101981798115,7739,-0.9236163268000077,2.0,-0.27749991186380857,No,12,3,1,25.0,1.7633714369706948,5,3,2.25,18,1.794138840907512,0.76,14.5,2.8347667243752306,2.0,-0.058265062621700905,8.0,1.0865254624871206
27,Travel_Rarely,728,-0.18459484584302277,Sales,23,1,Medical,Female,36,-1.470339327989992,2,2,Sales Representative,Married,3540,-0.6293454738446068,7018,-1.0249118694775856,1.0,-0.6778187248056703,No,21,4,1,9.0,-0.29297722673859755,5,3,3.0,9,0.32511687874973727,1.0,8.0,1.0407412870823096,5.0,0.8727093077317748,8.0,1.0865254624871206
29,Travel_Rarely,352,-1.11642017657062,Human Resources,6,1,Medical,Male,87,1.0383393117219484,2,1,Human Resources,Married,2804,-0.7856765605363953,15434,0.15747826529980083,1.0,-0.6778187248056703,No,11,3,0,1.0,-1.3211515585932438,3,3,3.25,1,-0.9806804209460626,1.0,0.0,-1.1672900203551313,0.0,-0.6789146428573514,0.0,-1.1555414685244687
43,Travel_Rarely,823,0.05083974569719467,Research & Development,6,3,Medical,Female,81,0.743200648226426,2,5,Manager,Married,16581,2.140645968475521,22539,1.1556819140157384,7.0,1.7240941528455003,No,13,3,0,21.0,1.2492842710433718,2,3,2.75,16,1.4676895159835621,0.7619047619047619,12.0,2.14475694080103,6.0,1.1830340978496,14.0,2.7680756607458123
29,Travel_Frequently,459,-0.8512464787305858,Research & Development,24,2,Life Sciences,Male,73,0.3496824302323961,2,1,Research Scientist,Single,2439,-0.8632048847789263,14753,0.06180244759740062,1.0,-0.6778187248056703,Yes,24,4,0,1.0,-1.3211515585932438,3,2,3.0,1,-0.9806804209460626,1.0,0.0,-1.1672900203551313,1.0,-0.3685898527395261,0.0,-1.1555414685244687
46,Travel_Rarely,1254,1.1189693136322865,Sales,10,3,Life Sciences,Female,64,-0.09302556501088746,3,3,Sales Executive,Married,7314,0.17227615818638495,14011,-0.04244345069214558,5.0,0.9234565269617766,No,21,4,3,14.0,0.3496317306705563,2,3,2.75,8,0.1618922162877623,0.5714285714285714,7.0,0.7647373736526294,0.0,-0.6789146428573514,7.0,0.8062670961106719
27,Travel_Frequently,1131,0.8141434740591628,Research & Development,15,3,Life Sciences,Female,77,0.5464415392294111,2,1,Research Scientist,Married,4774,-0.36723601599451566,23844,1.3390254413309106,0.0,-1.078137537747532,No,19,3,1,8.0,-0.42149901822042835,2,2,2.75,7,-0.0013324461742127045,0.875,6.0,0.48873346022294933,7.0,1.493358887967425,3.0,-0.31476636939512276
39,Travel_Rarely,835,0.0805788519970116,Research & Development,19,4,Other,Male,41,-1.2243904417437232,3,2,Research Scientist,Divorced,3902,-0.5524543687054391,5141,-1.288617463937799,8.0,2.124412965787362,No,14,3,3,7.0,-0.5500208097022591,2,3,3.25,2,-0.8174557584840876,0.2857142857142857,2.0,-0.6152821934957711,2.0,-0.058265062621700905,2.0,-0.5950247357715714
55,Travel_Rarely,836,0.08305711085532969,Research & Development,2,4,Technical Degree,Male,98,1.5794268614637395,2,1,Research Scientist,Married,2662,-0.8158382647622567,7975,-0.8904599494464593,8.0,2.124412965787362,No,20,4,1,19.0,0.9922406880797102,2,4,3.0,5,-0.32778177109816264,0.2631578947368421,2.0,-0.6152821934957711,0.0,-0.6789146428573514,4.0,-0.03450800301867408
28,Travel_Rarely,1172,0.915752087250204,Sales,3,3,Medical,Female,78,0.5956313164786647,3,1,Sales Representative,Married,2856,-0.774631429411432,3692,-1.4921920011636107,1.0,-0.6778187248056703,No,19,3,1,1.0,-1.3211515585932438,3,3,2.75,1,-0.9806804209460626,1.0,0.0,-1.1672900203551313,0.0,-0.6789146428573514,0.0,-1.1555414685244687
30,Travel_Rarely,945,0.35318732641200024,Sales,9,3,Medical,Male,89,1.1367188662204557,3,1,Sales Representative,Single,1081,-1.1516527322346992,16019,0.23966674306177457,1.0,-0.6778187248056703,No,13,3,0,1.0,-1.3211515585932438,3,2,2.75,1,-0.9806804209460626,1.0,0.0,-1.1672900203551313,0.0,-0.6789146428573514,0.0,-1.1555414685244687
36,Travel_Rarely,1266,1.1487084199321034,Sales,10,4,Technical Degree,Female,63,-0.14221534226014118,2,2,Sales Executive,Married,5673,-0.17628269135332292,6060,-1.1595042826330915,1.0,-0.6778187248056703,Yes,13,3,1,10.0,-0.16445543525676679,4,3,2.25,10,0.48834154121171225,1.0,9.0,1.3167452005119897,1.0,-0.3685898527395261,7.0,0.8062670961106719
31,Travel_Rarely,311,-1.2180287897616613,Research & Development,20,3,Life Sciences,Male,89,1.1367188662204557,3,2,Laboratory Technician,Divorced,4197,-0.489794490208051,18624,0.6056513320702218,1.0,-0.6778187248056703,No,11,3,1,10.0,-0.16445543525676679,2,3,2.25,10,0.48834154121171225,1.0,8.0,1.0407412870823096,0.0,-0.6789146428573514,2.0,-0.5950247357715714
34,Travel_Rarely,1480,1.679055815612172,Sales,4,3,Life Sciences,Male,64,-0.09302556501088746,3,3,Sales Executive,Married,9713,0.6818390345092119,24444,1.423321315958576,2.0,-0.27749991186380857,Yes,13,3,3,9.0,-0.29297722673859755,3,3,3.5,5,-0.32778177109816264,0.5555555555555556,3.0,-0.339278280066091,1.0,-0.3685898527395261,0.0,-1.1555414685244687
29,Travel_Rarely,592,-0.5216380505742814,Research & Development,7,3,Life Sciences,Male,59,-0.3389744512571561,3,1,Laboratory Technician,Single,2062,-0.9432820854349103,19384,0.712426106598598,3.0,0.12281890107805317,No,14,3,0,11.0,-0.035933643774936005,2,3,2.5,3,-0.6542310960221126,0.2727272727272727,2.0,-0.6152821934957711,1.0,-0.3685898527395261,2.0,-0.5950247357715714
37,Travel_Rarely,783,-0.048290608635528455,Research & Development,7,4,Medical,Male,78,0.5956313164786647,3,2,Research Scientist,Married,4284,-0.4713151362105162,13588,-0.10187204230464968,5.0,0.9234565269617766,Yes,22,4,1,16.0,0.6066753136342179,2,3,2.75,5,-0.32778177109816264,0.3125,3.0,-0.339278280066091,0.0,-0.6789146428573514,4.0,-0.03450800301867408
35,Travel_Rarely,219,-1.4460286047269246,Research & Development,16,2,Other,Female,44,-1.0768211099959621,2,2,Manufacturing Director,Married,4788,-0.3642623268454871,25388,1.5559468253727695,0.0,-1.078137537747532,Yes,11,3,0,4.0,-0.9355861841477514,2,3,3.25,3,-0.6542310960221126,0.75,2.0,-0.6152821934957711,0.0,-0.6789146428573514,2.0,-0.5950247357715714
45,Travel_Rarely,556,-0.6108553694737322,Research & Development,25,2,Life Sciences,Female,93,1.3334779752174708,2,2,Manufacturing Director,Married,5906,-0.1267920076587757,23888,1.3452071388036062,0.0,-1.078137537747532,No,13,3,2,10.0,-0.16445543525676679,2,2,3.0,9,0.32511687874973727,0.9,8.0,1.0407412870823096,3.0,0.2520597274961243,8.0,1.0865254624871206
40,Travel_Rarely,1137,0.8290130272090712,Research & Development,1,4,Life Sciences,Male,98,1.5794268614637395,3,4,Manager,Divorced,16581,2.140645968475521,18991,0.6572123087174772,2.0,-0.27749991186380857,No,11,3,1,22.0,1.3778060625252024,3,3,1.5,18,1.794138840907512,0.8636363636363636,7.0,0.7647373736526294,7.5,1.6485212830263376,14.5,2.908204843934037
26,Travel_Rarely,482,-0.79424652498927,Research & Development,1,2,Life Sciences,Female,90,1.1859086434697095,2,1,Research Scientist,Married,2933,-0.7582761390917747,14908,0.08357888187621418,1.0,-0.6778187248056703,Yes,13,3,1,1.0,-1.3211515585932438,3,2,2.5,1,-0.9806804209460626,1.0,0.0,-1.1672900203551313,1.0,-0.3685898527395261,0.0,-1.1555414685244687
27,Travel_Rarely,511,-0.7223770180980458,Sales,2,2,Medical,Female,89,1.1367188662204557,4,2,Sales Executive,Single,6500,-6.226251928485722E-4,26997,1.7820002624992923,0.0,-1.078137537747532,No,14,3,0,9.0,-0.29297722673859755,5,2,2.0,8,0.1618922162877623,0.8888888888888888,7.0,0.7647373736526294,0.0,-0.6789146428573514,7.0,0.8062670961106719
48,Travel_Frequently,117,-1.6988110082753685,Research & Development,22,3,Medical,Female,58,-0.38816422850640986,3,4,Manager,Divorced,16581,2.140645968475521,2437,-1.668510872259811,3.0,0.12281890107805317,No,11,3,1,24.0,1.6348496454888641,3,3,3.25,18,1.794138840907512,0.9166666666666666,14.5,2.8347667243752306,4.0,0.5623845176139496,7.0,0.8062670961106719
44,Travel_Rarely,170,-1.5674632887845104,Research & Development,1,4,Life Sciences,Male,78,0.5956313164786647,4,2,Healthcare Representative,Married,5033,-0.31222276673748683,9364,-0.695314999683414,2.0,-0.27749991186380857,No,15,3,1,10.0,-0.16445543525676679,5,3,2.5,2,-0.8174557584840876,0.2,0.0,-1.1672900203551313,2.0,-0.058265062621700905,2.0,-0.5950247357715714
56,Travel_Rarely,1162,0.8909694986670232,Research & Development,24,2,Life Sciences,Male,97,1.5302370842144857,3,1,Laboratory Technician,Single,2587,-0.8317687423463384,10261,-0.5692926671150542,1.0,-0.6778187248056703,No,16,3,0,5.0,-0.8070643926659207,3,3,3.0,4,-0.4910064335601377,0.8,2.0,-0.6152821934957711,1.0,-0.3685898527395261,0.0,-1.1555414685244687
34,Travel_Rarely,735,-0.16724703383479622,Sales,3,1,Medical,Female,75,0.4480619847309036,2,2,Sales Executive,Married,8103,0.33986478237092455,16495,0.3065414702663891,3.0,0.12281890107805317,Yes,12,3,0,9.0,-0.29297722673859755,3,2,3.25,4,-0.4910064335601377,0.4444444444444444,2.0,-0.6152821934957711,0.0,-0.6789146428573514,1.0,-0.8752831021480201
31,Travel_Rarely,471,-0.8215073724307689,Research & Development,4,3,Medical,Female,62,-0.19140511950939493,4,1,Laboratory Technician,Divorced,3978,-0.5363114847535696,16031,0.24135266055432789,8.0,2.124412965787362,No,12,3,1,4.0,-0.9355861841477514,0,2,2.0,2,-0.8174557584840876,0.5,2.0,-0.6152821934957711,2.0,-0.058265062621700905,2.0,-0.5950247357715714
26,Travel_Frequently,1096,0.72740441401803,Research & Development,6,3,Other,Male,61,-0.24059489675864865,4,1,Laboratory Technician,Married,2544,-0.8409022161612119,7102,-1.0131104470297125,0.0,-1.078137537747532,No,18,3,1,8.0,-0.42149901822042835,3,3,2.75,7,-0.0013324461742127045,0.875,7.0,0.7647373736526294,7.0,1.493358887967425,7.0,0.8062670961106719
45,Travel_Frequently,1297,1.2255344445399639,Research & Development,1,4,Medical,Male,44,-1.0768211099959621,3,2,Healthcare Representative,Single,5399,-0.2344820361271681,14511,0.027803111497575576,4.0,0.5231377140199149,No,12,3,0,12.0,0.09258814770689477,3,3,2.75,4,-0.4910064335601377,0.3333333333333333,2.0,-0.6152821934957711,0.0,-0.6789146428573514,3.0,-0.31476636939512276
33,Travel_Rarely,217,-1.4509851224435608,Sales,10,4,Marketing,Male,43,-1.1260108872452157,3,2,Sales Executive,Single,5487,-0.21579027576184556,10410,-0.5483591915825173,1.0,-0.6778187248056703,No,14,3,0,10.0,-0.16445543525676679,2,2,2.25,10,0.48834154121171225,1.0,4.0,-0.06327436663641088,0.0,-0.6789146428573514,9.0,1.3667838288635692
28,Travel_Frequently,783,-0.048290608635528455,Sales,1,2,Life Sciences,Male,42,-1.1752006644944695,2,2,Sales Executive,Married,6834,0.07032110164826198,19255,0.6943024935536499,1.0,-0.6778187248056703,Yes,12,3,1,7.0,-0.5500208097022591,2,3,3.25,7,-0.0013324461742127045,1.0,7.0,0.7647373736526294,0.0,-0.6789146428573514,7.0,0.8062670961106719
39,Non-Travel,1251,1.1115345370573322,Sales,21,4,Life Sciences,Female,32,-1.6670984369870068,1,2,Sales Executive,Married,5736,-0.16290109018269427,3987,-1.4507465294716753,6.0,1.3237753399036383,No,19,3,1,10.0,-0.16445543525676679,1,3,2.5,3,-0.6542310960221126,0.3,2.0,-0.6152821934957711,1.0,-0.3685898527395261,2.0,-0.5950247357715714
27,Travel_Rarely,1354,1.3667951994640941,Research & Development,2,4,Technical Degree,Male,41,-1.2243904417437232,3,1,Research Scientist,Married,2226,-0.9084474411177184,6073,-1.1576778720161587,1.0,-0.6778187248056703,No,11,3,1,6.0,-0.6785426011840899,3,2,2.25,5,-0.32778177109816264,0.8333333333333334,3.0,-0.339278280066091,1.0,-0.3685898527395261,2.0,-0.5950247357715714
28,Travel_Rarely,1475,1.6666645213205817,Sales,13,2,Marketing,Female,84,0.8907699799741872,3,2,Sales Executive,Single,9854,0.7117883323672856,23352,1.2699028241362251,3.0,0.12281890107805317,Yes,11,3,0,6.0,-0.6785426011840899,0,3,3.5,2,-0.8174557584840876,0.3333333333333333,0.0,-1.1672900203551313,2.0,-0.058265062621700905,2.0,-0.5950247357715714
47,Non-Travel,1169,0.9083173106752497,Research & Development,14,4,Technical Degree,Male,64,-0.09302556501088746,3,2,Research Scientist,Married,5467,-0.22003840311760067,2125,-1.712344727066197,8.0,2.124412965787362,No,18,3,1,16.0,0.6066753136342179,4,4,3.0,8,0.1618922162877623,0.5,7.0,0.7647373736526294,1.0,-0.3685898527395261,7.0,0.8062670961106719
56,Travel_Rarely,1443,1.5873602378544032,Sales,11,5,Marketing,Female,89,1.1367188662204557,2,2,Sales Executive,Married,5380,-0.23851775711513545,20328,0.8450516160127916,4.0,0.5231377140199149,No,16,3,1,6.0,-0.6785426011840899,3,3,2.75,0,-1.1439050834080375,0.0,0.0,-1.1672900203551313,0.0,-0.6789146428573514,0.0,-1.1555414685244687
39,Travel_Rarely,867,0.1598831354631901,Research & Development,9,2,Medical,Male,87,1.0383393117219484,3,2,Manufacturing Director,Married,5151,-0.2871588153385316,12315,-0.28071978963967975,1.0,-0.6778187248056703,No,25,4,1,10.0,-0.16445543525676679,3,3,2.25,10,0.48834154121171225,1.0,0.0,-1.1672900203551313,7.0,1.493358887967425,9.0,1.3667838288635692
58,Travel_Rarely,605,-0.48942068541614636,Sales,21,3,Life Sciences,Female,72,0.30049265298314237,3,4,Manager,Married,16581,2.140645968475521,11761,-0.3585529805458908,4.0,0.5231377140199149,Yes,13,3,1,28.5,2.2131977071571027,2,2,3.25,1,-0.9806804209460626,0.034482758620689655,0.0,-1.1672900203551313,0.0,-0.6789146428573514,0.0,-1.1555414685244687
49,Travel_Frequently,1064,0.6481001305518516,Research & Development,2,1,Life Sciences,Male,42,-1.1752006644944695,3,5,Research Director,Married,16581,2.140645968475521,13738,-0.08079807364773334,3.0,0.12281890107805317,No,15,3,0,28.0,2.1489368114161875,3,3,3.25,5,-0.32778177109816264,0.17857142857142858,4.0,-0.06327436663641088,4.0,0.5623845176139496,3.0,-0.31476636939512276
27,Travel_Frequently,1337,1.324664798872687,Human Resources,22,3,Human Resources,Female,58,-0.38816422850640986,2,1,Human Resources,Married,2863,-0.7731445848369177,19555,0.7364504308674826,1.0,-0.6778187248056703,No,12,3,0,1.0,-1.3211515585932438,2,3,1.75,1,-0.9806804209460626,1.0,0.0,-1.1672900203551313,0.0,-0.6789146428573514,0.0,-1.1555414685244687
31,Non-Travel,976,0.43001335101986066,Research & Development,3,2,Medical,Male,48,-0.8800620009989472,3,1,Research Scientist,Divorced,3065,-0.730238498543791,3995,-1.4496225844766397,1.0,-0.6778187248056703,Yes,13,3,1,4.0,-0.9355861841477514,3,4,3.0,4,-0.4910064335601377,1.0,2.0,-0.6152821934957711,2.0,-0.058265062621700905,3.0,-0.31476636939512276
36,Non-Travel,1351,1.35936042288914,Research & Development,9,4,Life Sciences,Male,66,0.005353989487620002,4,1,Laboratory Technician,Married,2810,-0.7844021223296688,9238,-0.7130171333552238,1.0,-0.6778187248056703,No,22,4,0,5.0,-0.8070643926659207,3,3,2.0,5,-0.32778177109816264,1.0,4.0,-0.06327436663641088,0.0,-0.6789146428573514,2.0,-0.5950247357715714
34,Travel_Rarely,937,0.3333612555454556,Sales,1,3,Marketing,Male,32,-1.6670984369870068,3,3,Sales Executive,Single,9888,0.7190101488720693,6770,-1.0597541643236874,1.0,-0.6778187248056703,No,21,4,0,14.0,0.3496317306705563,3,2,2.0,14,1.1412401910596122,1.0,8.0,1.0407412870823096,2.0,-0.058265062621700905,1.0,-0.8752831021480201
26,Travel_Rarely,157,-1.5996806539426454,Research & Development,1,3,Medical,Male,95,1.4318575297159781,3,1,Laboratory Technician,Single,2867,-0.7722949593657666,20006,0.799812829962611,0.0,-1.078137537747532,No,13,3,0,8.0,-0.42149901822042835,6,2,2.5,7,-0.0013324461742127045,0.875,7.0,0.7647373736526294,7.0,1.493358887967425,6.0,0.5260087297342232
29,Travel_Rarely,136,-1.6517240899673251,Research & Development,1,3,Life Sciences,Male,89,1.1367188662204557,3,2,Healthcare Representative,Married,5373,-0.24000460168964977,6225,-1.1363229171104834,0.0,-1.078137537747532,No,12,3,1,6.0,-0.6785426011840899,5,2,1.25,5,-0.32778177109816264,0.8333333333333334,3.0,-0.339278280066091,0.0,-0.6789146428573514,2.0,-0.5950247357715714
32,Non-Travel,1146,0.851317356933934,Research & Development,15,4,Medical,Female,34,-1.5687188824884994,3,2,Healthcare Representative,Divorced,6667,0.034849238227706705,16542,0.3131446471122229,5.0,0.9234565269617766,No,18,3,1,9.0,-0.29297722673859755,6,3,3.0,5,-0.32778177109816264,0.5555555555555556,1.0,-0.8912861069254512,1.0,-0.3685898527395261,2.0,-0.5950247357715714
31,Travel_Frequently,1125,0.7992739209092543,Research & Development,1,3,Life Sciences,Male,48,-0.8800620009989472,1,2,Research Scientist,Married,5003,-0.3185949577711195,5771,-1.2001067955787503,1.0,-0.6778187248056703,No,21,4,0,10.0,-0.16445543525676679,6,3,2.5,10,0.48834154121171225,1.0,8.0,1.0407412870823096,7.5,1.6485212830263376,7.0,0.8062670961106719
28,Travel_Rarely,1404,1.4907081423799982,Research & Development,17,3,Technical Degree,Male,32,-1.6670984369870068,2,1,Laboratory Technician,Divorced,2367,-0.8784981432596447,18779,0.6274277663490354,5.0,0.9234565269617766,No,12,3,1,6.0,-0.6785426011840899,2,2,2.5,4,-0.4910064335601377,0.6666666666666666,1.0,-0.8912861069254512,0.0,-0.6789146428573514,3.0,-0.31476636939512276
38,Travel_Rarely,1404,1.4907081423799982,Sales,1,3,Life Sciences,Male,59,-0.3389744512571561,2,1,Sales Representative,Single,2858,-0.7742066166758564,11473,-0.3990150003671702,4.0,0.5231377140199149,No,14,3,0,20.0,1.120762479561541,3,2,1.25,1,-0.9806804209460626,0.05,0.0,-1.1672900203551313,0.0,-0.6789146428573514,0.0,-1.1555414685244687
31,Travel_Frequently,754,-0.12016011552675272,Sales,26,4,Marketing,Male,63,-0.14221534226014118,3,2,Sales Executive,Married,5617,-0.18817744794943725,21075,0.9499999799242349,1.0,-0.6778187248056703,Yes,11,3,0,10.0,-0.16445543525676679,4,3,2.75,10,0.48834154121171225,1.0,7.0,0.7647373736526294,0.0,-0.6789146428573514,8.0,1.0865254624871206
54,Travel_Rarely,155,-1.6046371716592815,Research & Development,9,2,Life Sciences,Female,67,0.05454376673687373,3,2,Research Scientist,Married,2897,-0.765922768332134,22474,1.1465498609310747,3.0,0.12281890107805317,No,11,3,2,9.0,-0.29297722673859755,6,2,2.25,4,-0.4910064335601377,0.4444444444444444,3.0,-0.339278280066091,2.0,-0.058265062621700905,3.0,-0.31476636939512276
33,Travel_Frequently,1303,1.2404039976898722,Research & Development,7,2,Life Sciences,Male,36,-1.470339327989992,3,2,Healthcare Representative,Divorced,5968,-0.11362281285593484,18079,0.5290825792834257,1.0,-0.6778187248056703,No,20,4,3,9.0,-0.29297722673859755,2,3,3.25,9,0.32511687874973727,1.0,7.0,0.7647373736526294,2.0,-0.058265062621700905,8.0,1.0865254624871206
43,Travel_Rarely,574,-0.5662467100240068,Research & Development,11,3,Life Sciences,Male,30,-1.7654779914855143,3,3,Healthcare Representative,Married,7510,0.21390780627278513,16873,0.3596478712818183,1.0,-0.6778187248056703,No,17,3,1,10.0,-0.16445543525676679,1,3,2.25,10,0.48834154121171225,1.0,9.0,1.3167452005119897,0.0,-0.6789146428573514,9.0,1.3667838288635692
38,Travel_Frequently,1444,1.5898384967127213,Human Resources,1,4,Other,Male,88,1.0875290889712022,3,1,Human Resources,Married,2991,-0.745956569760085,5224,-1.2769565346143052,0.0,-1.078137537747532,Yes,11,3,1,7.0,-0.5500208097022591,2,3,2.75,6,-0.1645571086361877,0.8571428571428571,2.0,-0.6152821934957711,1.0,-0.3685898527395261,2.0,-0.5950247357715714
39,Travel_Rarely,119,-1.6938544905587325,Sales,15,4,Marketing,Male,77,0.5464415392294111,3,4,Sales Executive,Single,13341,1.4524493368431912,25098,1.5152038193027313,0.0,-1.078137537747532,No,12,3,0,21.0,1.2492842710433718,3,3,1.75,18,1.794138840907512,0.9523809523809523,8.0,1.0407412870823096,7.5,1.6485212830263376,10.0,1.6470421952400178
31,Non-Travel,697,-0.2614208704508832,Research & Development,10,3,Medical,Female,40,-1.273580218992977,3,3,Research Director,Married,11031,0.9617906272534745,26862,1.7630336907080675,4.0,0.5231377140199149,No,20,4,1,13.0,0.22110993918872554,2,4,3.25,11,0.6515662036736872,0.8461538461538461,7.0,0.7647373736526294,4.0,0.5623845176139496,8.0,1.0865254624871206
54,Travel_Rarely,157,-1.5996806539426454,Research & Development,10,3,Medical,Female,77,0.5464415392294111,3,2,Manufacturing Director,Single,4440,-0.4381797428356262,25198,1.5292531317406757,6.0,1.3237753399036383,Yes,19,3,0,9.0,-0.29297722673859755,3,3,2.75,5,-0.32778177109816264,0.5555555555555556,2.0,-0.6152821934957711,1.0,-0.3685898527395261,4.0,-0.03450800301867408
23,Travel_Rarely,571,-0.573681486598961,Research & Development,12,2,Other,Male,78,0.5956313164786647,3,1,Laboratory Technician,Single,2647,-0.819024360279073,13672,-0.09007061985677653,1.0,-0.6778187248056703,No,13,3,0,5.0,-0.8070643926659207,6,4,3.75,5,-0.32778177109816264,1.0,2.0,-0.6152821934957711,1.0,-0.3685898527395261,4.0,-0.03450800301867408
40,Travel_Rarely,444,-0.888420361605357,Sales,2,2,Marketing,Female,92,1.284288197968217,3,2,Sales Executive,Married,5677,-0.1754330658821719,4258,-1.4126728927648464,3.0,0.12281890107805317,No,14,3,1,15.0,0.4781535221523871,4,3,2.5,11,0.6515662036736872,0.7333333333333333,8.0,1.0407412870823096,5.0,0.8727093077317748,10.0,1.6470421952400178
25,Travel_Rarely,309,-1.2229853074782975,Human Resources,2,3,Human Resources,Female,82,0.7923904254756797,3,1,Human Resources,Married,2187,-0.9167312894614409,19655,0.7504997433054268,4.0,0.5231377140199149,No,14,3,0,6.0,-0.6785426011840899,3,3,2.75,2,-0.8174557584840876,0.3333333333333333,0.0,-1.1672900203551313,1.0,-0.3685898527395261,2.0,-0.5950247357715714
30,Travel_Rarely,911,0.26892652522918553,Research & Development,1,2,Medical,Male,76,0.4972517619801573,3,1,Laboratory Technician,Married,3748,-0.5851649493447535,4077,-1.4381021482775256,1.0,-0.6778187248056703,No,13,3,0,12.0,0.09258814770689477,6,2,2.75,12,0.8147908661356622,1.0,8.0,1.0407412870823096,1.0,-0.3685898527395261,7.0,0.8062670961106719
33,Non-Travel,1313,1.265186586273053,Research & Development,1,2,Medical,Male,59,-0.3389744512571561,2,1,Laboratory Technician,Divorced,2008,-0.9547520292954492,20439,0.8606463528189096,1.0,-0.6778187248056703,No,12,3,3,1.0,-1.3211515585932438,2,2,2.5,1,-0.9806804209460626,1.0,1.0,-0.8912861069254512,0.0,-0.6789146428573514,0.0,-1.1555414685244687
38,Travel_Rarely,1321,1.2850126571395977,Sales,1,4,Life Sciences,Male,86,0.9891495344726946,3,2,Sales Executive,Married,4440,-0.4381797428356262,7636,-0.9380871186110903,0.0,-1.078137537747532,No,15,3,2,16.0,0.6066753136342179,3,3,2.5,15,1.3044648535215873,0.9375,13.0,2.42076085423071,5.0,0.8727093077317748,8.0,1.0865254624871206
31,Travel_Rarely,1154,0.8711434278004786,Sales,2,2,Life Sciences,Male,54,-0.5849233375034247,3,1,Sales Representative,Married,3067,-0.7298136858082155,6393,-1.112720072214737,0.0,-1.078137537747532,No,19,3,1,3.0,-1.0641079756295821,1,3,2.5,2,-0.8174557584840876,0.6666666666666666,2.0,-0.6152821934957711,1.0,-0.3685898527395261,2.0,-0.5950247357715714
38,Travel_Frequently,508,-0.729811794673,Research & Development,6,4,Life Sciences,Male,72,0.30049265298314237,2,2,Manufacturing Director,Married,5321,-0.25104973281461307,14284,-0.004088827736557828,2.0,-0.27749991186380857,No,11,3,1,10.0,-0.16445543525676679,1,3,2.75,8,0.1618922162877623,0.8,3.0,-0.339278280066091,7.0,1.493358887967425,7.0,0.8062670961106719
42,Travel_Rarely,557,-0.6083771106154141,Research & Development,18,4,Life Sciences,Male,35,-1.5195291052392457,3,2,Research Scientist,Divorced,5410,-0.23214556608150277,11189,-0.43891504769093176,6.0,1.3237753399036383,Yes,17,3,1,9.0,-0.29297722673859755,3,2,2.5,4,-0.4910064335601377,0.4444444444444444,3.0,-0.339278280066091,1.0,-0.3685898527395261,2.0,-0.5950247357715714
41,Travel_Rarely,642,-0.3977251076583775,Research & Development,1,3,Life Sciences,Male,76,0.4972517619801573,3,1,Research Scientist,Married,2782,-0.7903495006277259,21412,0.997346162840107,3.0,0.12281890107805317,No,22,4,1,12.0,0.09258814770689477,3,3,3.0,5,-0.32778177109816264,0.4166666666666667,3.0,-0.339278280066091,1.0,-0.3685898527395261,0.0,-1.1555414685244687
47,Non-Travel,1162,0.8909694986670232,Research & Development,1,1,Medical,Female,98,1.5794268614637395,3,3,Research Director,Married,11957,1.1584789238249367,17231,0.4099444098096587,0.0,-1.078137537747532,No,18,3,2,14.0,0.3496317306705563,3,1,1.75,13,0.9780155285976372,0.9285714285714286,8.0,1.0407412870823096,5.0,0.8727093077317748,12.0,2.207558927992915
35,Travel_Rarely,1490,1.703838404195353,Research & Development,11,4,Medical,Male,43,-1.1260108872452157,3,1,Laboratory Technician,Married,2660,-0.8162630774978322,20232,0.831564276072365,7.0,1.7240941528455003,Yes,11,3,1,5.0,-0.8070643926659207,3,3,3.25,2,-0.8174557584840876,0.4,2.0,-0.6152821934957711,2.0,-0.058265062621700905,2.0,-0.5950247357715714
22,Travel_Rarely,581,-0.5488988980157803,Research & Development,1,2,Life Sciences,Male,63,-0.14221534226014118,3,1,Research Scientist,Single,3375,-0.6643925245295865,17624,0.4651582076907795,0.0,-1.078137537747532,No,12,3,0,4.0,-0.9355861841477514,2,4,3.75,3,-0.6542310960221126,0.75,2.0,-0.6152821934957711,1.0,-0.3685898527395261,2.0,-0.5950247357715714
35,Travel_Rarely,1395,1.4684038126551353,Research & Development,9,4,Medical,Male,48,-0.8800620009989472,3,2,Research Scientist,Single,5098,-0.2984163528312827,18698,0.6160478232743005,1.0,-0.6778187248056703,No,19,3,0,10.0,-0.16445543525676679,5,3,2.5,10,0.48834154121171225,1.0,7.0,0.7647373736526294,0.0,-0.6789146428573514,8.0,1.0865254624871206
32,Travel_Rarely,267,-1.3270721795276568,Research & Development,29,4,Life Sciences,Female,49,-0.8308722237496934,2,1,Laboratory Technician,Single,2837,-0.7786671503993994,15919,0.22561743062383036,1.0,-0.6778187248056703,No,13,3,0,6.0,-0.6785426011840899,3,3,2.75,6,-0.1645571086361877,1.0,2.0,-0.6152821934957711,4.0,0.5623845176139496,1.0,-0.8752831021480201
32,Travel_Rarely,234,-1.4088547218521534,Sales,1,4,Medical,Male,68,0.10373354398612747,2,1,Sales Representative,Married,2269,-0.8993139673028449,18024,0.5213554574425564,0.0,-1.078137537747532,No,14,3,1,3.0,-1.0641079756295821,2,3,2.25,2,-0.8174557584840876,0.6666666666666666,2.0,-0.6152821934957711,2.0,-0.058265062621700905,2.0,-0.5950247357715714
39,Travel_Rarely,116,-1.7012892671336866,Research & Development,24,1,Life Sciences,Male,52,-0.6833028920019322,3,2,Research Scientist,Single,4108,-0.5086986569411613,5340,-1.2606593321862898,7.0,1.7240941528455003,No,13,3,0,18.0,0.8637188965978794,2,3,2.25,7,-0.0013324461742127045,0.3888888888888889,7.0,0.7647373736526294,1.0,-0.3685898527395261,7.0,0.8062670961106719
38,Travel_Rarely,201,-1.4906372641766499,Research & Development,10,3,Medical,Female,99,1.628616638712993,1,3,Research Director,Married,13206,1.4237744771918441,3376,-1.5365878284675145,3.0,0.12281890107805317,No,12,3,1,20.0,1.120762479561541,3,3,2.25,18,1.794138840907512,0.9,14.5,2.8347667243752306,1.0,-0.3685898527395261,11.0,1.9273005616164665
25,Travel_Rarely,1382,1.4361864474970003,Sales,8,2,Other,Female,85,0.9399597572234408,3,2,Sales Executive,Divorced,4907,-0.3389859690787441,13684,-0.08838470236422322,0.0,-1.078137537747532,Yes,22,4,1,6.0,-0.6785426011840899,3,2,2.0,5,-0.32778177109816264,0.8333333333333334,3.0,-0.339278280066091,0.0,-0.6789146428573514,4.0,-0.03450800301867408
52,Non-Travel,585,-0.5389858625825079,Sales,29,4,Life Sciences,Male,40,-1.273580218992977,3,1,Sales Representative,Divorced,3482,-0.6416650431762967,19788,0.7691853288478927,2.0,-0.27749991186380857,No,15,3,2,16.0,0.6066753136342179,3,2,2.25,9,0.32511687874973727,0.5625,8.0,1.0407412870823096,0.0,-0.6789146428573514,0.0,-1.1555414685244687
44,Travel_Rarely,1037,0.5811871413772635,Research & Development,1,3,Medical,Male,42,-1.1752006644944695,3,1,Research Scientist,Single,2436,-0.8638421038822895,13422,-0.1251939009516371,6.0,1.3237753399036383,Yes,12,3,0,6.0,-0.6785426011840899,2,3,3.0,4,-0.4910064335601377,0.6666666666666666,3.0,-0.339278280066091,1.0,-0.3685898527395261,2.0,-0.5950247357715714
21,Travel_Rarely,501,-0.7471596066812265,Sales,5,1,Medical,Male,58,-0.38816422850640986,3,1,Sales Representative,Single,2380,-0.8757368604784039,25479,1.5687316996912988,1.0,-0.6778187248056703,Yes,11,3,0,2.0,-1.192629767111413,6,3,2.75,2,-0.8174557584840876,1.0,2.0,-0.6152821934957711,1.0,-0.3685898527395261,2.0,-0.5950247357715714
36,Travel_Rarely,557,-0.6083771106154141,Sales,3,3,Medical,Female,94,1.3826677524667244,2,3,Sales Executive,Married,7644,0.24237025955634448,12695,-0.22733240237549165,0.0,-1.078137537747532,No,19,3,2,10.0,-0.16445543525676679,2,3,2.75,9,0.32511687874973727,0.9,7.0,0.7647373736526294,3.0,0.2520597274961243,4.0,-0.03450800301867408
56,Non-Travel,667,-0.3357686362004255,Research & Development,1,4,Life Sciences,Male,57,-0.4373540057556636,3,2,Healthcare Representative,Divorced,6306,-0.041829460543673265,26236,1.6750849948465367,1.0,-0.6778187248056703,No,21,4,1,13.0,0.22110993918872554,2,2,2.25,13,0.9780155285976372,1.0,12.0,2.14475694080103,1.0,-0.3685898527395261,9.0,1.3667838288635692
42,Travel_Rarely,300,-1.2452896372031603,Research & Development,2,3,Life Sciences,Male,56,-0.4865437830049173,3,5,Manager,Married,16581,2.140645968475521,17312,0.4213243528843935,5.0,0.9234565269617766,No,11,3,0,24.0,1.6348496454888641,2,2,1.75,18,1.794138840907512,0.9166666666666666,6.0,0.48873346022294933,4.0,0.5623845176139496,14.0,2.7680756607458123
36,Non-Travel,301,-1.2428113783448422,Sales,15,4,Marketing,Male,88,1.0875290889712022,1,2,Sales Executive,Divorced,5406,-0.2329951915526538,10436,-0.5447063703486519,1.0,-0.6778187248056703,No,24,4,1,15.0,0.4781535221523871,4,2,2.75,15,1.3044648535215873,1.0,12.0,2.14475694080103,7.5,1.6485212830263376,11.0,1.9273005616164665
41,Travel_Rarely,930,0.31601344353722904,Sales,3,3,Life Sciences,Male,57,-0.4373540057556636,2,2,Sales Executive,Divorced,8938,0.517224099473701,12227,-0.29308318458507066,2.0,-0.27749991186380857,No,11,3,1,14.0,0.3496317306705563,5,3,2.75,5,-0.32778177109816264,0.35714285714285715,4.0,-0.06327436663641088,0.0,-0.6789146428573514,4.0,-0.03450800301867408
32,Travel_Rarely,529,-0.6777683586483203,Research & Development,2,3,Technical Degree,Male,78,0.5956313164786647,3,1,Research Scientist,Single,2439,-0.8632048847789263,11288,-0.425006228377367,1.0,-0.6778187248056703,No,14,3,0,4.0,-0.9355861841477514,4,3,3.0,4,-0.4910064335601377,1.0,2.0,-0.6152821934957711,1.0,-0.3685898527395261,2.0,-0.5950247357715714
35,Travel_Rarely,1146,0.851317356933934,Human Resources,26,4,Life Sciences,Female,31,-1.7162882142362605,3,3,Human Resources,Single,8837,0.4957710563271375,16642,0.32719395955016717,1.0,-0.6778187248056703,Yes,16,3,0,9.0,-0.29297722673859755,2,3,3.25,9,0.32511687874973727,1.0,0.0,-1.1672900203551313,1.0,-0.3685898527395261,7.0,0.8062670961106719
36,Travel_Rarely,1120,0.786882626617664,Sales,11,4,Marketing,Female,100,1.6778064159622468,2,2,Sales Executive,Married,6652,0.031663142710890366,14369,0.007853087835694769,4.0,0.5231377140199149,No,13,3,1,8.0,-0.42149901822042835,2,2,2.25,6,-0.1645571086361877,0.75,3.0,-0.339278280066091,0.0,-0.6789146428573514,0.0,-1.1555414685244687
45,Travel_Rarely,374,-1.0618984816876225,Sales,20,3,Life Sciences,Female,50,-0.7816824465004397,3,2,Sales Executive,Single,4850,-0.35109313204264625,23333,1.2672334547730157,8.0,2.124412965787362,No,15,3,0,8.0,-0.42149901822042835,3,3,3.25,5,-0.32778177109816264,0.625,3.0,-0.339278280066091,0.0,-0.6789146428573514,1.0,-0.8752831021480201
35,Travel_Frequently,1199,0.9826650764247921,Research & Development,18,4,Life Sciences,Male,80,0.6940108709771722,3,2,Healthcare Representative,Married,5689,-0.1728841894687188,24594,1.4443952846154924,1.0,-0.6778187248056703,Yes,14,3,2,10.0,-0.16445543525676679,2,4,3.5,10,0.48834154121171225,1.0,2.0,-0.6152821934957711,0.0,-0.6789146428573514,2.0,-0.5950247357715714
35,Travel_Rarely,287,-1.2775070023612953,Research & Development,1,4,Life Sciences,Female,62,-0.19140511950939493,1,1,Research Scientist,Married,2977,-0.7489302589091135,8952,-0.7531981669277442,1.0,-0.6778187248056703,No,12,3,1,4.0,-0.9355861841477514,5,3,3.5,4,-0.4910064335601377,1.0,3.0,-0.339278280066091,1.0,-0.3685898527395261,1.0,-0.8752831021480201
29,Travel_Rarely,1378,1.4262734120637282,Research & Development,13,2,Other,Male,46,-0.9784415554974546,2,2,Laboratory Technician,Married,4025,-0.526328385467545,23679,1.3158440758083028,4.0,0.5231377140199149,Yes,13,3,1,10.0,-0.16445543525676679,2,3,2.5,4,-0.4910064335601377,0.4,3.0,-0.339278280066091,0.0,-0.6789146428573514,3.0,-0.31476636939512276
50,Travel_Rarely,410,-0.9726811627881716,Sales,28,3,Marketing,Male,39,-1.3227699962422308,2,3,Sales Executive,Divorced,10854,0.9241947001550417,16586,0.3193263445849184,4.0,0.5231377140199149,Yes,13,3,1,20.0,1.120762479561541,3,3,2.5,3,-0.6542310960221126,0.15,2.0,-0.6152821934957711,2.0,-0.058265062621700905,0.0,-1.1555414685244687
31,Non-Travel,325,-1.1833331657452082,Research & Development,5,3,Medical,Male,74,0.39887220748164987,3,2,Manufacturing Director,Single,9936,0.7292056545258816,3787,-1.4788451543475638,0.0,-1.078137537747532,No,19,3,0,10.0,-0.16445543525676679,2,3,2.0,9,0.32511687874973727,0.9,4.0,-0.06327436663641088,1.0,-0.3685898527395261,7.0,0.8062670961106719
27,Travel_Rarely,155,-1.6046371716592815,Research & Development,4,3,Life Sciences,Male,87,1.0383393117219484,4,2,Manufacturing Director,Married,6142,-0.07666410486086528,5174,-1.2839811908332772,1.0,-0.6778187248056703,Yes,20,4,1,6.0,-0.6785426011840899,0,3,2.25,6,-0.1645571086361877,1.0,2.0,-0.6152821934957711,0.0,-0.6789146428573514,3.0,-0.31476636939512276
49,Travel_Frequently,1023,0.5464915173608104,Sales,2,3,Medical,Male,63,-0.14221534226014118,2,2,Sales Executive,Married,5390,-0.2363936934372579,13243,-0.15034217021555726,2.0,-0.27749991186380857,No,14,3,0,17.0,0.7351971051160486,3,2,3.0,9,0.32511687874973727,0.5294117647058824,6.0,0.48873346022294933,0.0,-0.6789146428573514,8.0,1.0865254624871206
34,Travel_Rarely,628,-0.4324207316748306,Research & Development,8,3,Medical,Male,82,0.7923904254756797,4,2,Laboratory Technician,Married,4404,-0.44582637207598547,10228,-0.5739289402195759,2.0,-0.27749991186380857,No,12,3,0,6.0,-0.6785426011840899,3,4,2.5,4,-0.4910064335601377,0.6666666666666666,3.0,-0.339278280066091,1.0,-0.3685898527395261,2.0,-0.5950247357715714
